Date,Open,High,Low,Close,Volume
2015-01-02,0.023728571843848273,0.021475932361431388,0.019415902113221528,0.020685629390069765,0.3021400118986473
2015-01-05,0.019815790114606158,0.017978403648901353,0.01695479750586809,0.016798344261171244,0.373083095741856
2015-01-06,0.017606946944916185,0.01644900323911755,0.015965256473967793,0.016810952802419205,0.3827607902917025
2015-01-07,0.0184399772469363,0.017414257338913053,0.01859127568768354,0.01869147644319452,0.21827839665647047
2015-01-08,0.02100220340456979,0.022365932766270857,0.021128478642946397,0.023916562640757283,0.34157744948636865
2015-01-09,0.025344184789080515,0.02374494748397027,0.0230441494720596,0.02406808289983034,0.30530850292320344
2015-01-12,0.02525583312044896,0.022967717271169946,0.021255411499914417,0.020584673954447075,0.27938757018705396
2015-01-13,0.02377904848912113,0.02318080774811887,0.021394932665069033,0.021808889269830878,0.39105046937554827
2015-01-14,0.020762432348867765,0.02028501212351691,0.020874807625486852,0.021278818791787307,0.2749431036902933
2015-01-15,0.021974124995757766,0.019745960617810476,0.018540559022527325,0.017517738845622077,0.3457357338275471
2015-01-16,0.018225410325053343,0.016637038435087986,0.016688359606309405,0.016470173766168217,0.46417353138376277
2015-01-20,0.019247771252320328,0.018379524206761144,0.01833755209785093,0.01991571353498811,0.2809823794701757
2015-01-21,0.02064877304523635,0.020999501692013395,0.02058296509314711,0.020963235061622454,0.27250575365382423
2015-01-22,0.022302256913846435,0.022767084555183337,0.022422471001008998,0.024560240648491022,0.30592888437456633
2015-01-23,0.024877165351966407,0.02437172782082886,0.024718701802132093,0.025292309103419036,0.2589898890307884
2015-01-26,0.02669468447760076,0.025136396252980087,0.026329821188749408,0.025443731368648193,0.3175720805298659
2015-01-27,0.025028601949132617,0.02277964913446265,0.021547150933545783,0.02044580578944144,0.5733670691089892
2015-01-28,0.031604608203742196,0.029849924641965897,0.02951404754186468,0.02823299547669128,0.8992971731189165
2015-01-29,0.029951129693575912,0.03119125236343695,0.029831184517921522,0.032763936836913754,0.5020949077982877
2015-01-30,0.03257648627832421,0.032206664532016094,0.03146770061155435,0.030567883906997995,0.49767156884321423
2015-02-02,0.03213473382849849,0.031166191253622216,0.030490884282537933,0.0324231795770725,0.3631826016614891
2015-02-03,0.032702694796780035,0.031065882073642165,0.03243184055048237,0.03244840754777331,0.29388810629842427
2015-02-04,0.0327027166411655,0.03284601332767073,0.033319887288313504,0.03359693895105473,0.4106273775486898
2015-02-05,0.03521908717384542,0.03308982700221305,0.035109424558943,0.03467395662470177,0.23198120801201194
2015-02-06,0.035219089515603375,0.033114995916076556,0.03409052762801215,0.03339420057623865,0.2413311055514376
2015-02-09,0.03335634705498225,0.032598976960762166,0.034065046752308425,0.034395185915227194,0.2104925774304396
2015-02-10,0.035409190254564044,0.03550624841170774,0.036268448690133875,0.03730951194449142,0.3585050919776323
2015-02-11,0.038703808607789825,0.038992382923618646,0.03924869480136714,0.040933356956382644,0.43247261542480203
2015-02-12,0.04287277984774249,0.0422142382143737,0.04315869074792056,0.0429353385225647,0.43831598127267507
2015-02-13,0.04441871494823446,0.04196251239274176,0.04326057063714897,0.043720922504464826,0.3089750917487506
2015-02-17,0.044684849881733296,0.04397621535502927,0.04487809330463338,0.04467126680256889,0.365828666200687
2015-02-18,0.04486221783032057,0.04385031865302788,0.045553074956962064,0.04579893640530533,0.2489184539313153
2015-02-19,0.04593933081219495,0.044164975419570485,0.0466738877662608,0.045456839896264145,0.20071372677190852
2015-02-20,0.04611670975942256,0.04475646706743033,0.04631725204936593,0.04678725876202158,0.27489060495034306
2015-02-23,0.047890770066808225,0.04916137100886067,0.04836779240954567,0.051222068161382,0.41590542159929406
2015-02-24,0.05159090158841337,0.04991650470546735,0.050290952078751006,0.05017038734048451,0.40472703136111465
2015-02-25,0.04984223311141775,0.047399454091322235,0.046444646506638626,0.04588766438685077,0.4398346033600154
2015-02-26,0.04633216657369166,0.04648070191129247,0.044483277588930614,0.04795301530541893,0.5459576050266903
2015-02-27,0.04786543403117666,0.04610313995604623,0.046559268244749236,0.04546952465494625,0.35854542637539893
2015-03-02,0.046915086964775615,0.04573818189375167,0.04663571160195787,0.046267804283733366,0.2694377785094167
2015-03-03,0.04654755129272578,0.044781632857468334,0.046368177858936654,0.04660985723995506,0.20361972409671358
2015-03-04,0.04672499859366397,0.044832010377750864,0.04666116867100084,0.045570882954149405,0.16424566913405408
2015-03-05,0.046066061943113246,0.04381259214344102,0.043400693246523875,0.04287200183479317,0.3233475821529253
2015-03-06,0.04583793808898126,0.04459285762206508,0.044037479698691956,0.04311271826822141,0.4278648906513669
2015-03-09,0.045280411254682185,0.04484460186989209,0.042509151336158374,0.04379696572732819,0.5282936997190517
2015-03-10,0.04331633534501336,0.041887053785907374,0.0409044272856561,0.04046456529538872,0.40234858234995563
2015-03-11,0.04121278084515914,0.03880357413847585,0.03875195851776567,0.03758822821294158,0.4028761306636017
2015-03-12,0.038120923978477494,0.03896722830102364,0.03814065432475833,0.040388522072525385,0.27114078641511874
2015-03-13,0.0407692701890196,0.03959645702318759,0.03935055743591934,0.03929878697558159,0.29332214427261954
2015-03-16,0.040110355563198585,0.03903012655087307,0.03971992643310979,0.041022041385108565,0.19118648592801685
2015-03-17,0.042670025923158106,0.042012855109076847,0.043260570590370806,0.0436702379107608,0.28817342638628285
2015-03-18,0.044063916579630685,0.04432858157562969,0.04417758516533979,0.045482176749013725,0.3793919077353852
2015-03-19,0.04628147475479055,0.0444418588477303,0.045489424518779215,0.04425311618245947,0.2547944714345233
2015-03-20,0.04564789501429212,0.04337209633636893,0.042636524662632846,0.042225786875322996,0.4013146132643508
2015-03-23,0.04421601578616502,0.042679922679826315,0.044368655777062865,0.04388568282066874,0.20293724047736078
2015-03-24,0.044355352463362696,0.04291898622904897,0.044419549067092085,0.043226750437901834,0.17177475671715775
2015-03-25,0.04348101052236264,0.041383582549532366,0.040369447499984945,0.03903270102478912,0.2922203109622011
2015-03-26,0.03869115644480789,0.038942052844804675,0.03937606739559227,0.04012243612173291,0.2660842614379629
2015-03-27,0.04098472095595054,0.038715507344173894,0.039770888218341516,0.03886801692601935,0.2146950375406005
2015-03-30,0.040325778840108406,0.04085501312584519,0.04115910987136309,0.04282130635288428,0.263054700005714
2015-03-31,0.04291080990080254,0.04096829281994033,0.04161762913671421,0.04036317433157091,0.2309850124100299
2015-04-01,0.041301488501841566,0.039244077141296296,0.04001284486673079,0.0401350773275955,0.2215787747594381
2015-04-02,0.041567589965459284,0.039797825601485176,0.041401091996280115,0.041490854822512246,0.16779125476630136
2015-04-06,0.040858016091002924,0.04225202299185005,0.04157943542079234,0.044063073454530366,0.19963558191732123
2015-04-07,0.04487496528695012,0.04301975032567751,0.043680935632529644,0.042365210338777354,0.18566771594788478
2015-04-08,0.04260669956204516,0.040855036201812106,0.042394545100481906,0.04184566875485016,0.20050117089796377
2015-04-09,0.04260667511416638,0.04108154946385631,0.04199970187274088,0.04306204456272231,0.16948081787274788
2015-04-10,0.042733378009817746,0.041874414374085095,0.04276385939991123,0.04374625935721438,0.21880402428450857
2015-04-13,0.04579993497105242,0.04358605109625202,0.04448325472640588,0.0434294997009228,0.1943287275825979
2015-04-14,0.04406393337529574,0.04197512442059945,0.043591738274040115,0.042732621924158304,0.12492475313988081
2015-04-15,0.043316306556670764,0.04177375137722106,0.04371909628899273,0.043340815272196825,0.1469857480326177
2015-04-16,0.04315152638160347,0.04173595464843968,0.04384641404493467,0.04256785071974953,0.1431354136172448
2015-04-17,0.042226546401242765,0.04052780464499289,0.041744988202357475,0.04076864019299822,0.2941525206837833
2015-04-20,0.04225189912278518,0.04301972322349884,0.042649270352079716,0.04437984399902686,0.2627640362503799
2015-04-21,0.04545779208855541,0.04312035693358962,0.04455964759658251,0.043505510259171515,0.16916774611865454
2015-04-22,0.044051251597160446,0.04396360360953386,0.04411390973028664,0.04567224125335259,0.2025838343255008
2015-04-23,0.04571121445193349,0.04591431018598549,0.046431861578095146,0.04700264923090511,0.2545473432196357
2015-04-24,0.048486369340085794,0.046178664953811344,0.04782015448664237,0.047775624671557326,0.24657649794670705
2015-04-27,0.05079259905610958,0.049325009015681986,0.050265493999248345,0.05077860246493282,0.5822374354749672
2015-04-28,0.05351707455762747,0.05109958746325163,0.04825324230926897,0.048130449492100075,0.7228943643723064
2015-04-29,0.04806817296336788,0.04738682462333707,0.04663566972157554,0.04569757810610217,0.367324880289268
2015-04-30,0.046142080888014414,0.043674143900089335,0.04189781428088643,0.041275464353628694,0.4941496716667982
2015-05-01,0.042923461128108714,0.04554936532290066,0.042814811238690104,0.04609037009705222,0.33612334258837034
2015-05-04,0.04723186943629892,0.04610315968736059,0.04658474625098172,0.045773632217170374,0.2879506268557624
2015-05-05,0.04552115984546465,0.04343501667772473,0.043426151955010844,0.04209906994696053,0.27695854312155266
2015-05-06,0.043506379428175035,0.04129551474842527,0.04034400858025619,0.0410980846079719,0.4233762483856237
2015-05-07,0.041898513542822424,0.041115051879884734,0.041844331365113896,0.042077772618220405,0.24283116101123453
2015-05-08,0.04432895524874478,0.0430613365173064,0.044517354635797535,0.0450806197531374,0.31715849289562403
2015-05-11,0.04523241492367633,0.042985515131656354,0.04390347250827209,0.04342653810919614,0.23063416717231383
2015-05-12,0.042954695297423656,0.04212612042872982,0.04286752285420681,0.04285396007931144,0.2698430431726909
2015-05-13,0.04365457383728227,0.04251792497207557,0.044210433722593256,0.04303211288751449,0.1836311489749381
2015-05-14,0.04525785749952049,0.0447421807404936,0.04586024567450739,0.046772875443378575,0.25091468650649534
2015-05-15,0.047370133673097115,0.04542462740222214,0.047203120953672406,0.04654384205378373,0.2061274992721402
2015-05-18,0.046492157810318596,0.04697911866399565,0.04739497982565652,0.04835064165933456,0.2872758259788414
2015-05-19,0.04943154598090424,0.047181335578021594,0.049032025231476734,0.048197967250544455,0.24726346316581166
2015-05-20,0.048553508616295954,0.04730766808856543,0.048648303887535965,0.04818519538622337,0.19490365280790634
2015-05-21,0.04864265727235351,0.048129215255141855,0.04927505828931092,0.04987752729389866,0.21587433850387233
2015-05-22,0.05058949650489791,0.049822673488946756,0.051282957080139996,0.05134072781813526,0.2534275835102098
2015-05-26,0.0518619379126381,0.04974682842285072,0.04836695696234419,0.04762536744425,0.41413518969731433
2015-05-27,0.04898614110467106,0.04892532729068805,0.04955635943452419,0.050704497342537624,0.2549462055975501
2015-05-28,0.05092030457144767,0.04853356970185965,0.05089926589329774,0.050373702790159125,0.15827233689337744
2015-05-29,0.05011864205908548,0.047901665547740085,0.04936451782728121,0.04846513113361978,0.28728606963541703
2015-06-01,0.048909845233797045,0.047825878632491964,0.04955640830742841,0.04879598012702266,0.16710428954719675
2015-06-02,0.04837540572150614,0.04690330389921746,0.04862278013058216,0.04805801026505113,0.17705856282458587
2015-06-03,0.04939332457828388,0.04725711147124265,0.049364493360342016,0.04826152170241352,0.15987418869039494
2015-06-04,0.0480191040488675,0.046802183843460354,0.04809839639096544,0.047294562003666635,0.20767749255774343
2015-06-05,0.047917307045611424,0.04567740711604973,0.047394978157489165,0.04639116764499365,0.18960192030147083
2015-06-08,0.047153816995259945,0.045070784483446286,0.045438197446915934,0.04530965314273225,0.2987480811150348
2015-06-09,0.04435435908592422,0.04364264087914249,0.04389063618913297,0.04482609707592469,0.3205196927095096
2015-06-10,0.045906807630547025,0.04523506265704408,0.04674270877526576,0.04668382081568684,0.2117570287889965
2015-06-11,0.04751007951825012,0.046296625053978246,0.047548414172458725,0.04631479777598399,0.18809162118509826
2015-06-12,0.04625035071248276,0.04395860735252877,0.04579626959133573,0.04450801994684289,0.1976649584835803
2015-06-15,0.04359093999043254,0.04258110217704619,0.04400579185512696,0.04418996459417093,0.24313847070850408
2015-06-16,0.04477428957381663,0.04335197922999967,0.04484985625636856,0.04505514135372443,0.16314319559509965
2015-06-17,0.0456523343256702,0.043389934625211235,0.045323100582926185,0.04467347710815897,0.17226004994742922
2015-06-18,0.045028818169746965,0.04393335532503001,0.04593698307636354,0.04541143608192563,0.18819597843646269
2015-06-19,0.04563957819111225,0.043314081230687584,0.04488823724942337,0.043782778396372984,0.3118221880482457
2015-06-22,0.04535966599773689,0.04361742071326771,0.04575794717877446,0.04506791321804554,0.17943829229281683
2015-06-23,0.04534692713166075,0.04304869455177132,0.04550213221112154,0.04432991069145936,0.1552991155722947
2015-06-24,0.045003343928032596,0.0458164006299111,0.045809071448234595,0.04570406747620906,0.31543307699116274
2015-06-25,0.04710293651569544,0.04505814357147461,0.0462950937738236,0.0449279453443473,0.16598581029484283
2015-06-26,0.04558866839362427,0.04352891433429759,0.045028911200384325,0.04397362685146303,0.24363720873803113
2015-06-29,0.04277658033114931,0.04160799742217047,0.042432717019890875,0.04114899785397838,0.27625429173197663
2015-06-30,0.04291652248815864,0.04116564082329785,0.042918681079267884,0.04229411036092831,0.24558286325886886
2015-07-01,0.044608887452191714,0.04220194305832231,0.04436386753756927,0.043782778396372984,0.15510640678296522
2015-07-02,0.04401086021060657,0.04188602481332554,0.04408253060538289,0.043579234294395974,0.13572156717061723
2015-07-06,0.04211488363062765,0.04130466781157252,0.042905897464855125,0.04301937368780798,0.1411596683552161
2015-07-07,0.043323705275309154,0.041203548679375035,0.04152462780452157,0.04262492668971654,0.2620757905742034
2015-07-08,0.04152956509158051,0.03929523741288293,0.03995156345863163,0.03865513074425758,0.35052208236252014
2015-07-09,0.040727895328288716,0.038562219949228094,0.0357054729869338,0.03547417435395708,0.4646965980976569
2015-07-10,0.03829750749562347,0.038296832670228015,0.03825056831224366,0.03955851421472567,0.3543179973523349
2015-07-13,0.04222941577891004,0.04071069669434779,0.04222807646918034,0.04258678530803123,0.22682288669763556
2015-07-14,0.043514564223809615,0.04148157346431705,0.043148873788590586,0.042523121974113426,0.1648974217836799
2015-07-15,0.04310741510751248,0.0424673721436028,0.04383954037104268,0.044062735920179175,0.17694076077396587
2015-07-16,0.045677761949907275,0.04426195032619035,0.04610323697416041,0.04621302572499547,0.193415121461757
2015-07-17,0.04738286749526688,0.045588924092128474,0.047331019334045765,0.04762536744425,0.2570685631943178
2015-07-20,0.04978780463633295,0.04982263847486776,0.05038766860740851,0.05074269316524732,0.33860486839382187
2015-07-21,0.052180025765621,0.04975943207049752,0.04990167244208951,0.049063133121893115,0.45292535623516167
2015-07-22,0.03836113027070573,0.040382106189398026,0.03924814496407861,0.04202693558964812,0.7006566664036394
2015-07-23,0.04371820668898904,0.0423915530904726,0.04317450173655843,0.04195060927345795,0.288022332451792
2015-07-24,0.042598421190524455,0.040685405696299665,0.04169091465473393,0.04111081291947352,0.23144405627032627
2015-07-27,0.0397607980883419,0.03799349136894603,0.03941437519983143,0.03890956631583126,0.24612577705737837
2015-07-28,0.040129838691793235,0.03837265994957134,0.03996434494504089,0.0396857428887174,0.17674164969927664
2015-07-29,0.03983713085897225,0.037854451460711536,0.03960618677649139,0.03918946939861309,0.19846844529623292
2015-07-30,0.03878100282542951,0.0366791368755586,0.03889000132466422,0.03840061895524974,0.17680695300994642
2015-07-31,0.039137294525340316,0.036767606313423185,0.03786685996673059,0.037039179593796795,0.2360709878998407
2015-08-03,0.03773760977738708,0.03667916189178716,0.033531267965448336,0.033400199977126066,0.4095153005816956
2015-08-04,0.032545964332790195,0.030524465315367177,0.02807020224492232,0.028565161942884304,0.7562797216094257
2015-08-05,0.026858063469303445,0.030195889453478286,0.026599424555046353,0.029532176082655598,0.5973365852674771
2015-08-06,0.031368857967928016,0.029674355135536012,0.029843532584052257,0.029851701342986037,0.3002090826341371
2015-08-07,0.02959209883541833,0.029356943273314423,0.030331693558158873,0.030350141585860968,0.20908791602250337
2015-08-10,0.03208461484876002,0.034104925249466456,0.032939678495780694,0.03571830968371681,0.3133248044221865
2015-08-11,0.03372074786998941,0.031807113026911554,0.028828564268101903,0.027755525916410118,0.5830607693722352
2015-08-12,0.026971755303671102,0.028303255235006097,0.024075077968351455,0.029992278956157387,0.6095322986493259
2015-08-13,0.031458330363230036,0.029547402567392828,0.03038311342961239,0.029877266848038014,0.272249022010897
2015-08-14,0.029259740513096072,0.029433092956686113,0.02970216143318108,0.03091250647957075,0.23635588959835102
2015-08-17,0.03145834427292618,0.031134314047535167,0.03161646532731879,0.03244633878884659,0.22326449649466873
2015-08-18,0.03195679603072005,0.03086766245193548,0.03227162562224964,0.03160270978674537,0.18277644387940717
2015-08-19,0.03153505514609578,0.0296997730334099,0.030563008975462547,0.029698362753698443,0.27065293227070336
2015-08-20,0.028953020134630386,0.02694488939661485,0.026644551929740273,0.026681927139094563,0.400075771047233
2015-08-21,0.02428751441463431,0.023834578668348955,0.018961886408498052,0.017875568810711007,0.782765335914308
2015-08-24,0.004398375312067354,0.019899056396300074,0.001425326780640182,0.014501270566403573,1.0
2015-08-25,0.025156680283539623,0.02283163329928442,0.016199694964831618,0.015293703229171535,0.6247959871755823
2015-08-26,0.020018248324245203,0.021282843380533045,0.01819105008692462,0.02289864614318443,0.5810875850243503
2015-08-27,0.026588332171986917,0.025535743425968926,0.024576158015335248,0.02702703968088674,0.5032453984774405
2015-08-28,0.026511625476791534,0.02562460252154225,0.026528944045054875,0.02749994708332429,0.30188264002718407
2015-08-31,0.026332644178567288,0.02717338463463806,0.027119886735215315,0.026822504752265885,0.32150500442638
2015-09-01,0.02392958057236208,0.023809149200874763,0.02115873800750681,0.02038068343607008,0.45349836077486216
2015-09-02,0.024031866036737903,0.02439315193947106,0.02343272764546364,0.026285694475403243,0.3577387384200664
2015-09-03,0.026920641760670855,0.02495174530766986,0.024601837418103983,0.02376777532110841,0.30232759885968896
2015-09-04,0.022421292955626393,0.021993752294558466,0.022636190993453015,0.022361803201707137,0.28159955977885864
2015-09-08,0.025974774266210587,0.0246724634349427,0.024961573297979683,0.026247367994234994,0.31263335760333005
2015-09-09,0.028543992345847063,0.026525948800145333,0.024254959083727434,0.023486587430151085,0.5057723805089465
2015-09-10,0.0240830026167059,0.02558651856681901,0.02442199024413022,0.0265796868952963,0.3641666329212876
2015-09-11,0.026025914320582433,0.026767180425591897,0.02681159543623307,0.02867584054546249,0.28108225512178825
2015-09-14,0.03214855457006194,0.03016944720723644,0.030794209724647137,0.030081747335634484,0.33516812161269083
2015-09-15,0.03131768919614272,0.02971240044647988,0.03022890676302825,0.03132152189578802,0.23899171048097329
2015-09-16,0.03172675307683612,0.029725131707922653,0.0315393682430454,0.031487719455035756,0.1995043350674457
2015-09-17,0.030972596081352416,0.029661640876505635,0.029329623129006666,0.02830514072220852,0.3719761406031497
2015-09-18,0.026562771629015436,0.026881448738386493,0.026952922931883422,0.027704460235535355,0.4371046688826043
2015-09-21,0.02842894262903911,0.028239801129538056,0.029252556591951917,0.029953952474989137,0.28304455558456143
2015-09-22,0.028058254144887385,0.026729068526614552,0.02778795422359484,0.02764052469649564,0.28383971942624636
2015-09-23,0.028377797663320964,0.027414597523851253,0.028790038650524485,0.02881639638222408,0.1904335771697065
2015-09-24,0.027892094378165005,0.028404837415826834,0.02759525831323248,0.029685547336557816,0.283028549871162
2015-09-25,0.031969650674225775,0.02991559359939483,0.029715078554322066,0.029314912842533153,0.3210094675395329
2015-09-28,0.028659027389243003,0.027224187381058335,0.02768519098577507,0.026413522000663187,0.2951256680584701
2015-09-29,0.027355207921532704,0.025878463535756763,0.021801096473136133,0.022093376286866057,0.43121520658014084
2015-09-30,0.02395515838171175,0.023377535593021054,0.022918836497460376,0.023678296053426445,0.3870880949663792
2015-10-01,0.02254913842428155,0.020940085070674103,0.021094536309342382,0.022758057641808188,0.37080132123962967
2015-10-02,0.02119421280668965,0.022704700245239712,0.0214028642584623,0.023780547185429518,0.33296829636306974
2015-10-05,0.02358446875060452,0.02316171557210575,0.02335563511989794,0.024291791957240183,0.2948420468170318
2015-10-06,0.024543144284741664,0.023631440575035467,0.024254950455805974,0.024969212511888828,0.2700786472739309
2015-10-07,0.025961961139249423,0.023669514968005206,0.02379244779489592,0.024291791957240183,0.26091569646701085
2015-10-08,0.023980763191309512,0.021663723049563127,0.022250806808137652,0.022655817398009953,0.3583200659307346
2015-10-09,0.0237378542859166,0.02431696719589052,0.02389521406651518,0.026004495696241026,0.2993326097683829
2015-10-12,0.027227467345077083,0.0249137064372906,0.026400504130705715,0.02533992322334766,0.15656868875913948
2015-10-13,0.024785995506108688,0.024532783084426246,0.025424043860138662,0.025582708415702593,0.17310002978663264
2015-10-14,0.025386795312042604,0.02335216521540756,0.02398517871936856,0.023563283945307073,0.2461699528263609
2015-10-15,0.02492658903023809,0.024088442147304157,0.025179930771750403,0.025672165906974825,0.20270547774733672
2015-10-16,0.02601308081158274,0.023961498038266388,0.025231326787178904,0.024624099970096625,0.21268728085177285
2015-10-19,0.024760478026612326,0.02364416721094237,0.024691791822294473,0.025506066341570988,0.15203587072441377
2015-10-20,0.02545068427282776,0.026716373624366768,0.025603923026353614,0.02811343209893319,0.2750148092863228
2015-10-21,0.028850760412257453,0.028506401135058118,0.029303939478821622,0.02810066023461208,0.22909377731475028
2015-10-22,0.029272547333165228,0.02840480878016513,0.02981780418357119,0.030324586969013856,0.22819041485048502
2015-10-23,0.032301929032341054,0.03314011804954756,0.03268275580972585,0.03490032240410171,0.3415928149712321
2015-10-26,0.0340658806232694,0.031743640797479517,0.030871284550345185,0.030043399078056504,0.38619689684429753
2015-10-27,0.030640271598169344,0.02972513647541744,0.029676511093233215,0.029110388802117165,0.4089288512427396
2015-10-28,0.03259595651434824,0.033229016647866594,0.03233590596753244,0.03514319470209565,0.5092334559744447
2015-10-29,0.0348583908694422,0.03499363244295289,0.03517514107529479,0.036753636420888525,0.28948077305675035
2015-10-30,0.037785538481715536,0.03566649478174028,0.03669114013642333,0.03543717623378387,0.2775597177168362
2015-11-02,0.03754267532377786,0.03584421886367531,0.036896693730343294,0.03758443911764425,0.16768369637225705
2015-11-03,0.037529898160555686,0.038548296718996344,0.03829705075295664,0.03936105661927511,0.2529346075375066
2015-11-04,0.04052091792300447,0.03896722606202413,0.039478994477806784,0.038632505054522454,0.24888260113330052
2015-11-05,0.03955149004186109,0.03819939340143119,0.038289886625413244,0.03791367665672529,0.21473665239543904
2015-11-06,0.03860158733984023,0.037077456508599616,0.038857617220893814,0.03809340825463556,0.17305521378911415
2015-11-09,0.038409006800140144,0.037077431887026835,0.03812216320011788,0.03746441843528134,0.17836334858090946
2015-11-10,0.03319720046725763,0.032309096996951225,0.032974131611724994,0.03258668774971554,0.3400626687702442
2015-11-11,0.0325168751581712,0.03148040655885018,0.03187747035654773,0.03173954185743891,0.2510075196442122
2015-11-12,0.032375645653607205,0.0307154146697034,0.03244515122483732,0.03123891308538365,0.16974715294371479
2015-11-13,0.031014879819843633,0.02912167988508929,0.028084131955234987,0.026900268311499886,0.2548130380620666
2015-11-16,0.02611114781186108,0.02742596389154653,0.02644552042141765,0.029262083272468264,0.20547894776519426
2015-11-17,0.030655471095204168,0.028458732714437995,0.02943889777985384,0.028633169670548186,0.13832025479815274
2015-11-18,0.03173381108473927,0.0315696421916023,0.032251626996224525,0.03325418914972092,0.2603337287278067
2015-11-19,0.03414713390032478,0.03445102042495879,0.03387730028496724,0.03516674588924534,0.2387010467256392
2015-11-20,0.036149700410804786,0.03466776885031503,0.03657387997910144,0.035834236401045855,0.18102477860497085
2015-11-23,0.03623956408086154,0.034425540099551205,0.03462563907512356,0.033844645612014224,0.1694712144447082
2015-11-24,0.03374917296658636,0.0339410181388721,0.03434176360429045,0.035295085160134576,0.23554728095741057
2015-11-25,0.03616258970825073,0.03378810776989288,0.03537401727427095,0.03420409791962989,0.0984429802062144
2015-11-27,0.03498159317907246,0.03274264598026605,0.034961143635999586,0.03392170143793119,0.045035755963448706
2015-11-30,0.03459640902378194,0.03401752591513765,0.03515460732318035,0.034550604151646375,0.21235244132745623
2015-12-01,0.035572028682067325,0.03325255739670077,0.03400631613681407,0.033318342452858196,0.1846439905188556
2015-12-02,0.03376202664926342,0.03236010427727398,0.032999949660976025,0.03195773059497595,0.1752595206384871
2015-12-03,0.032747897723467145,0.030677147736295873,0.030600105723589455,0.030571411685378275,0.22764878150904744
2015-12-04,0.031130463728965635,0.033813550438196366,0.03174842884801554,0.03548765395159523,0.3314138214777147
2015-12-07,0.03586730792761411,0.03459128655699195,0.03523205377457628,0.034524962429160255,0.166921184185907
2015-12-08,0.03399308540597745,0.032984821738882036,0.03400631923254793,0.034460765573203433,0.18116818979702992
2015-12-09,0.03414714703909452,0.031824635291428066,0.031709730599146974,0.031110562926289553,0.25832789272458695
2015-12-10,0.03209322040521964,0.030868401153963138,0.0322645088883351,0.031816521465921704,0.14853702177529293
2015-12-11,0.031002084943661717,0.02889222300173455,0.02883250052612507,0.02797853812870782,0.2616878120814006
2015-12-14,0.027138161351305146,0.02543709841819597,0.02488440201317199,0.027080010797615017,0.37329565161580075
2015-12-15,0.026830058648526584,0.025590076940469858,0.025606907184641287,0.02452560526877623,0.3028986827137815
2015-12-16,0.025713274163453786,0.024557390918585026,0.023607091912504957,0.025616701391329683,0.32156390545169
2015-12-17,0.026932778596197138,0.024888881387217454,0.023839333455082184,0.022587395918560765,0.24815722220203723
2015-12-18,0.022940462164407344,0.021408217058914603,0.019749264834067692,0.018800706914524012,0.5790305307382524
2015-12-21,0.020848080687780407,0.018667121792507818,0.019439656031438712,0.02046944408223017,0.266197581888831
2015-12-22,0.02100211423087886,0.019113340022496372,0.02057503966087318,0.020341072146726313,0.1714360758216253
2015-12-23,0.020835232855124425,0.02055403727437824,0.02154271519681486,0.022112452421811146,0.17059097415413405
2015-12-24,0.0230560286588552,0.02074528505264925,0.022510388833569372,0.02136796052511805,0.04839055349197449
2015-12-28,0.02124602269521228,0.0190751064502665,0.02022669598865587,0.01981480165218491,0.1324768889502797
2015-12-29,0.020437308963007772,0.021293529812236645,0.02110406037904408,0.02227933593796616,0.15953934916607831
2015-12-30,0.022516875903503653,0.02036279141914643,0.021516913879554622,0.02045659600047489,0.12293492285006057
2015-12-31,0.020501452328628433,0.018233597638778798,0.01847195031299198,0.01781234100498827,0.22344119957059871
2016-01-04,0.014853207188899625,0.016117186550641482,0.014833513722772973,0.017927864858736875,0.39461974346362677
2016-01-05,0.01888404402440938,0.016729200822105245,0.015362553562406595,0.014539183295786434,0.3186988827531876
2016-01-06,0.012221671370111847,0.012292369231013844,0.012085370924906663,0.011959125156256634,0.39979279003433066
2016-01-07,0.00980831602649937,0.00943645293334383,0.007646968799092407,0.006503775201947892,0.4806984701258961
2016-01-08,0.009641428102733357,0.008135994744139119,0.008072734981414365,0.007158406743788259,0.41477797914743647
2016-01-11,0.010180610880167251,0.00807227728161003,0.008821093197575292,0.009173704584535286,0.27995481266993066
2016-01-12,0.012208843483788201,0.010150451107968167,0.010756430163926967,0.011009259939167154,0.2762081952773862
2016-01-13,0.011913586335565024,0.010787923749828204,0.008769484864593752,0.007710384290045058,0.36126511719623433
2016-01-14,0.008884092908488322,0.009882731848643883,0.00675674525903959,0.010444488752179487,0.36594198665155514
2016-01-15,0.0066247745141389675,0.006351092278794004,0.006266446512035562,0.007376649922349682,0.4726283894298909
2016-01-19,0.009461738361577599,0.007549544348564474,0.006447071556111891,0.006773356266505978,0.3013915847400888
2016-01-20,0.0052126831282900965,0.006963041756221089,0.0037633709549893535,0.006940196229841461,0.4246144503742056
2016-01-21,0.0077287603874934,0.006567840993855822,0.00572456224401495,0.006311271739716504,0.2954617880398587
2016-01-22,0.00974412480882439,0.011132138770195227,0.0101500105622713,0.012883305098040476,0.3827825580619258
2016-01-25,0.013454009478277962,0.011221398453830717,0.011233810167117608,0.010341780315571536,0.2931121493128187
2016-01-26,0.011412911721150637,0.010392646689668023,0.009762921104221223,0.011047727966998794,0.44217335820194376
2016-01-27,0.006419388461093661,0.0049741412278434954,0.0036601808136249026,0.0026144648669421955,0.8153798579941096
2016-01-28,0.0035310474503879585,0.002283959279402739,0.002434436897766387,0.0034744479527692024,0.31798054633582
2016-01-29,0.004814743427464671,0.005879326744200164,0.004963284667868995,0.007646176545883371,0.37392179512398743
2016-02-01,0.006971349711686434,0.005076112751105949,0.006318029582241411,0.006478100814847135,0.2236409508738239
2016-02-02,0.005623497747236722,0.00422192650375347,0.0048730004065269394,0.003975098501234259,0.20068043488803766
2016-02-03,0.005084345647596106,0.005241879052643339,0.004614955418220851,0.006375435931058673,0.2557855452082175
2016-02-04,0.006856022492549602,0.006539935788889895,0.006713517486959031,0.007369147949189192,0.2590340647997709
2016-02-05,0.007707876518319223,0.0060143889138843665,0.004767698807082027,0.00403949134487884,0.2586909023044866
2016-02-08,0.003332514540415568,0.00445047454731877,0.0039244677764875835,0.005317135081595772,0.30736939858051726
2016-02-09,0.004829727088371025,0.004758175151097735,0.005079044603947883,0.0052913627006511005,0.24532997298715747
2016-02-10,0.006933501418880383,0.005283741178625942,0.005299575264918158,0.004362152408213929,0.2326047906060547
2016-02-11,0.004184344879068602,0.0031942384539003638,0.003340700290510118,0.003626469069266669,0.28210149895106557
2016-02-12,0.004700592149052343,0.0029122075897051597,0.0038855258888675914,0.004000718447310619,0.219850157712297
2016-02-16,0.005771904150741913,0.005924674041169906,0.0059611623713242134,0.007420812481332167,0.2755916551972392
2016-02-17,0.007901492528910481,0.0076680183535932644,0.007958895600180052,0.009330864933734834,0.2487359887985615
2016-02-18,0.010702207580311818,0.008539678819678237,0.007881043401394602,0.006930385957246987,0.21133255726964295
2016-02-19,0.007036705208433677,0.005809261503593455,0.007504818975180641,0.006646421574045935,0.18798470301958986
2016-02-22,0.007436846160147836,0.005988762561636815,0.007660520145896674,0.007730538357272998,0.18098444420720422
2016-02-23,0.007552987866727201,0.005475989840808049,0.005883300625170909,0.0049041672470079845,0.16601462057896188
2016-02-24,0.004429638752270898,0.005322204507130501,0.004287746872162157,0.006723912928157966,0.1936283175642377
2016-02-25,0.0071012707555662274,0.0058092902163862925,0.006791367997485559,0.007575664531097717,0.13810129663884818
2016-02-26,0.008585524520961174,0.007424444231294486,0.008516688893657087,0.007769256813816822,0.14711827533956523
2016-02-29,0.008146690387585642,0.0076936305726733045,0.008607479517361849,0.007485314207025556,0.1869737821612803
2016-03-01,0.009166304293532879,0.010949564895959052,0.009606333743437001,0.012441102433356999,0.2842296186046571
2016-03-02,0.012857581117797473,0.011103386075059896,0.012486175873237582,0.012725023263738533,0.1738702247154144
2016-03-03,0.012947958235872331,0.012154550773276873,0.013536959303403595,0.013692984677334125,0.19810991731608513
2016-03-04,0.015258229991712807,0.014769559346613337,0.01473040905187803,0.01564174469807575,0.2563668727188857
2016-03-07,0.015284000784974577,0.01359020300112529,0.014198502837717564,0.014170454237615288,0.19089582217268275
2016-03-08,0.013206075142230572,0.012218637307148256,0.01347209291939827,0.013086402783617473,0.16357727054249283
2016-03-09,0.013890110310220305,0.011987888059986046,0.013303434679850651,0.013202547265044079,0.13566202591677123
2016-03-10,0.01401919569841012,0.012833929016663526,0.013147785179484311,0.013267081655352064,0.17607261087917941
2016-03-11,0.01509045009143098,0.012885220258947727,0.014899057197507892,0.014673826837299647,0.13698409784356624
2016-03-14,0.014664529257455844,0.013692793920058538,0.015262268660657247,0.015009357758799774,0.12205332815601856
2016-03-15,0.017310369755953847,0.016602631847179278,0.01794752811759287,0.017667941631904993,0.2180338293557268
2016-03-16,0.018149311679358265,0.018051153883360538,0.01890748656066249,0.019461849602881026,0.20673891752399937
2016-03-17,0.01932380363725375,0.01825625561383662,0.019387462536803568,0.01924245227460261,0.18188012392903768
2016-03-18,0.020382110923125862,0.018294677992168246,0.019685797349300066,0.01939728254795839,0.24452328503182497
2016-03-21,0.019852964055403405,0.019768848675972533,0.01962094982319565,0.019384401801588513,0.18880739668832186
2016-03-22,0.01897533121498496,0.019307390056837098,0.019711770786937838,0.020429778351861994,0.16922728737250048
2016-03-23,0.02056281131122978,0.019025342755477292,0.020606827531537225,0.01966830085556029,0.1260701219907458
2016-03-24,0.01925927021291285,0.017974236143641992,0.019296650518492747,0.019074665037442762,0.12881990355277217
2016-03-28,0.019943368554561164,0.01789737770502131,0.01951722773690112,0.018455245950175753,0.08578630227846132
2016-03-29,0.018510691325232087,0.01994832322646628,0.019283680894439825,0.02166872540844486,0.1611969008457259
2016-03-30,0.023363526089254127,0.02331959437879247,0.024109329040642002,0.02409495498946765,0.25346023516554467
2016-03-31,0.024744559990605236,0.022653056187283166,0.024472581389664072,0.023359358756159326,0.1272539045537695
2016-04-01,0.023531354467304894,0.022781257877442895,0.023590482078797076,0.024649948568475466,0.12716171164458867
2016-04-04,0.025648024126056823,0.02558854759981466,0.026275735571370223,0.026108292953336748,0.20067403260267785
2016-04-05,0.02447354327444376,0.02371703134365491,0.025173106484292912,0.024417648717417362,0.13167340213762707
2016-04-06,0.025402796506379166,0.024037476425649074,0.024887692121234678,0.025901787259633074,0.13055556311380911
2016-04-07,0.025041382716001648,0.02331960130398525,0.023486671844696633,0.022778581908002,0.16511381902884054
2016-04-08,0.023699141124270517,0.022486418104675415,0.02355156154891261,0.022933488398791918,0.11248575291436032
2016-04-11,0.023776558128634134,0.023563174817900434,0.024407717821191832,0.023398066324498284,0.14978418696337847
2016-04-12,0.024254111411827678,0.023422184366350463,0.024187207323369986,0.025230703640223034,0.1358579358487806
2016-04-13,0.026138481782664397,0.025780821468570025,0.02696327621811795,0.027295619030596102,0.17443170514146727
2016-04-14,0.027196837848954075,0.0258449353927791,0.02765082237142874,0.027373066831888643,0.12460015727213987
2016-04-15,0.027829239374574488,0.025729553381338116,0.025575240063123506,0.024469258808535954,0.26202585274839707
2016-04-18,0.023673331426344535,0.02143529369324046,0.021955984643669435,0.021410620511827516,0.35090557925557103
2016-04-19,0.02236970598633861,0.02021746348050074,0.02103489648774229,0.020674937172880214,0.16884635139359344
2016-04-20,0.020769317493272682,0.02033285201129828,0.02081438491522533,0.020958879779671508,0.1574893373938761
2016-04-21,0.021143639201239933,0.018845917092300934,0.020113909715739064,0.019461849602881026,0.16351708906011092
2016-04-22,0.01866557337487984,0.018269075561175824,0.01894640802474845,0.019087578448427317,0.17715779824766248
2016-04-25,0.018652669520421467,0.01720512624187029,0.01880371756219318,0.018313241982165468,0.14097528253685437
2016-04-26,0.017245822958388307,0.016756439899755227,0.01802534868418565,0.017371085614129173,0.3201406774162105
2016-04-27,0.007036745097364988,0.008308945022115849,0.007349187962100101,0.00894368036829657,0.6952243272758645
2016-04-28,0.00911468276023486,0.007244966721880436,0.005494127522167658,0.005084846118742575,0.48805021440453383
2016-04-29,0.00444252403586097,0.003194289967258998,0.0032369804600746455,0.003678144489614496,0.4002671993794905
2016-05-02,0.00441667987754292,0.002373858466362261,0.003094249587535902,0.0035490539325887943,0.2698436834012269
2016-05-03,0.004713531512638827,0.004501763700217987,0.004754706222304769,0.005536543298079066,0.32535918021296883
2016-05-04,0.006004199924053127,0.004706877675723711,0.004936327369298471,0.0042588886731572545,0.22416593827332604
2016-05-05,0.00519405284770047,0.0030952086215562113,0.004189461556365723,0.003765457004525921,0.1912902029508453
2016-05-06,0.004376014971876771,0.002295630464774198,0.0031062277291001167,0.003090301196491771,0.24128821023952707
2016-05-09,0.003895576166658629,0.0027083419895806288,0.004072034680941333,0.003181206819012683,0.17237721176951326
2016-05-10,0.004324101101778582,0.002450422867781729,0.0034455912405396,0.003999226763242408,0.1771814867034937
2016-05-11,0.0045188595038336,0.0024504018769282987,0.003902362741263682,0.00281763876995339,0.1453768537217045
2016-05-12,0.003531946731972435,0.0014315203122981651,0.0,0.0,0.45009746679174595
2016-05-13,0.0,0.0,0.0006917346424202692,0.00023373709410187682,0.24572435376532004
2016-05-16,0.0031034660723861796,0.003507929844584784,0.002845208077010386,0.004596477465379209,0.35371170092876353
2016-05-17,0.0059082652825917376,0.003907724508367988,0.004620179908623248,0.0040900888329438445,0.2618843622419459
2016-05-18,0.0054018481344596525,0.004565465052968648,0.005768691446481691,0.005479412887087656,0.230804467962884
2016-05-19,0.006025113959942943,0.0038303341854357825,0.005351034747736946,0.005011960475293675,0.15640799139660894
2016-05-20,0.006025096098553534,0.00484916060371314,0.006590883158811969,0.00633634727554902,0.16654857117796767
2016-05-23,0.007622300126403261,0.00711901556785971,0.008091805308129446,0.007907471686529804,0.2049149064249975
2016-05-24,0.009375324673407348,0.008279744382735627,0.009618830427216007,0.009816195777937409,0.18648656824540089
2016-05-25,0.011258147174503907,0.010407687406775834,0.011276324394692283,0.012049475480328808,0.2058765296860367
2016-05-26,0.012569700331888312,0.011684521511439283,0.011968088354527506,0.013075285926437724,0.3221573973045418
2016-05-27,0.012258023280269176,0.011349167288132844,0.012764180956893995,0.012997337267720843,0.19417571296249908
2016-05-31,0.012465767829795693,0.011258877433341669,0.012202963042204196,0.012361095903918318,0.23237174741895866
2016-06-01,0.0117125903994596,0.010149720799213002,0.011563418345949927,0.010543255658621853,0.14828477173211752
2016-06-02,0.00986873840484559,0.00795730656458521,0.00934473594056115,0.00958245868383556,0.21882707251180378
2016-06-03,0.010115482975756762,0.008511890408533784,0.010414962819456447,0.009842164146569882,0.1440054841976392
2016-06-06,0.010375147642860127,0.013180482474072747,0.010545448726625162,0.010764014012509926,0.11063421198831135
2016-06-07,0.012011296170461455,0.01057535843570459,0.012385687181400928,0.011283403161568839,0.10498099401562382
2016-06-08,0.011712623884273049,0.010175543400448933,0.012020244145355574,0.011166540058620361,0.09498446565486017
2016-06-09,0.011037386786439729,0.010730091085121907,0.011733101767618132,0.012088411700970164,0.1318187340152941
2016-06-10,0.011076339388047002,0.009904698674350926,0.011759208563736273,0.011023697698834517,0.16454401563181992
2016-06-13,0.011284137880785056,0.00960811000750364,0.009958158207182544,0.009089059679818823,0.20492707076718103
2016-06-14,0.00950512868804515,0.008782680849084068,0.009501328123184966,0.009244837226998953,0.16594611612561222
2016-06-15,0.01015437939891825,0.008692396544868392,0.009866754516129755,0.008829332440674714,0.15002555312144222
2016-06-16,0.00837544739661314,0.007841245678311043,0.00861387321615853,0.009361732994562083,0.16207209325440808
2016-06-17,0.008596199174078112,0.006422601506585107,0.007608926338562777,0.006479211411744609,0.35210088593224237
2016-06-20,0.007791095073337959,0.006319404953139179,0.007256516408311389,0.006180547951959145,0.18182378381787162
2016-06-21,0.006414692121146773,0.006035696396480411,0.006799745436475629,0.007232304990290761,0.18908717655854435
2016-06-22,0.008115729138787872,0.006732105455478754,0.007674161466039081,0.006764852578496766,0.14857799640159552
2016-06-23,0.007713207731683255,0.005958317987213163,0.0075436662921566505,0.007478999048196697,0.16791994070203298
2016-06-24,0.0037786898005196523,0.003856137016789385,0.004150324401693634,0.003973225729995339,0.44367405389027664
2016-06-27,0.0038955911293121342,0.0017797990185159235,0.0026494658664929227,0.002207398439397948,0.25274638034792896
2016-06-28,0.003765711648165998,0.0025664719336403047,0.0034847167540350277,0.004219930676106112,0.2204487713934366
2016-06-29,0.005155134481290083,0.0037142923322782684,0.005429363372054255,0.005271676826232877,0.19539086672378575
2016-06-30,0.005765428098230385,0.005287676780482448,0.006303795105404214,0.006829778944180354,0.19094383931288111
2016-07-01,0.007128832742376731,0.006190423214003524,0.007648042156336993,0.007206293068838798,0.1281380601619554
2016-07-05,0.006999006855772261,0.004810495329508793,0.006512602195297992,0.006037727368583046,0.1388855765954215
2016-07-06,0.005973202240180664,0.005145838292505658,0.006395170263231928,0.006738905986274066,0.15965395007401845
2016-07-07,0.007401520851455318,0.006229112760661959,0.008026530909726534,0.007271219434522386,0.12245987327636472
2016-07-08,0.008427354680283272,0.0067320898539254825,0.008587740469318123,0.008232059962128196,0.1466124947961424
2016-07-11,0.008765007594538798,0.007712281369957219,0.009475262972285847,0.008621629044434559,0.11385072015306584
2016-07-12,0.00931038350245006,0.007776760487935824,0.009984262940514133,0.00919293315434866,0.11623621167812064
2016-07-13,0.00962198627245811,0.007738023635317809,0.009618770704659135,0.008478754020034118,0.1272782332381367
2016-07-14,0.009596043827503203,0.009440427457751421,0.010245269336185192,0.010971771849774464,0.21067952416294522
2016-07-15,0.01158275913073517,0.009840219964537378,0.011785305838930421,0.01095877133315093,0.15445465413333942
2016-07-18,0.011297105088677206,0.0109106638924025,0.011915837752844133,0.012322148795072041,0.19515334193693779
2016-07-19,0.01241379595105191,0.010742975521916276,0.012881594480486702,0.012374052867722307,0.11375468587266911
2016-07-20,0.012985144521914405,0.011336222925252354,0.013403645291936273,0.012490905082465975,0.12973543035922103
2016-07-21,0.012764442187464697,0.012032691685390368,0.012607560319798955,0.011802781422422887,0.17087651608118032
2016-07-22,0.012024298775571485,0.009840258622675707,0.011537367326331177,0.010803004674175692,0.14278136723684887
2016-07-25,0.010712787339359348,0.00924699270687765,0.009723234958918942,0.009089059679818823,0.22005182970113008
2016-07-26,0.008855864894163484,0.008124938336431242,0.009070628353892801,0.008219070333709527,0.32157222842265776
2016-07-27,0.01852979874200117,0.016353050653562684,0.017332072870556714,0.01637320341353063,0.5527267413375879
2016-07-28,0.016660017759988432,0.016482092458890207,0.017423507343349215,0.018178097583227887,0.21676681708302592
2016-07-29,0.01842595070885092,0.016611017126278965,0.01854586657313259,0.018009254190194973,0.13906804172817527
2016-08-01,0.018711652375613896,0.018674521629868907,0.0194986400098916,0.02039839854540554,0.20587076762921291
2016-08-02,0.02084119974661683,0.01857132612286605,0.018963514205776022,0.01835984349904049,0.1780125033431934
2016-08-03,0.019231035516062533,0.01827469998826714,0.019968460841472746,0.020060787976773797,0.15487464405294116
2016-08-04,0.020973560027156085,0.019221591305352365,0.02137839905326419,0.02090931667106985,0.13698729898624612
2016-08-05,0.02187441089637457,0.021361112043481872,0.022559405857356052,0.023011143075977125,0.22114341935497295
2016-08-08,0.023506377868054235,0.022294738170974743,0.023845391607293265,0.024173034306643,0.14101113533486914
2016-08-09,0.024433272426700375,0.02303377938729184,0.024960701498925597,0.024747376225717876,0.12998639994532446
2016-08-10,0.025059968140895006,0.022981948524452067,0.024632689148007897,0.023689989985464677,0.11521824830591527
2016-08-11,0.024811907670731326,0.023020844208640145,0.024750779492350106,0.02359860528192917,0.1374725922165176
2016-08-12,0.023845767057802975,0.022385447221278304,0.024658890266545247,0.02392493567030793,0.08097818597326502
2016-08-15,0.024315791739230097,0.023811798313320948,0.025052579030532263,0.025622069276334175,0.12712457838950192
2016-08-16,0.02626105376510432,0.024706491798585306,0.02653535188305653,0.025491508811649993,0.1778703726082062
2016-08-17,0.02556912499147454,0.023591373793440423,0.025393748577293707,0.025282651265692818,0.12384532782822157
2016-08-18,0.025738847831321937,0.023889595243080347,0.02628603773869101,0.025099881858621803,0.10226130319478842
2016-08-19,0.025138274247013287,0.02400628849958386,0.025419981566927957,0.02546539889635413,0.12392279548107492
2016-08-22,0.025255815878643062,0.02324128989973162,0.024750795110734525,0.024355792825509204,0.12681726869223237
2016-08-23,0.024903294162076345,0.023526539716877348,0.025643072171360498,0.024799628720924227,0.09760684173822688
2016-08-24,0.024877150557418848,0.022787406296495366,0.024527669876883568,0.02372911130558894,0.11308372636696394
2016-08-25,0.023336606499470308,0.02165931364698312,0.023215479327607036,0.02312860503019387,0.12211799123815238
2016-08-26,0.023362721509556844,0.021750077955472125,0.02272996136703892,0.022306164474783924,0.1392767562309042
2016-08-29,0.02233135682004833,0.02108880945233549,0.02270374343703907,0.022149526759418503,0.12137596636495364
2016-08-30,0.021260812161982195,0.0198699512710368,0.021667113381666936,0.021079052896902734,0.12069476320267282
2016-08-31,0.021078051751423993,0.01996073313122615,0.021850836160770493,0.021209613361586915,0.1514161295015869
2016-09-01,0.021704691288461003,0.020258950242740353,0.021824577200983325,0.02203204302879197,0.13245960277980828
2016-09-02,0.0237413678153493,0.02181496015699555,0.023399229712085773,0.023337527905380268,0.13310623360114626
2016-09-06,0.024002436921166048,0.02220391564571092,0.024304601764698563,0.023298308591412104,0.1336049716306733
2016-09-07,0.023911053805375865,0.022800383635211696,0.02372723704542018,0.024159924907970698,0.23273731791300223
2016-09-08,0.023153824207137658,0.02086834357903805,0.021325906954441615,0.020452393153392256,0.3008429088847555
2016-09-09,0.0197463586023314,0.018858547234877787,0.01855719340658063,0.017332356269380456,0.2595801797409603
2016-09-12,0.01714832576829839,0.01885855808572509,0.01776988793694076,0.020347997045028293,0.25148641058912385
2016-09-13,0.023493324149942513,0.022839328299440742,0.02395035438398946,0.023624726085429898,0.3595787552324678
2016-09-14,0.025086065184927342,0.028337136817729897,0.025734910220947232,0.028611567472071525,0.6714500808208499
2016-09-15,0.03178357539434343,0.0318381666245294,0.03215159001494006,0.03357237516085146,0.5376096651460706
2016-09-16,0.03342851092345825,0.03235676150210812,0.03287324098480543,0.03272375936091637,0.4729677105539593
2016-09-19,0.03351993984535703,0.03242163936092046,0.03183664472268255,0.030974482141732512,0.26256364471861876
2016-09-20,0.03072603144085015,0.029750489743844727,0.030865591683028992,0.03096139451946997,0.18247937783871332
2016-09-21,0.03177048286847464,0.029581934172639407,0.030773755000668868,0.030935306380583866,0.19201174051089276
2016-09-22,0.03242328115269866,0.030813791207688374,0.0328208018263349,0.0323321759607077,0.16045359551545518
2016-09-23,0.032514691451907746,0.030619312036554852,0.029605944644181537,0.029838755267386885,0.297508598669381
2016-09-26,0.028885214184634633,0.028803936891837106,0.029605898143552523,0.030060635106377326,0.15274140257106178
2016-09-27,0.030660750143644055,0.028531625255363458,0.030642510852847388,0.030334767440574145,0.11905257700788872
2016-09-28,0.031561598580125444,0.0304247647107998,0.032072825785255,0.0314574829100914,0.15127976082342354
2016-09-29,0.0308696529800013,0.02933556869843107,0.029933943290505916,0.02914680984743187,0.19126779495208612
2016-09-30,0.029955784909596356,0.028778027455439975,0.02993396675782023,0.03028259116280191,0.19441835957763481
2016-10-03,0.030282153658406447,0.028363077228055172,0.030563796695182277,0.029590667519256653,0.10045009666650608
2016-10-04,0.030739126867955352,0.029996895936113432,0.031023096035379893,0.03021732726276713,0.1518924595323547
2016-10-05,0.031183006072627223,0.02915406048201838,0.031101821320705936,0.03028259116280191,0.09885784829752829
2016-10-06,0.031574630994810504,0.030035746444494554,0.031679146795106056,0.03137914227599892,0.1457622713003634
2016-10-07,0.032371047303181466,0.030321042920511604,0.03217781746670448,0.0316010983324235,0.11745840795330302
2016-10-10,0.03329793361104161,0.03316068056989083,0.03376552079259926,0.03419892602231314,0.19350219254265
2016-10-11,0.03679685046704814,0.03567624719953197,0.03570760677088622,0.0345253326281261,0.3715177369713893
2016-10-12,0.03633989643304797,0.0347556056250663,0.036429305837628906,0.03588299378248658,0.2021503996066436
2016-10-13,0.035608814270550765,0.034055430414935806,0.035077767757289297,0.035413058859980556,0.1868207675411815
2016-10-14,0.037031855561597826,0.03500198326971429,0.036927955796293016,0.036261598442481474,0.18976453834960927
2016-10-17,0.03631380935457393,0.03457408345522833,0.036468689700229234,0.036157169669502914,0.1127623316419029
2016-10-18,0.03742351459523749,0.03505384075254425,0.037347848194968336,0.03605271912011457,0.11870749382699648
2016-10-19,0.036209360776578964,0.03447035595325909,0.03255834639615074,0.035595817378846734,0.08977620651467748
2016-10-20,0.035700190741764726,0.03397761233189789,0.03587819700014197,0.03551747674475428,0.11596923637861771
2016-10-21,0.03563489362656952,0.03336817431732497,0.035812567556443325,0.034916948692949396,0.1099952639094051
2016-10-24,0.03601353334215754,0.034444424370036364,0.03675737973204274,0.03628771924598223,0.11221045464388969
2016-10-25,0.03712323770196449,0.03524834609598898,0.037164145619118655,0.037070984040243504,0.26964457232653766
2016-10-26,0.032370988243050236,0.03179917683545069,0.03191531321971949,0.03359839797050829,0.38491900068648505
2016-10-27,0.033780995422872356,0.03200665758281726,0.032951959846598905,0.032149352112612245,0.18278476685037492
2016-10-28,0.03179659626571285,0.031163859407256245,0.03209906344481073,0.031157229772393824,0.20391038785204768
2016-10-31,0.031509400953601885,0.02989316425915295,0.03177104173135764,0.030922273199345707,0.1306535180798138
2016-11-01,0.0312613378715986,0.02929668606357949,0.028267472797226856,0.028246061322544064,0.24209425796632367
2016-11-02,0.028571921843058068,0.027455445045775545,0.029186032756390173,0.028376621787228273,0.14289660837332496
2016-11-03,0.02876746132416383,0.027043415898386408,0.027719562677852166,0.026815122549359055,0.1339391709264539
2016-11-04,0.025552435943431373,0.02546640415557369,0.02582029717606865,0.025516072601853262,0.15893625388518684
2016-11-07,0.027586402596839615,0.025805238941715214,0.027600825204254636,0.027576153629260802,0.16996739156009127
2016-11-08,0.027888263834204008,0.02738230192817126,0.02791741497349759,0.02842910293473705,0.11679128981881372
2016-11-09,0.027323965345140727,0.026860943360779987,0.02574115305685637,0.028192883329923174,0.34037317961019364
2016-11-10,0.028911800654860625,0.026561184982461156,0.022813127000409134,0.024138300933084306,0.3273003531340547
2016-11-11,0.02370216025203678,0.02366782495434569,0.023762760417081558,0.02497808639886387,0.18010797134145007
2016-11-14,0.024476393458442824,0.022286308455421372,0.020504999677492503,0.021408998169300753,0.2891491346751136
2016-11-15,0.022980392217069406,0.022116847988584126,0.023248352542311806,0.023246001655181342,0.1680755162362757
2016-11-16,0.02315102136326752,0.025440355032599504,0.023828716513408094,0.02702507980400884,0.33822265195784285
2016-11-17,0.027232106426331004,0.02559672109962624,0.026769918396942982,0.02697256599188541,0.13841692930708543
2016-11-18,0.027114014123487795,0.0258443605686835,0.02786464175516265,0.027116910923944332,0.14351891051029575
2016-11-21,0.02763892915167171,0.027734180325116736,0.02832627816363187,0.029308249261148195,0.14886930038546559
2016-11-22,0.030040315223738262,0.02829457678249578,0.0301595646494843,0.029400069492878794,0.12774752075500873
2016-11-23,0.02926610343392952,0.02710857509552983,0.02874831889173865,0.028652147811649376,0.13710061943711427
2016-11-25,0.02896426091849949,0.027577750884609842,0.029566031701642626,0.029386938317796735,0.034980966805911035
2016-11-28,0.029357972985522646,0.028359772035475822,0.030146397899129956,0.02909829200649844,0.13561272831950094
2016-11-29,0.028505032684050052,0.027786335470489948,0.028405432067986985,0.028953979739054142,0.14415849881773796
2016-11-30,0.029581061696338146,0.028007878330691294,0.02866919602046833,0.027720520337729454,0.1930303441116341
2016-12-01,0.027967038339363093,0.026365747138928974,0.027033763674000733,0.026369032795534403,0.19894989715528855
2016-12-02,0.0263922656813802,0.02525785636911068,0.026796293556717837,0.02690696455749944,0.1313488062698861
2016-12-05,0.027481462385991667,0.025179683890640986,0.026004958549899676,0.02587037478856194,0.1812642240774267
2016-12-06,0.02682531094227303,0.025609757070511163,0.02724473542493014,0.02697256599188541,0.12922004638775858
2016-12-07,0.026510394829743128,0.02669153619270706,0.02720519111192915,0.028389731185900574,0.1535692180680816
2016-12-08,0.02860996319924386,0.02830761246402519,0.029104413273089685,0.029819962225768576,0.13480796104977633
2016-12-09,0.030512753492511813,0.03126616798963508,0.03135981546795574,0.03222124692941733,0.18176424256402568
2016-12-12,0.031798739890268685,0.03165714050984275,0.0315971971846509,0.03136831940035084,0.1303654152386236
2016-12-13,0.03252047423046614,0.03285619200257997,0.03325905743563534,0.033848314937057894,0.24150524771322368
2016-12-14,0.03409518469275438,0.03322111960603363,0.0348813504780458,0.033848314937057894,0.17939027515261846
2016-12-15,0.03454136058898752,0.033911901299897046,0.035211098430508514,0.0346749910041651,0.2593721054667674
2016-12-16,0.03597174336212772,0.033612154376231496,0.03576506912054947,0.034871838860142584,0.24545737846581717
2016-12-19,0.035092532266899956,0.03475906805914833,0.03589695720001068,0.0357509851865537,0.13936062616911732
2016-12-20,0.03632601540357894,0.034915441103098244,0.03712353738886637,0.036157724967951665,0.0986779440789184
2016-12-21,0.036404774052019806,0.03478512782136625,0.037255445460279174,0.03630208078821545,0.1137758134143564
2016-12-22,0.03581427978261614,0.033625200798532345,0.035751887457417,0.03529174248123726,0.12851835591232647
2016-12-23,0.034816959385204405,0.033638222350887176,0.035685932225633404,0.03559353085582248,0.05273834547980247
2016-12-27,0.03603735517305262,0.035306478001759456,0.036872974109213086,0.03656454096678377,0.07865095524498425
2016-12-28,0.037349569396331245,0.03559316007174221,0.03649044239765334,0.03590841774087519,0.09535451774865557
2016-12-29,0.035945504305760545,0.03440719128938588,0.036754281409670464,0.0358691004330631,0.05779615091403027
2016-12-30,0.03620792856963623,0.0345244527249515,0.0354748811972386,0.0346749910041651,0.15733120094548952
2017-01-03,0.03509253201819745,0.03339058901033648,0.034591215000434106,0.03510802580034186,0.1457789172422988
2017-01-04,0.03515813047395727,0.03362517856922326,0.03589694867882523,0.03493742940632369,0.09671308270200131
2017-01-05,0.03524999887742622,0.034081349187577326,0.03597609257647366,0.03571162432592212,0.10359874060644687
2017-01-06,0.03637851751819887,0.035775646955672896,0.0368465732748752,0.03741742494303074,0.16479370476085142
2017-01-09,0.03791386260012758,0.0374308678522057,0.038785418350416156,0.038834568360636146,0.17638184126205692
2017-01-10,0.03898990111031131,0.03736568864640899,0.039260226094870565,0.038992022691367395,0.11812232494511242
2017-01-11,0.03895054523475544,0.03808252806903417,0.0396559104245337,0.039831819045351824,0.1381390701224709
2017-01-12,0.03916048199682362,0.03726141225232363,0.039141498298313315,0.03917570670764814,0.1349225619577164
2017-01-13,0.03943609281203972,0.03767851242640491,0.03993289541244269,0.0389001915714319,0.1286848153316808
2017-01-17,0.038425639732419775,0.03848655175941365,0.0391547171716492,0.040159858881896354,0.18200240757940955
2017-01-18,0.04060399022326855,0.038825421596062365,0.04111993026617375,0.04014673859501913,0.1133263729820997
2017-01-19,0.03981662423520632,0.03829104051648505,0.04067148181556579,0.03987116901777851,0.12539019928553696
2017-01-20,0.04119449629146035,0.038760247503941025,0.041146310382491974,0.040159858881896354,0.170210038175227
2017-01-23,0.04060398344511096,0.03922944046030302,0.04119905629073789,0.04026483206511877,0.10268065288585414
2017-01-24,0.04001347832172575,0.03830409046734953,0.04084295368199517,0.040120498021264744,0.11011242573148912
2017-01-25,0.041155167109369895,0.04091076252514453,0.04187175504221735,0.04262676679634084,0.16879961471046706
2017-01-26,0.04279545891809111,0.04135387022220752,0.0436127218890798,0.042705477629399136,0.1301298111373836
2017-01-27,0.04341220392298953,0.04123655045730262,0.04361270589882782,0.04271857613986657,0.09315853387025032
2017-01-30,0.041824367449123295,0.04029814891802086,0.042372904268659,0.042298672518771924,0.155994403762367
2017-01-31,0.04211308021628912,0.03998537048928566,0.04232016104716635,0.041931282709800705,0.276507822232224
2017-02-01,0.04982913728080135,0.05184558689506594,0.05074815642182373,0.05164132937838889,0.6784689062607789
2017-02-02,0.05107576229461508,0.05041190588460398,0.051763708900869676,0.05135262862606624,0.17733258063798452
2017-02-03,0.05150882705587492,0.05015127474984479,0.05226493895920417,0.05207435328636076,0.11841170824337456
2017-02-06,0.05258488097745151,0.05185861527138269,0.0532409333445322,0.05366206043336971,0.1333840927857608
2017-02-07,0.05443513913826009,0.05393088266285004,0.05528528047535586,0.055289150217420036,0.2059725639664335
2017-02-08,0.05549805105696162,0.054100289870759405,0.05630083461957358,0.05595831751277164,0.10878779289055023
2017-02-09,0.05664071961004058,0.05514847655285218,0.05691872379921417,0.0572102868623878,0.143013129966873
2017-02-10,0.057708269632043174,0.05578987786671921,0.05815066005857142,0.05681492525508672,0.08997403713229475
2017-02-13,0.05852539930546527,0.056941788528533904,0.05907792396107747,0.05835682572417669,0.10898818442231138
2017-02-14,0.059039458500585784,0.058604227631441436,0.05974031246718023,0.06063679404908212,0.1742325940667781
2017-02-15,0.061741202522699795,0.060148777883497984,0.06155503582707933,0.06128248637471817,0.1895782318456396
2017-02-16,0.06193888849350096,0.059664448114136015,0.061846463488092945,0.06107164717547334,0.10610203418212165
2017-02-17,0.06118768816773215,0.05957284754174966,0.06219090307099842,0.06155926454270019,0.10362819111910186
2017-02-21,0.06267685291269509,0.06077699973886469,0.06335648555439355,0.06285066008217721,0.11841106801483857
2017-02-22,0.06294053648639025,0.06126141069314922,0.06352879607620299,0.06339108524305914,0.0949127600588306
2017-02-23,0.06419258412819695,0.06173262587386019,0.06378046858225431,0.06262671148426005,0.09460096876180922
2017-02-24,0.06225519309206978,0.06065926864524723,0.06242930474439176,0.06279802649980012,0.10092898761141776
2017-02-27,0.06387624487159851,0.06168025039566136,0.06375394429839931,0.06315382037057699,0.09120263569283692
2017-02-28,0.06379720785432455,0.061680286599525846,0.06431033226865879,0.06323294495542064,0.11185320712081386
2017-03-01,0.06486472648780564,0.06522757044002434,0.06550251929775666,0.06692291403553197,0.19464564070790707
2017-03-02,0.06764558345133931,0.06539773853708486,0.06703909645049055,0.06582910674996403,0.12931928181083518
2017-03-03,0.0660377135216135,0.06480872885152839,0.0668139305976255,0.06690976108404012,0.09664905984840348
2017-03-06,0.06681520600466645,0.06473010487049155,0.06682710074610068,0.06632981173945343,0.10075868682084756
2017-03-07,0.06640671975182413,0.06500504996483739,0.0670788406798917,0.06656710927655021,0.07320517131795366
2017-03-08,0.06626173243985531,0.06476943231952395,0.06711858606095247,0.06588180566157037,0.08127781292810282
2017-03-09,0.06598499906750735,0.06344738376027467,0.06477396898979348,0.06546010548667097,0.1033573744483831
2017-03-10,0.06665715371785838,0.06419351665577575,0.06688017241588753,0.06606633895783154,0.08707572254992142
2017-03-13,0.06612996459729431,0.06428511444607257,0.06711860055149074,0.06614538732524106,0.07304767509810302
2017-03-14,0.06672297356900575,0.06457302806411869,0.06714501740569634,0.06586858738084928,0.0595222070470275
2017-03-15,0.06686801446899635,0.06601296856354727,0.06739677105302688,0.0678059038982648,0.12599521525203639
2017-03-16,0.06859452167479804,0.06636640043967207,0.06902609252468164,0.06810900974564021,0.08463773228491643
2017-03-17,0.06896345964944592,0.06634013144662654,0.06853589320460732,0.06718643036997335,0.24247327325962276
2017-03-20,0.0681727523926608,0.06699468249530074,0.0689863367746637,0.06912374688738887,0.09942701146601292
2017-03-21,0.0704264034034634,0.06869630589420325,0.06832397010816807,0.06698876589863012,0.21459068028923606
2017-03-22,0.06744790441476581,0.06712559222206893,0.06836375331003863,0.06907102619937278,0.12707336010662368
2017-03-23,0.06930616316951999,0.06709938124915471,0.06948968985691145,0.06841207204019611,0.09177179886132154
2017-03-24,0.06962247357333312,0.06730881794448529,0.06914528435431772,0.06804307077690303,0.10489200224912286
2017-03-27,0.06684166536167607,0.0666282013262205,0.06685367405702325,0.0683594166814093,0.11244349783098574
2017-03-28,0.06884495952972589,0.07031949988846065,0.0695029937058037,0.07220756960197863,0.17518397367124167
2017-03-29,0.07249562378401395,0.07090852712936163,0.0729073357212848,0.07262924800046827,0.14839168989762586
2017-03-30,0.07316766769843847,0.0709214900727348,0.07331785462062393,0.07237873218265042,0.09728416655609386
2017-03-31,0.07254827837264732,0.07062047803996976,0.07266881333079706,0.07202297097648819,0.08738879430401476
2017-04-03,0.07253512148858487,0.07042413594369243,0.07272182604401128,0.07207569166450425,0.08946313476058414
2017-04-04,0.07192891770171853,0.07143210691947716,0.07288083696532782,0.07348586663098819,0.0888593992511567
2017-04-05,0.07320730722701732,0.0721782118827764,0.07372859650555647,0.07249745716863296,0.13896688561949072
2017-04-06,0.07329949539529007,0.07094772030195728,0.0732516634576662,0.07202297097648819,0.09691091331961858
2017-04-07,0.07256153947431015,0.07050274422889785,0.07301332487292653,0.07160133613081804,0.06824916222094639
2017-04-10,0.0723902397968828,0.07011008852592321,0.07252320896237871,0.07137732220367163,0.08272600987648551
2017-04-11,0.0715203203304699,0.06941626461857475,0.06876112919154775,0.06934776081453528,0.1560065681045506
2017-04-12,0.06975430560200144,0.06784550974220116,0.07001956916871244,0.06957181829450121,0.09179548731715274
2017-04-13,0.07016282552146805,0.06814654793131653,0.07007252731768124,0.06858338705573619,0.07561627198444756
2017-04-17,0.06959615057607127,0.06749211417267631,0.06983413049603979,0.0696113642546157,0.06767231631003003
2017-04-18,0.06950389170840471,0.06770152086956699,0.0701520410592206,0.06878109507989896,0.05560656932098482
2017-04-19,0.0701233138361691,0.06764915809613672,0.06927775279998014,0.06809579146491912,0.07245034187403536
2017-04-20,0.06925345408161934,0.06885339508336077,0.07021825243574487,0.07041521864430003,0.11080771392156145
2017-04-21,0.07086136558282496,0.068539254377922,0.07113228496111687,0.07019120471715362,0.072402324733837
2017-04-24,0.07225836435079386,0.07020163326337853,0.07289403688544327,0.07199664329709476,0.07120765828570166
2017-04-25,0.07279875566072536,0.07144517987032248,0.07380808010717993,0.07316956427930144,0.082329708412715
2017-04-26,0.07353674243911926,0.07105244703803851,0.0731589551650827,0.07204932043229134,0.08981846159805205
2017-04-27,0.07281191397706105,0.07047654141978232,0.07306626406146574,0.07219432954484778,0.05271785816665117
2017-04-28,0.07303599311365308,0.0706598273581503,0.07301331802844938,0.07200986157781586,0.09506321376478548
2017-05-01,0.07436706228884934,0.07445576409962407,0.0752519172383295,0.0758711238970575,0.17664433496180798
2017-05-02,0.07758285000854562,0.07562076932723358,0.07774227307566961,0.0770967437908705,0.25186670633949493
2017-05-03,0.07501290217820833,0.07483543737494416,0.07433796444365079,0.07650375037684076,0.25407421433154775
2017-05-04,0.0762385404212241,0.07437723054394005,0.07637786083316336,0.07580522848113985,0.11114255344587805
2017-05-05,0.0765548503222497,0.07678574559037812,0.07763629285299606,0.0790076455232536,0.1364687138721038
2017-05-08,0.07954655433978833,0.0829640487615449,0.08064322635175322,0.08434491289566756,0.2736357570198258
2017-05-09,0.08592541733359313,0.08450866652015959,0.08649820990113674,0.085636449981808,0.21203296728800314
2017-05-10,0.08560909133373701,0.08327819989497726,0.08472314844014475,0.08467436819884613,0.1267244355545155
2017-05-11,0.084883360526326,0.08428093093975461,0.08582098387019174,0.08642125001295697,0.13600390795498363
2017-05-12,0.08786087661159558,0.08736959722944143,0.08895997129770228,0.08926625084176712,0.1697561161432185
2017-05-15,0.08959456005581964,0.08767195188360274,0.08946547810703337,0.08873697520267959,0.1280305017679111
2017-05-16,0.08950191719837766,0.08689646050535738,0.08902651952773974,0.08843260632353839,0.08986519828117846
2017-05-17,0.08640524757017687,0.08493810098530644,0.08236266673264439,0.0815250420437143,0.2865382827053945
2017-05-18,0.08332167557114054,0.0833213218254463,0.08425134914186863,0.08455529479030757,0.17642217565982354
2017-05-19,0.0861140298512397,0.08416253436946439,0.08624654412089311,0.0852434293385555,0.13411971537359973
2017-05-22,0.0869344957306088,0.08495114058232417,0.08661895091679328,0.08647407958302183,0.10854642673248642
2017-05-23,0.08812559707640563,0.08537179350459678,0.08715105510165325,0.08622271448522353,0.08903546209855069
2017-05-24,0.08672273555387172,0.08441222924429923,0.08629970085116753,0.08561391139771188,0.0842920088754882
2017-05-25,0.08657723578250956,0.08464889957387972,0.08677861793472155,0.0863153295559102,0.08466078051221164
2017-05-26,0.08693455911525813,0.08450432195253943,0.08715105412330262,0.08597128405819601,0.10189573270074485
2017-05-30,0.0861668878747088,0.08475392945159496,0.08717755528187385,0.08605057196611277,0.09036713745338536
2017-05-31,0.08689485186422458,0.08441229893020721,0.08591404478037593,0.08484646716513738,0.11805254003469078
2017-06-01,0.08583604973996059,0.08330814004388976,0.08570112938574218,0.08540215758925737,0.06653270951598883
2017-06-02,0.08637876630525507,0.08609472731570733,0.08659243189416074,0.08840616976209617,0.13930492628648722
2017-06-05,0.08738448088328127,0.08478030534117262,0.08735056060211291,0.08639470456946602,0.12368975229397887
2017-06-06,0.08680213898236441,0.08656780214866511,0.08777613819384192,0.0870827737884847,0.131969187721249
2017-06-07,0.0882844528220886,0.08679135414759853,0.08870732933744144,0.0883003146342787,0.09640257186205188
2017-06-08,0.0885887160534799,0.08621291814759782,0.08860080796402697,0.08779736667458457,0.09756266596924439
2017-06-09,0.08850935179564312,0.08575293523043595,0.0774544522125962,0.07984438229166749,0.3769065405587178
2017-06-12,0.07600340184551888,0.07379215682059298,0.07278573481662079,0.07513346979302743,0.4244409484409555
2017-06-13,0.07788260924158066,0.07557970953669807,0.07629725645828503,0.0766817289737658,0.18024562047668535
2017-06-14,0.07833257546623673,0.07564545277034682,0.07455482272490219,0.07478944607172294,0.16338072038194756
2017-06-15,0.07280080500639535,0.07167600481030567,0.07238670332847236,0.07363812728799293,0.16744104975712132
2017-06-16,0.07340960432952234,0.07170235213458018,0.07237344317912286,0.070965138319835,0.2839351134781071
2017-06-19,0.0732508072070758,0.07464655651285348,0.07431543027230253,0.07635094530959216,0.16984830905239934
2017-06-20,0.07749883009309144,0.07481738438577437,0.07601795581745699,0.07459093232039929,0.12092652593269694
2017-06-21,0.07571229623394596,0.07376592401484444,0.07557903531414159,0.07572898927058871,0.09765870024964111
2017-06-22,0.07604306768508207,0.07459389071723052,0.07625731489303295,0.07541133678149717,0.08383296501519183
2017-06-23,0.07519615884954436,0.07519856660206464,0.0762440767782421,0.07627152674321686,0.18840213202504769
2017-06-26,0.07789581889602312,0.07667062408811548,0.07660318190302104,0.07566278898493448,0.12599905662325223
2017-06-27,0.07503731866126617,0.07388417365579242,0.07426217002200211,0.07289709784045087,0.12004173009597506
2017-06-28,0.07434919743967819,0.07381847467492031,0.07365034960882483,0.07567605081847506,0.10288680647443911
2017-06-29,0.07464028814574117,0.0725303401905166,0.07247978270409325,0.07283089755479663,0.16317712770750648
2017-06-30,0.07429622583589438,0.07230692944682404,0.07447499268255156,0.07328086350955762,0.10891583859774585
2017-07-03,0.07486529789028273,0.07275381794596758,0.07357052749090637,0.07259275073771942,0.0529195301554843
2017-07-05,0.07329045669993245,0.07208346337832114,0.07306506356890902,0.07337347858024429,0.0996037145419429
2017-07-06,0.07240382938543036,0.07038796884617285,0.07265276667248402,0.07157383252529786,0.11598844323469705
2017-07-07,0.07224497602053945,0.07203090071634669,0.0733044788308631,0.07349257376519264,0.08444374303851503
2017-07-10,0.07384626551719245,0.07360813027610144,0.0739296237402331,0.07465706727682425,0.09653701985460729
2017-07-11,0.074666783707799,0.07347673219901513,0.07527308503318647,0.07527904509223746,0.08815770877572458
2017-07-12,0.0761754058667963,0.07391042354784139,0.07585830715349284,0.0755569120807072,0.12082665028108434
2017-07-13,0.07568572345592184,0.07694660250794583,0.07668293770370938,0.07824316288240574,0.1228427299408797
2017-07-14,0.07895454767082757,0.07805073718735903,0.07919692998177269,0.07992380085804282,0.09040042933725624
2017-07-17,0.080079446564395,0.080114306489804,0.08084630125283868,0.08061193540629075,0.11384175695356215
2017-07-18,0.08058229016155508,0.07910222577017123,0.08097927268089031,0.08130002640171918,0.07591013688246157
2017-07-19,0.08227622990350134,0.08079776801320293,0.08268183550476702,0.08254393847972613,0.09546399682830782
2017-07-20,0.08362613731052446,0.08121842731437703,0.0830011222327511,0.08164413722866268,0.07190806830406182
2017-07-21,0.08162777522693984,0.07950967897236758,0.08125860781590238,0.08155145682874673,0.12958561688180215
2017-07-24,0.08240858416403926,0.08213844133044088,0.08261533329912704,0.0839598624183853,0.09911457994045554
2017-07-25,0.08402310550867001,0.08397854666844631,0.08514256572145645,0.08482000882728546,0.08221702819038285
2017-07-26,0.08607434056009355,0.08409682230355175,0.08681849656689022,0.0857727703068723,0.06254344550830865
2017-07-27,0.0866036636359912,0.08417567947012419,0.07915699140971852,0.08193517894503399,0.16943152027547753
2017-07-28,0.08149549772054385,0.07923372054677685,0.08167101069414559,0.08053258216914469,0.07171599974326835
2017-07-31,0.08150861830710299,0.07936506028293305,0.08026098097634954,0.0795135332982646,0.08856809526728661
2017-08-01,0.08044998446319618,0.0792205349846333,0.08063346930369555,0.08126034978314617,0.1879488502215751
2017-08-02,0.09392198070338886,0.09174646597784733,0.0909418642113588,0.09064247638544351,0.4092643309955922
2017-08-03,0.09097082709869972,0.0884079546494114,0.08942551357616985,0.08856489801279804,0.13499362732521003
2017-08-04,0.08967398743981447,0.08865773868540508,0.09031676167080924,0.08965006006369339,0.09313932701417098
2017-08-07,0.0909840591782701,0.09065552525616902,0.09162020868834636,0.09285236822375836,0.10152888174962936
2017-08-08,0.09302210535700545,0.09448037825058173,0.093748433577136,0.09453298442298569,0.19330948375332058
2017-08-09,0.09389550594754978,0.09374431588190424,0.094865712447077,0.09582979140028675,0.12881030012473255
2017-08-10,0.09557347376828765,0.09290091889389973,0.08971448701575047,0.08904123519977203,0.22274975275174225
2017-08-11,0.09118916863711882,0.0910139882944217,0.09163737786477716,0.09191075626596593,0.12961442716592114
2017-08-14,0.09480293160485834,0.09317804631620505,0.09521611172072963,0.09505932024675634,0.10314481857443834
2017-08-15,0.09658321213917856,0.09580389376512333,0.09707222618795439,0.09738416975216613,0.15015551951424583
2017-08-16,0.09828382554327708,0.09621297833071743,0.09708560449379347,0.0965206697761638,0.13867045980733284
2017-08-17,0.0963971871774916,0.09383777681018562,0.09400090801705524,0.09241557699689895,0.1403926745691142
2017-08-18,0.09286312029294458,0.09224109288239532,0.09250529101842356,0.09193727993304712,0.13711150332222588
2017-08-21,0.09238490350683698,0.09011671565243962,0.09035545997227856,0.0915520987973063,0.1303276417550009
2017-08-22,0.0933547824713842,0.09290095416073904,0.0942413355008799,0.09496633497710386,0.09982779452953526
2017-08-23,0.09447080491569254,0.09352113629630451,0.0953897313385661,0.09523202895252073,0.085707554168536
2017-08-24,0.09627762770461215,0.09387738920889502,0.094949038639804,0.09428878376399669,0.08839523356257249
2017-08-25,0.09524132947447508,0.09363985535293393,0.09591048022096244,0.09507258208029695,0.1246398514413705
2017-08-28,0.09589236813987614,0.09554001450112254,0.09679181856339192,0.09721148282281153,0.1277507218976886
2017-08-29,0.09583921579654708,0.09701786786274352,0.09688528426148801,0.09912449686694083,0.1504845969817386
2017-08-30,0.10075496280730895,0.09803391885613108,0.10037053574014695,0.09970904103398576,0.13609674109270042
2017-08-31,0.10054239489067024,0.0988652414314766,0.10153228786183816,0.1005725627863979,0.13299483383588606
2017-09-01,0.10208352034350118,0.09941941092106116,0.10173256912907491,0.10063895905973991,0.06772993687826807
2017-09-05,0.10068852806059905,0.0985089501933222,0.09763307590343631,0.09802184835901251,0.15017472637032514
2017-09-06,0.09930678977922253,0.09684632108662625,0.097579647562748,0.09779598343703694,0.100129342169981
2017-09-07,0.0984830229821741,0.09585663760709459,0.09736595456779287,0.09693241813180534,0.10190149475756867
2017-09-08,0.09684883549373033,0.09441829101832008,0.09492223470186892,0.09343845851589586,0.14468796781699195
2017-09-11,0.0963706555577297,0.095605992912634,0.09673841147512569,0.09725133365266261,0.1636982737357927
2017-09-12,0.09917386893742061,0.09812621563142437,0.09524274306744562,0.09640100840456178,0.42064247253699677
2017-09-13,0.09553361166160532,0.09284814011577461,0.09409440538817426,0.09479358271851995,0.24901896981146387
2017-09-14,0.0943644303371953,0.09210913986062727,0.09433471282027178,0.09297351039122365,0.11363176199376131
2017-09-15,0.09367364956845675,0.09418090430440926,0.09421462343515744,0.09509919285301716,0.2759546647771388
2017-09-18,0.09585247042390524,0.09356067176997837,0.09421457370018177,0.09349165828492656,0.14249774599541054
2017-09-19,0.09505533151154108,0.09259743492636135,0.09480214521135263,0.09357138172103843,0.09474437995386832
2017-09-20,0.09291627993164187,0.09060488941061856,0.08864617539346298,0.09003757127527795,0.3005189532455505
2017-09-21,0.09012631001972016,0.0873588835543006,0.08720403759549475,0.08647723716243624,0.20166958797612394
2017-09-22,0.0844664813607719,0.08270086666944784,0.08427956820439095,0.08448443435296582,0.26014614176676504
2017-09-25,0.08240728211356235,0.08212035232488823,0.08241017929038072,0.0827043435139791,0.24568914119584123
2017-09-26,0.08478540145626948,0.08487814279640615,0.08578856618147215,0.08614510336085784,0.19621676153519763
2017-09-27,0.08746908796440267,0.08593372292212798,0.08825888797652756,0.08759310395108566,0.12479414651854125
2017-09-28,0.0875887104944966,0.08535317996806857,0.08713725982196435,0.08633109567657257,0.10239447073027187
2017-09-29,0.08668526754264075,0.08515523976827849,0.0862025054019756,0.0874470060180415,0.12988780475078382
2017-10-02,0.08808025417393248,0.08557747395519483,0.08716394803685101,0.08703517055676094,0.08122403373108064
2017-10-03,0.08774811086319637,0.08642197635714008,0.08875301138459532,0.08792525952907382,0.06541999232045871
2017-10-04,0.08724335193201913,0.08479904281615472,0.0868168552622034,0.08659685498121872,0.09060338178316131
2017-10-05,0.0879740166532221,0.08688387087939087,0.08894000845591976,0.08913424224583424,0.09777394138611718
2017-10-06,0.0890236133911991,0.08694985853214018,0.08962103328847695,0.08901468975628105,0.07295740287453009
2017-10-09,0.09013955392817147,0.08858600579469703,0.09086285113507273,0.08973200469360029,0.06562870682318761
2017-10-10,0.0904717596864612,0.09026188023310827,0.09034212881919862,0.08981177168253165,0.06149347070930439
2017-10-11,0.09035213843868223,0.0889158960503007,0.09121003990419246,0.0906752498821243,0.06974345562391951
2017-10-12,0.0908570162016841,0.0894305242494044,0.09118333822774383,0.08994458600562547,0.06474647190060964
2017-10-13,0.09136183456234334,0.08931174286492724,0.0920913538968986,0.09125977227275947,0.06646932689092698
2017-10-16,0.09291634902554552,0.0929009546725893,0.09374724502325837,0.09509919285301716,0.11594170655157064
2017-10-17,0.09541401418079568,0.09404887041730442,0.09585701781397607,0.09588292584008815,0.08313511591097558
2017-10-18,0.09626434132859896,0.09383779697091016,0.09635114544353796,0.09493972420438362,0.06634128118373135
2017-10-19,0.09138844845675981,0.08904787662986324,0.09023526419637837,0.08991801878572475,0.23414518046361826
2017-10-20,0.09120247232018061,0.0899319861249516,0.09149051448626225,0.09027674158361362,0.11499800968953879
2017-10-23,0.09157448617936054,0.08985283029477537,0.0908762604703324,0.09017047270401082,0.10225874228064451
2017-10-24,0.09077730602292985,0.08949652662426946,0.09181097295371371,0.09140595731144263,0.07519564183630989
2017-10-25,0.09160095893388032,0.08966799209731471,0.09056903318957096,0.09048921401359006,0.0972828860990219
2017-10-26,0.09202618071865029,0.09003754639266498,0.09258548066873751,0.09181779277272317,0.07035103250456283
2017-10-27,0.0947630316225655,0.09765124110050097,0.09514931651469044,0.0993104674062458,0.24611745408641067
2017-10-30,0.1008745079807431,0.10354955845767624,0.10185274553046494,0.10418603133904103,0.2476962576561329
2017-10-31,0.10620207443214222,0.10563437153540453,0.1061525202573281,0.10726809016444064,0.19229088015257928
2017-11-01,0.10881950189154868,0.10601717018221468,0.10437663238241734,0.10441196159024585,0.17686777472086435
2017-11-02,0.1044749616056711,0.10411694091833637,0.10393587052328487,0.10603262733341853,0.22652133905718985
2017-11-03,0.11430637088077031,0.11171737331673312,0.11173419626633033,0.11186463295904911,0.3417957674171372
2017-11-06,0.11214089787446782,0.11268076636920216,0.1125355285490898,0.11418961312291748,0.1857573479429217
2017-11-07,0.1141868745472108,0.11302378955807993,0.11504593241170954,0.11493351705654711,0.11747825503791832
2017-11-08,0.11518328584859769,0.11433011139968771,0.11602070349000601,0.11683324749072607,0.11778556473518788
2017-11-09,0.11578116884909989,0.11414540357609207,0.11443166784970413,0.11635501575610352,0.15026499859389808
2017-11-10,0.11661757338763015,0.11402732801365054,0.11677724195985054,0.11558177899853428,0.12249764675998744
2017-11-13,0.11447083731796334,0.11286192595681077,0.11561127130055776,0.11464846385285837,0.07023323045394284
2017-11-14,0.11385754936650194,0.11151122191030777,0.11263621482763339,0.11114202635415951,0.12017361717438656
2017-11-15,0.1097640887396773,0.10732645344579445,0.10888376144169234,0.1081287809835847,0.1481874569946488
2017-11-16,0.11137742859857028,0.10937905748694063,0.11145682530148332,0.11082197845999495,0.11284300043743616
2017-11-17,0.11119071181658638,0.10874336250119501,0.11057227792099072,0.10955531003379443,0.10171582848213499
2017-11-20,0.11019069906323839,0.10764421426657828,0.11046506821070787,0.10932866116106765,0.06562550568050772
2017-11-21,0.11084404521974722,0.11180243802876202,0.11210003932599344,0.11354178670912543,0.12240673430787853
2017-11-22,0.1142841590568453,0.11352405547612235,0.11514222399757149,0.1159683973773189,0.1253364200885148
2017-11-24,0.11660425167502389,0.11418623937249414,0.11728648733015332,0.11598176809290828,0.05131191630164303
2017-11-27,0.1165374836290784,0.11362994966259754,0.11553080617584002,0.11480838980609676,0.09414384558712079
2017-11-28,0.11553749211643208,0.1133518679518431,0.11354742473579518,0.11344849656973638,0.1307136995621957
2017-11-29,0.11331073790824431,0.11076947965047224,0.1072487030669313,0.10866199815283781,0.22826916296041033
2017-11-30,0.11037741131149659,0.1097366179379875,0.10896415693280467,0.11182192941952018,0.22737796483832867
2017-12-01,0.10973735102068802,0.10911415077696726,0.10904450748960456,0.11075525554050661,0.21605936455077002
2017-12-04,0.11311082074970016,0.11037229034791024,0.11055895609288766,0.10908875045480032,0.16985471133775915
2017-12-05,0.10855064189096758,0.10891549394730476,0.10891046176246033,0.1088753198627947,0.1366127652926989
2017-12-06,0.10647068026162851,0.10716750947301587,0.10631067094498023,0.10803542551496637,0.1443582501209632
2017-12-07,0.1085107649429867,0.10748539470764279,0.10959407057818235,0.10844880710133947,0.1258767729728804
2017-12-08,0.11045739722410211,0.10822691008824356,0.10947338571873236,0.10851537758595955,0.11103563528036968
2017-12-11,0.10873742526086896,0.11072986295863071,0.10943323151917911,0.11291523584766375,0.18734191356946778
2017-12-12,0.1126707062325149,0.11006760827116371,0.1130113173690871,0.11162184776669418,0.0857722172506698
2017-12-13,0.11313743512586555,0.11159056485932539,0.11373503209881772,0.11238186624354232,0.11400117385902071
2017-12-14,0.113004079466102,0.11104761467770488,0.1132659617361953,0.11231518687687347,0.09260537641516516
2017-12-15,0.11464418014965636,0.11242491196775223,0.11435155324795501,0.11464846385285837,0.21868430154828067
2017-12-18,0.11631083445199725,0.11643742972224838,0.11756784903785383,0.11791492531606063,0.14987125804427148
2017-12-19,0.11651080621740245,0.11404046776517879,0.11653590921924051,0.115408351671248,0.13716464229071207
2017-12-20,0.11629748681993321,0.11408021681596478,0.1154102159374863,0.11515507024939128,0.11180647043768745
2017-12-21,0.11536411976594382,0.11487476928361784,0.1165493242207992,0.11603498963834871,0.09563621830448597
2017-12-22,0.11604412397614822,0.11408019493888114,0.11708537343841449,0.11603498963834871,0.06618250450680875
2017-12-26,0.11087079661605023,0.10884938408081574,0.1106259517581614,0.11011537751627504,0.17397202105263493
2017-12-27,0.10993743630351002,0.10793561447901065,0.11066615995949608,0.11015535900458462,0.09914659136725447
2017-12-28,0.11113745096607944,0.10935260318243462,0.11169805812783762,0.11079532413445523,0.06701992343186824
2017-12-29,0.11049740744662881,0.10768396268129235,0.1100094461176587,0.10832873197795218,0.12796775937138521
2018-01-02,0.11001742667405007,0.10994851410990125,0.11006307110423205,0.11236856085718219,0.12512514467164199
2018-01-03,0.11317740225013004,0.11292806568348848,0.11368140336645785,0.11232849226323358,0.15049099926709836
2018-01-04,0.11319078397593224,0.11149789948838854,0.11384226965704122,0.11339516614224718,0.10514169137815434
2018-01-05,0.11439079541008412,0.1140139969173111,0.11514218931036602,0.11602168425198861,0.11298705185803125
2018-01-08,0.11560415630927712,0.11433183272238928,0.11632150378304537,0.11515507024939128,0.09318990506851325
2018-01-09,0.1158709274279961,0.1136035797720294,0.11562474764374947,0.11512850302949057,0.09969590745112376
2018-01-10,0.1140174875525817,0.11259706100774111,0.11507520837877083,0.11507508549636233,0.11490709723742988
2018-01-11,0.11592418973819138,0.11417296684379355,0.11707204256382445,0.11639504079723262,0.08102492265639143
2018-01-12,0.11804429243421766,0.11664943026424016,0.11862666508679012,0.1188083243026562,0.12424290974906403
2018-01-16,0.12033763355774801,0.11933767860392738,0.11928330924964772,0.11760835701953426,0.1507983089643679
2018-01-17,0.11800425964625161,0.119152280540721,0.11784936573274343,0.12148817283988686,0.18166308645534107
2018-01-18,0.12229761814517628,0.12027787365529158,0.12211096298396193,0.12170142922061442,0.16121802838741317
2018-01-19,0.1212843079491667,0.11958927692828278,0.12098528027988964,0.12063486422364966,0.16910372326505668
2018-01-22,0.11953757980117063,0.117205538908353,0.11989973240966736,0.1186882491792689,0.13506597314977553
2018-01-23,0.11953756666073434,0.11940383100039675,0.12019455250408362,0.11874155783034834,0.17079392660003917
2018-01-24,0.11947100469261854,0.11656998756400863,0.11534332635408709,0.11498186068620256,0.288698413785785
2018-01-25,0.11581748696639971,0.1134578140103829,0.11176503264171214,0.11083528384635505,0.2273894889519763
2018-01-26,0.11247077564968358,0.10955120528022119,0.11113516868768936,0.11136858812124723,0.21211363608353634
2018-01-29,0.11001745361990023,0.10711458796818168,0.1071281998862881,0.10663555079029641,0.28572327177909423
2018-01-30,0.10384395132728141,0.10341978648279371,0.10395198927482541,0.1053155519366066,0.25632269694990323
2018-01-31,0.10563070591787904,0.10483683529712548,0.10636431440480376,0.10592890629375698,0.169448166217413
2018-02-01,0.10603073328361176,0.10507521195316857,0.10671276088536166,0.10639557475479985,0.26389403961638147
2018-02-02,0.10447060739897854,0.1026649360716424,0.0977873185213691,0.09668928451689426,0.5159071982334814
2018-02-05,0.09527048647498104,0.09879807705270457,0.09229274867604417,0.09134291460520283,0.42720161388809347
2018-02-06,0.08957706496195739,0.0985862034884156,0.08961247620652221,0.10006249394071398,0.3984252618814812
2018-02-07,0.10059053052294842,0.09816237563870656,0.09640696633891324,0.09540933248074335,0.2919219644644352
2018-02-08,0.09685711051709919,0.09498409943621075,0.0909927564604959,0.08955626906687997,0.3097324821068128
2018-02-09,0.09341766052696823,0.09171814746347218,0.08539444136814045,0.0920864918926862,0.4139751325633198
2018-02-12,0.09533209326745509,0.09969617561596478,0.09517696386670388,0.10052029940298665,0.35089277468485147
2018-02-13,0.09995099691365278,0.10083977327434057,0.10074785269093436,0.10270244809527407,0.16989824687820565
2018-02-14,0.10141027406042932,0.10454956075044008,0.10240296321908604,0.10675871816386892,0.221729228465393
2018-02-15,0.11044708248367613,0.11192922836888183,0.11063803477624992,0.11428220641719439,0.28896794999943176
2018-02-16,0.11388776211216661,0.11422955647439195,0.11436534695350331,0.11353248818216019,0.21872783708872717
2018-02-20,0.11347277569844252,0.11348495676537532,0.11389441209003212,0.11275609384517651,0.17874172364567253
2018-02-21,0.11451704097778556,0.11329881158688773,0.11334271667461693,0.11171191499743954,0.20141285633319672
2018-02-22,0.11313802655991409,0.11307270895252455,0.1142845985977107,0.11362619207333458,0.1599279678874171
2018-02-23,0.11564158624014487,0.11533317957723785,0.11674706701101467,0.11764232821875154,0.1779856137446823
2018-02-26,0.11922953518433976,0.12030615153368784,0.12033983199929865,0.12228760661839097,0.20583427460266218
2018-02-27,0.12291124846307622,0.12175552857203195,0.12296379704978902,0.12151119050499756,0.21073778495971923
2018-02-28,0.1231254507226589,0.12194169348406872,0.12281579036540768,0.12114974565588935,0.20340076593740902
2018-03-01,0.12216146478229467,0.1208247162698515,0.1155629134334045,0.11697294315930237,0.273953310373671
2018-03-02,0.11447687261540845,0.11619751108114856,0.11528038895599477,0.11859284672813367,0.20770246147064658
2018-03-05,0.1177033510228978,0.11811223209169663,0.11806579033331632,0.11940944031752446,0.14334284766290173
2018-03-06,0.12131810425619324,0.11879037745734228,0.12023223711283718,0.11920864004317652,0.11380974552676322
2018-03-07,0.11734182138491597,0.11559909427676382,0.11772933839787017,0.11701309885889,0.16448383414943796
2018-03-08,0.11806475206729306,0.11728776045655961,0.11880582028954725,0.11957001956305546,0.11371755261758236
2018-03-09,0.12138498369377243,0.12111724709073368,0.12192763111615118,0.12363968212364942,0.167567815007245
2018-03-12,0.12450440017145789,0.12429522158604306,0.1257223027363766,0.12596908289869796,0.1677080250566242
2018-03-13,0.1275836530304547,0.12577118948475874,0.12441708740996149,0.1236263767372893,0.16441981129584016
2018-03-14,0.1245445562701947,0.12180870652440787,0.12249280575429819,0.1215781094121737,0.14953385760581095
2018-03-15,0.12210800505086111,0.12143645951332416,0.12284273761288,0.12185928641492613,0.10712127801139894
2018-03-16,0.12230878503169651,0.11994717709696462,0.12223716692018383,0.12101588606512731,0.21378911416219132
2018-03-19,0.12052814229874431,0.11775315248282953,0.11690850626322494,0.11737454370799821,0.175644938217146
2018-03-20,0.11774356870572683,0.11686238850837416,0.11863099882178152,0.1172943411908717,0.08731004619408946
2018-03-21,0.11747572095616601,0.11458855969846102,0.11367907910225314,0.11197961240255383,0.19874502402377553
2018-03-22,0.11072822265024818,0.11138404070972974,0.11009978471618856,0.10873995769975953,0.22714492165123262
2018-03-23,0.10857277298077184,0.10771414771202736,0.10517486273402252,0.10350562741625599,0.2241870658150133
2018-03-26,0.1081443478472448,0.1119425070585256,0.10719325213160519,0.11398765869885255,0.20185845539423752
2018-03-27,0.11565492005566655,0.11466829449119811,0.10783910613562506,0.10805715837190152,0.22350714310980446
2018-03-28,0.10704657175460064,0.10784714501780232,0.1055112858184617,0.10556724368055123,0.22828260775966586
2018-03-29,0.1077962783172916,0.11014746578406737,0.10781224962203481,0.10730754901891612,0.20734713463317866
2018-04-02,0.10622997702953821,0.1064111617865505,0.10454251557305297,0.10583504996771428,0.2021503996066436
2018-04-03,0.1075686911611359,0.1061584410640038,0.10509414192048139,0.1081241643847167,0.1553573763690687
2018-04-04,0.10387366350173766,0.11049321307800108,0.10494615669356952,0.11243482647206571,0.18306326626352543
2018-04-05,0.11418231173573826,0.11344504565766153,0.1147824957138846,0.11402783617484993,0.13394301229766975
2018-04-06,0.11202690387735914,0.1111181605370977,0.10956157975797512,0.10811081544553708,0.1856228999503663
2018-04-09,0.11056757928381505,0.11192921820015889,0.11178179943407876,0.11034640344736246,0.1472885761301354
2018-04-10,0.11474459027058367,0.11313921392424528,0.11404239563391097,0.11463023699789374,0.1433889441174922
2018-04-11,0.11371368321113398,0.11303280603822924,0.11427111514958621,0.11354585889774957,0.105122484522075
2018-04-12,0.11529348544277074,0.1144688757743196,0.11607424101475916,0.11582166792839185,0.10805281053124723
2018-04-13,0.11712766793982579,0.11558584268734018,0.11716424395012592,0.11661154186301367,0.12236191831036007
2018-04-16,0.1174622918664896,0.11605116344402852,0.1184828592741152,0.1180706701986261,0.09966005465310897
2018-04-17,0.11941706126923476,0.11970789788292832,0.12060904581720425,0.1213104555598789,0.1318443431567332
2018-04-18,0.12118424738335165,0.11954833342615187,0.12124147348942207,0.12077495186760151,0.09438521174518456
2018-04-19,0.11576207696563492,0.11498747531264861,0.11556295059767371,0.11402783617484993,0.18436485087716914
2018-04-20,0.11153152683826803,0.10944274486034802,0.10583421059314874,0.10454982804040269,0.3808016909716092
2018-04-23,0.10648422321715742,0.10372508140230349,0.10403105160034093,0.10390720618854207,0.1952916313007091
2018-04-24,0.10493123200655649,0.10294058984630128,0.10016917723505125,0.10082819606050811,0.17721477858736456
2018-04-25,0.10084793976739395,0.10173060804285683,0.10177048187642163,0.10177869279348045,0.14321928355545793
2018-04-26,0.10285610281830312,0.10214277882640854,0.10306222809693819,0.10254173819128451,0.14053608576117332
2018-04-27,0.10269549910266054,0.10028128453253674,0.09937532075543032,0.09999825353193767,0.18978758657690448
2018-04-30,0.1001919076847661,0.10417717035253882,0.10100343867176748,0.10393396939613059,0.23314130211920447
2018-05-01,0.1059220113203467,0.10675682100306522,0.10561895727974799,0.1090746828940988,0.3044755655978958
2018-05-02,0.11773012816059059,0.11812553767006756,0.11709696711516115,0.11907478045241449,0.3875132067142687
2018-05-03,0.11860032306965937,0.11779308592258311,0.1179581228621889,0.11950312243228908,0.17962331833971457
2018-05-04,0.12177333155326933,0.12676848145244543,0.12297731086096708,0.12879380989002656,0.32132574043630613
2018-05-07,0.13105107235622737,0.13131589011733202,0.13183133037077793,0.13057420559874983,0.23329495696783925
2018-05-08,0.13079674770695768,0.12938789201176545,0.130378100419524,0.13176568008206746,0.14335181086240545
2018-05-09,0.13288528130974164,0.13095692122858335,0.13246381701760476,0.13351939968884122,0.11011370618856108
2018-05-10,0.13447839478274892,0.1349060094009401,0.13573358093623217,0.13710706319592506,0.14070446586613555
2018-05-11,0.13779956097256302,0.13546835410038838,0.13643713759641468,0.13613951553411477,0.12932696455326692
2018-05-14,0.1371544136242418,0.13476087557329408,0.1369909349792941,0.13554817712722647,0.09454078727942726
2018-05-15,0.13415746567480497,0.1314773348250258,0.13326280985018685,0.13325024326427334,0.11321241230269556
2018-05-16,0.13320319748031073,0.13333263989780725,0.1344784468000111,0.13558848526168235,0.08432466053082309
2018-05-17,0.13579703130378473,0.1339333083959437,0.13496474514062995,0.1339893128349375,0.07223010325765886
2018-05-18,0.13470844549966682,0.13246503031834878,0.13465408209619462,0.13307548757599205,0.07865607707327207
2018-05-21,0.13579708261691598,0.13441388990524028,0.135707738538493,0.13484943746742792,0.0793161526938656
2018-05-22,0.13630774227999032,0.13389326746787705,0.13553207869937473,0.1342177691496739,0.05908429072841842
2018-05-23,0.13357948916236945,0.13338600899885672,0.13415423421588485,0.1358303776212373,0.0899285809062403
2018-05-24,0.1368318775867961,0.13383985767396883,0.1347621292645395,0.13554817712722647,0.11025967829476409
2018-05-25,0.13610613802549837,0.13492105305727353,0.1367072662312631,0.1361260577128864,0.07329928491274246
2018-05-29,0.13525945292842884,0.13371973026326767,0.13565363922913587,0.13521221067753117,0.10565067306425703
2018-05-30,0.13542068664380424,0.13271859327232693,0.13553203820001453,0.13467463822632716,0.08117089476259445
2018-05-31,0.1347487499258555,0.13302563296063563,0.13466757006781932,0.13382803674429436,0.13746170833140597
2018-06-01,0.13578359847152366,0.1357352807055131,0.1368423505935238,0.1383568766809755,0.11159455479227866
2018-06-04,0.14068905012765448,0.1399532904218988,0.14170525043254784,0.14049364333533412,0.12967268796269515
2018-06-05,0.1426109051422491,0.14064738293152856,0.14306953616419216,0.1424825481674585,0.09958066631464767
2018-06-06,0.14336353976589544,0.140834277703421,0.1424752054914754,0.14338295915799512,0.09553186105312152
2018-06-07,0.14404896194781097,0.140994460076664,0.14304255000436905,0.14268417594537716,0.09817984627792738
2018-06-08,0.1400574301078204,0.13805791158629688,0.139571029880522,0.14031897475269187,0.13217342062422605
2018-06-11,0.14029925959451117,0.13801777631090278,0.14016529069736505,0.13968726288211827,0.07872522175515773
2018-06-12,0.14035307831961286,0.13887211939216992,0.1414350916501313,0.14109839601063143,0.06977866819339831
2018-06-13,0.14173735268638193,0.13923252445707912,0.1404760398848246,0.13897508717750115,0.10004419177469591
2018-06-14,0.14056810566756317,0.13748392181087477,0.14017885035868144,0.1391094694020973,0.09986300709901406
2018-06-15,0.13852530948525915,0.13560186433794857,0.13753130121083584,0.1364755037602198,0.3566529108230474
2018-06-18,0.13563576292072982,0.13434709396970534,0.13609940877781512,0.13634107798280412,0.07985458489262327
2018-06-19,0.1319533586644568,0.1304895510975431,0.13103396171423215,0.13224232213877793,0.1764881191990293
2018-06-20,0.1335795188436592,0.13165078970384392,0.13411374171102747,0.13333081598036575,0.09357980424692398
2018-06-21,0.1347890717335365,0.13318582807114232,0.1330466233086657,0.1319332060023102,0.126123901187768
2018-06-22,0.13327050602051066,0.1302493523844224,0.13272253435764217,0.1312076160292842,0.13565370294580353
2018-06-25,0.1296148381229347,0.1286074411146925,0.12735976235300825,0.1275118762005879,0.1642251818209028
2018-06-26,0.12906379315713243,0.13075643667147402,0.12980466140603075,0.13054896673984415,0.11880800970714507
2018-06-27,0.13207431657942506,0.13175761779079279,0.13181743307178662,0.13018621530615057,0.12339268625328496
2018-06-28,0.1305556854072541,0.13032941227015724,0.13150677986817097,0.13198701551081404,0.07268594597527533
2018-06-29,0.13349892256197576,0.13163750711813185,0.13030456408062752,0.13146290088083834,0.10708222407070427
2018-07-02,0.13017929930754385,0.13178426275704958,0.13099339000475924,0.13424461946290142,0.07502982264549153
2018-07-03,0.13551479890162305,0.13265189483707068,0.1311554965172829,0.12986364134845452,0.050851591984274705
2018-07-05,0.13211460523080343,0.13059631639967,0.1321551038701168,0.13185256795698863,0.0678138068164812
2018-07-06,0.13232967887123737,0.13329264196583135,0.13339787020460364,0.13530635009690065,0.07345422021844918
2018-07-09,0.13781300933361007,0.136295942250043,0.1389361356630054,0.13881383286326773,0.08799637118465807
2018-07-10,0.13943912769421957,0.13709675680188588,0.14012474614248066,0.13850467317398055,0.06355564682369018
2018-07-11,0.13646906006620757,0.13509463255503673,0.1366532919425365,0.13518540391712316,0.08207361699832372
2018-07-12,0.1378533431792569,0.1372703807854761,0.13894965310795382,0.13941858553856504,0.07701325064995201
2018-07-13,0.13993641703009857,0.13784427617454192,0.141097353850127,0.13982168865953395,0.04162653900936478
2018-07-16,0.1405278681925617,0.13892557167765385,0.1404490850221241,0.13925737477715114,0.057819199141325495
2018-07-17,0.1381489731460251,0.1378843373058704,0.1388010227388129,0.1399829647501771,0.06096528216712238
2018-07-18,0.1408772835425886,0.13779099449535687,0.13978718144476238,0.13857198405653223,0.06646420506263916
2018-07-19,0.13806832500707017,0.13879200035336375,0.13946290623800484,0.14056082355942737,0.0913908628824145
2018-07-20,0.1408771735164444,0.1386317977655232,0.1401112704658426,0.1399695069289487,0.09388391280151363
2018-07-23,0.13939885988822476,0.13800450359659733,0.13928732873663818,0.1401980067965046,0.06387768177728723
2018-07-24,0.14177771673451728,0.14027371701579877,0.1426508703969801,0.14206603077808064,0.08121827167425684
2018-07-25,0.1425974796250975,0.14186208660661725,0.14316410840227078,0.14451182646326802,0.06849052837901017
2018-07-26,0.14468057850393928,0.14334368433521621,0.14475802349128025,0.14369203174164327,0.08363897576879042
2018-07-27,0.14519129842735023,0.14231589008986573,0.14001674587950186,0.13935133998524254,0.1153174837289919
2018-07-30,0.14103849208721536,0.13832484887595503,0.13862545692479628,0.1379134436491409,0.09614584021912463
2018-07-31,0.13888817781104512,0.13824476547549042,0.1389901587478673,0.1384241004578882,0.21358616171628625
2018-08-01,0.15075523574859784,0.15108550576094765,0.14975594150294524,0.15348878118566975,0.39645271776213237
2018-08-02,0.1527039940401989,0.1599219493259536,0.15386240177927207,0.16140417948535027,0.3610371958374261
2018-08-03,0.16137257314844017,0.16040255370587264,0.16079204719883256,0.1622105817149759,0.17564877958836184
2018-08-06,0.16267616583079936,0.16108325101294785,0.1629397841263423,0.16366191409589617,0.12428964643219044
2018-08-07,0.1644501516333559,0.161416907585602,0.16252097550517458,0.16102788312478936,0.12532681666047513
2018-08-08,0.16005544296290997,0.15916111529687066,0.15949523422136136,0.1612160530814796,0.10572365911735852
2018-08-09,0.1647324030458699,0.16179068322468737,0.16311536137257177,0.16340656391511274,0.11191530928880374
2018-08-10,0.16279345232076464,0.16186194608794718,0.16337857668252043,0.16257050221540129,0.11907690569225592
2018-08-13,0.16542328864229372,0.16433991857728109,0.16477471191583315,0.1643775304732545,0.127269910267169
2018-08-14,0.16656970133805965,0.1638175563197477,0.16553384377477198,0.16556432302847493,0.09434359689034598
2018-08-15,0.1653019001609511,0.16405862484648054,0.16562869158645238,0.1662250846296612,0.1459434559760452
2018-08-16,0.168713970627836,0.16817077490279192,0.16988500795911932,0.17037865169703995,0.14397667391352015
2018-08-17,0.17099320645818095,0.17371622498786282,0.17217584642256378,0.1761235734600616,0.18832274368658636
2018-08-20,0.1772780692934256,0.17536385075581173,0.1748191971813946,0.17326465750541817,0.15541947853705856
2018-08-21,0.1755247915419565,0.1726982835212022,0.17335521338557874,0.17269823131128917,0.12899148480041434
2018-08-22,0.1718834589001657,0.17158657611832634,0.17309772637948168,0.17271179801456635,0.08326828344645905
2018-08-23,0.1726252172814577,0.1725108315130679,0.1741279526641174,0.17330518340397164,0.08240461515142446
2018-08-24,0.17525509488381452,0.1723098540840799,0.1748192250913747,0.17420868664469338,0.07980016546706513
2018-08-27,0.17599679053589018,0.17477446699122218,0.17647292250165503,0.17660910029195195,0.09291652748365058
2018-08-28,0.1785054290540934,0.177185638669012,0.17998386511915215,0.17898270717880252,0.10733255342827176
2018-08-29,0.18004290476452883,0.18113713157701095,0.18064807856115767,0.18340604041022227,0.13600198726937568
2018-08-30,0.18422366634339565,0.18752634151555103,0.1847009927962363,0.1861705120757596,0.27390081163372076
2018-08-31,0.1886203320300801,0.18834344336120595,0.1895809371220909,0.18967684069240967,0.2389846679670775
2018-09-04,0.19118286847301263,0.18875873487273676,0.19043498439309892,0.19066135217741884,0.13686821647855418
2018-09-05,0.19196515850712326,0.18941514968536177,0.18836107838721872,0.18865202107294463,0.17491635814320278
2018-09-06,0.18824276700788556,0.18630750111014777,0.18320999253721426,0.18356783913469957,0.1810433452325142
2018-09-07,0.18233553460912044,0.18365522605945106,0.1824101537816396,0.18114031385729643,0.20236167502351637
2018-09-10,0.18112179849560806,0.1789403310051224,0.17666276037196238,0.1771351094695763,0.21450488966541498
2018-09-11,0.1771566826317333,0.1822220378835095,0.17678472607123885,0.18457924448575577,0.1903842795724362
2018-09-12,0.18650296439041025,0.1831596732385803,0.1812308750349111,0.18083019600597997,0.27700527980467904
2018-09-13,0.18458782240670057,0.18764692076067502,0.18493146163215196,0.18803156760621423,0.2285252543748016
2018-09-14,0.18759538016226884,0.18562431881882024,0.18486371409166913,0.18456574311170784,0.16637763015886153
2018-09-17,0.18274014345872458,0.18041369972998655,0.17774713951614185,0.1765282009297133,0.19964262443121694
2018-09-18,0.17685994341443612,0.1789402723750494,0.1775437910703545,0.1770136842087842,0.1636400129390187
2018-09-19,0.17781754925998777,0.17595324835045195,0.17507677259919274,0.17718902786012888,0.13516328788724424
2018-09-20,0.18016427350945746,0.17951631798283363,0.1802955993801304,0.17942770811213946,0.1318661109269565
2018-09-21,0.18089248196740432,0.1782839306709733,0.17777424254263707,0.17623151912321552,0.5777078185829214
2018-09-24,0.17555180229042122,0.17815000936488534,0.17687964107440013,0.1804525930608338,0.13881002962817607
2018-09-25,0.17950333925433343,0.1802395716938528,0.18104106754225008,0.1823405642337452,0.1187132558838203
2018-09-26,0.18118920921968545,0.18148531794791783,0.1811224310267579,0.17995360840771504,0.11506587391435248
2018-09-27,0.1849924904416581,0.18508856325019735,0.18624637393810023,0.18606269707106418,0.15473763514624178
2018-09-28,0.18630067981675874,0.18428486384003245,0.1868970450520399,0.1871280861419022,0.1083095421741745
2018-10-01,0.19056253025439213,0.18908027697066898,0.19005549474205796,0.18917796492133968,0.11260803656473216
2018-10-02,0.189618342213888,0.1898570562835976,0.19043491825136755,0.19190197601755285,0.12021011020093732
2018-10-03,0.193394663280688,0.19450511748210053,0.1947048872400335,0.195664569424196,0.14496518677307052
2018-10-04,0.19437923292743436,0.1930049481529128,0.1905705519862873,0.1901624110771196,0.1666510077437242
2018-10-05,0.19057599902465522,0.18772737300189068,0.18223402673002942,0.18517265165157085,0.17650092376974885
2018-10-08,0.1828210926885594,0.18289176719079742,0.18171885503749713,0.18447134237542126,0.15142573292962658
2018-10-09,0.1847497729850257,0.18620039256214743,0.18449779779835368,0.18865202107294463,0.13367283585548695
2018-10-10,0.18720430886415307,0.18496801751787334,0.17609344116315184,0.17447840925591487,0.23034478387405166
2018-10-11,0.17244992880025656,0.175792591643745,0.17103736096120936,0.1719026737337214,0.3016265486127928
2018-10-12,0.1804069744368278,0.1803199676544816,0.1771642702066134,0.18223270567623026,0.2197637268599399
2018-10-15,0.18140506490950603,0.17891357242757305,0.17774722816054528,0.17582702231202232,0.1586417487586369
2018-10-16,0.1783974143483782,0.18046727445635535,0.17705578824888552,0.1822866022903731,0.14835327618546718
2018-10-17,0.18294250039979099,0.17999850676165358,0.18055312745043994,0.18099203828327678,0.1080278416183441
2018-10-18,0.17695443037517122,0.1761140285576766,0.17195906818877826,0.17401990694853012,0.17010376023825463
2018-10-19,0.1772241126573778,0.17814998392732584,0.17796402632030273,0.1784566762247685,0.17328825697621025
2018-10-22,0.17955728382802671,0.1809628915833485,0.1800108763435247,0.18026374803544118,0.14584422055296858
2018-10-23,0.17421662723156905,0.18081560681187547,0.1742634639986897,0.18306885448158075,0.20971149861654614
2018-10-24,0.18334712520494045,0.1821283036156644,0.17404658029457643,0.17276571640511892,0.2235257097373478
2018-10-25,0.1767521067388721,0.17831075182162742,0.1770422889348368,0.17911750315518402,0.15265433149016872
2018-10-26,0.17431101176223612,0.17671677327804663,0.1715117203369116,0.1743974881172665,0.26407074269231146
2018-10-29,0.17874810489279053,0.17604699344209918,0.16259226965118045,0.16892222363623707,0.2556011593898558
2018-10-30,0.1679048011015178,0.1700059026999341,0.16690287773079177,0.17035171427817344,0.19621676153519763
2018-10-31,0.1756327287176811,0.1770650392832393,0.17686608215320793,0.17784985479054446,0.20709360413293132
2018-11-01,0.17855928045277847,0.17962340440472874,0.17712358094166525,0.18238102480306942,0.33491074974122764
2018-11-02,0.16574698747184147,0.16795653583328213,0.16169765512031742,0.16250301712157153,0.5462213791835134
2018-11-05,0.15866644555434234,0.15555287672194068,0.15185645447648793,0.1545598538994538,0.3851078681045986
2018-11-06,0.15545661950736572,0.155994920342148,0.15662795009975283,0.15749977809838459,0.16563240414298286
2018-11-07,0.16091874478817314,0.16314778110999056,0.15993547033460004,0.1658340020868769,0.17550152702508687
2018-11-08,0.16731504507702105,0.16421022046263034,0.164464862730628,0.1648461588111753,0.12388758291159611
2018-11-09,0.16131956937416547,0.1586856882483556,0.15834363881406965,0.1594059107970314,0.18152863846278566
2018-11-12,0.1524549378433797,0.15040565773782794,0.14683577357800393,0.14546704867715712,0.28889304326072235
2018-11-13,0.1424805894675002,0.14681674709431558,0.14365277342331273,0.14284168471713274,0.26166668453971326
2018-11-14,0.14555280811599397,0.14318759637563544,0.13614418494882924,0.13549343123310312,0.3507743324056955
2018-11-15,0.13809565045950323,0.13981369109261538,0.13746357072957094,0.14173200242885362,0.2590795210258254
2018-11-16,0.14095131163826602,0.14384620956619415,0.1409459038006312,0.14460100086121344,0.19793449469722713
2018-11-19,0.14027461201408203,0.13810663200163054,0.134865511167526,0.1342212969280541,0.22992671464005793
2018-11-20,0.12453483532360016,0.12570002126372848,0.121970168996895,0.12220409408698177,0.39574526522987646
2018-11-21,0.12637544064858222,0.12408705047030336,0.12338487025333275,0.12193345686655058,0.16077499024051628
2018-11-23,0.11989279340314624,0.1191539952293337,0.11733170717034089,0.11585720702911148,0.11275656958507908
2018-11-26,0.11894550386636737,0.11693618862500804,0.11482887339669026,0.11901043116158941,0.24960221800774002
2018-11-27,0.11525067536181463,0.11669414742096557,0.11567214990461966,0.11849609413959358,0.22648292534503117
2018-11-28,0.12231532998990188,0.12545808976078826,0.12118124079806719,0.12756313786915038,0.2564142496305481
2018-11-29,0.13034082428077617,0.1274877578249887,0.1249491520748384,0.1256820480417215,0.22893243972368377
2018-11-30,0.12713334149062216,0.1241677112708201,0.12403780540139298,0.1243693878381191,0.2146009239458117
2018-12-03,0.13277688227929335,0.13036423770822406,0.12972367104482183,0.13281384401278953,0.22273822863809462
2018-12-04,0.12802655380879752,0.12693665599527212,0.12300399330406675,0.12181166140679264,0.22620698684602453
2018-12-06,0.11558905946888595,0.11670762267725746,0.1150464601166444,0.11914570621898549,0.2374372355956182
2018-12-07,0.11793039247963805,0.11631780639894085,0.1121626891286952,0.11071472964195314,0.23220784891374824
2018-12-10,0.10644025060603118,0.11040350656563444,0.10540218917294661,0.11221688816324085,0.3586171319714285
2018-12-11,0.11545371111111474,0.11268855658593155,0.1103943381635234,0.11090418440681887,0.26421991594119437
2018-12-12,0.11374844656560579,0.11286330378299086,0.11314207621891745,0.11154022978293365,0.18960768235829462
2018-12-13,0.11387037894737459,0.11373713299748281,0.11386312718406191,0.1140439071652489,0.16573292002313145
2018-12-14,0.11185372700286361,0.10904589330111747,0.1080546791830744,0.1066413215388814,0.22210568284454818
2018-12-17,0.10704922627220259,0.10806464406101349,0.10458598458552726,0.10455725379612907,0.2450527540310789
2018-12-18,0.1069545415837963,0.10696246502521997,0.10684406745307184,0.10743979715535634,0.17817192024865197
2018-12-19,0.10779367506798557,0.10685497804628177,0.09963471252929432,0.10042981842045595,0.2755237909724255
2018-12-20,0.10021469595336835,0.09967709810975439,0.09447924953857753,0.0949354124752522,0.3762042098547497
2018-12-21,0.09542375985158053,0.09436767352882866,0.08676655713712514,0.08668036751262792,0.5744932311037748
2018-12-24,0.0836359346441082,0.0854828552272687,0.08263141555687628,0.08140263684448323,0.19947680524039862
2018-12-26,0.08383892604838183,0.09311764166079789,0.08280822950417951,0.09539556978977837,0.3365708623350191
2018-12-27,0.09404330877933675,0.09249928974808688,0.08736507265951107,0.0940151631754291,0.3015798119296664
2018-12-28,0.09628994358942983,0.09485159673498406,0.09345907557714439,0.09412345726113913,0.2322705913102741
2018-12-31,0.0976839207862163,0.09598068884211888,0.09608437779507695,0.09616693377610869,0.18561137583671866
2019-01-02,0.09275758498452272,0.0952951194392915,0.09302372995389266,0.09641045936639533,0.19864770928630682
2019-01-03,0.07799233540798331,0.07764637363146445,0.07638777924494977,0.07512336553890125,0.546115741475077
2019-01-04,0.07873667819206712,0.08145032880401867,0.07883624087037625,0.0833377757209233,0.3367283585548697
2019-01-07,0.08438019784582673,0.08182664396000122,0.08169273459563453,0.08289114155685476,0.3122120872266564
2019-01-08,0.08554412229284294,0.0858457080673917,0.08525666054136802,0.086707435589953,0.22416465781625405
2019-01-09,0.08788547897140192,0.08948839283470303,0.08676657911177862,0.0901718663942351,0.2502462879149341
2019-01-10,0.08952304573084888,0.08873564199992287,0.08843967261843133,0.09083495807126513,0.19058723201834127
2019-01-11,0.09003730883323435,0.08837268780365301,0.08932381002037718,0.08879145977988578,0.13451921798005018
2019-01-14,0.0872900385651573,0.08510646871062788,0.08620889277298754,0.0856925242369263,0.16919399548862962
2019-01-15,0.08650501116382447,0.08795601078852364,0.08733784610685011,0.08984704946633423,0.14532435498175428
2019-01-16,0.09030805433358555,0.0913030400406869,0.09135068493426685,0.09237775137315507,0.15722492300851715
2019-01-17,0.09182385157233822,0.09369566668558493,0.09170437065529025,0.09362279582446925,0.1524328124167203
2019-01-18,0.09628996566093895,0.09399135777591694,0.09540426451481104,0.09492193287761405,0.17759251342359167
2019-01-22,0.09481479307223209,0.09244556289075903,0.09083377796924252,0.09015836502018718,0.15610004147080342
2019-01-23,0.09175614728666368,0.09030834810893174,0.08958233121223164,0.09099738831162527,0.10959768198856264
2019-01-24,0.09170207421673918,0.08942125076754073,0.0896368056489345,0.08934643158248384,0.12439272322648291
2019-01-25,0.09355609953587396,0.09432735281508772,0.09314619831131862,0.09619395830061422,0.17621282092855867
2019-01-28,0.09397567401316481,0.0919078945252444,0.092248451024975,0.09421820641998174,0.1291982786175353
2019-01-29,0.09459825241386385,0.09432740218624347,0.09286058254829671,0.09202588814433893,0.22776210195991559
2019-01-30,0.10407182579099927,0.10510749656531318,0.10118534394257284,0.10633007131425773,0.3527513581247962
2019-01-31,0.10794249521246047,0.10893837664419181,0.10707530606557855,0.10794050214484571,0.22233552488896435
2019-02-01,0.10909287856793837,0.1089114948365762,0.10893886760480248,0.10804877445414598,0.1706594786074837
2019-02-04,0.10970190665705559,0.11251386579193026,0.11077524570179789,0.11444981944307617,0.16315215879460332
2019-02-05,0.11707772694902036,0.11711082179182028,0.11767172722725441,0.1184148681312086,0.19264172539029534
2019-02-06,0.11950026874339265,0.1177694785643969,0.11835187045804424,0.11849609413959358,0.142306957891689
2019-02-07,0.11645517946251172,0.11557849526857752,0.11493759814198515,0.11403025335633271,0.16472840145018164
2019-02-08,0.11282110864928524,0.11215352327385211,0.11330848152534026,0.11430211005571014,0.11401141751559636
2019-02-11,0.11562098060102002,0.11289595315947323,0.11444231261263174,0.11297015595306509,0.09591471771763647
2019-02-12,0.11432979682521707,0.11261249159803319,0.11505708387017463,0.1149544659627312,0.10417430606029128
2019-02-13,0.1160830900357527,0.11461033519389652,0.1153575891331308,0.1139894661408622,0.10549765844415822
2019-02-14,0.11379962640630145,0.11296337257241967,0.114619851594288,0.11483206076350008,0.10130736267618089
2019-02-15,0.11589284981144168,0.11355744011444488,0.11512539883869036,0.11431569853539708,0.11917678134386851
2019-02-19,0.11379973914043107,0.11320648259349492,0.11477023625996291,0.1150088416578886,0.08297825991966093
2019-02-20,0.11581130592977629,0.11574433439963583,0.11681937087654001,0.11650383574036702,0.12870082104508024
2019-02-21,0.11664037948985839,0.1144618640523277,0.11587673406903481,0.11518549189381858,0.07194648201622052
2019-02-22,0.11634137297100638,0.11531233704924271,0.11735213627539995,0.11778137059503516,0.08259668371221791
2019-02-25,0.1198479998322049,0.11918655552929389,0.12086293962106215,0.11949375857609457,0.10154872883424466
2019-02-26,0.11923640666250376,0.11841714277415089,0.11979741840919192,0.11962970870219305,0.07079727179413964
2019-02-27,0.11855671938453977,0.11801206312092169,0.11919623391705284,0.12036350838169657,0.1397191541492651
2019-02-28,0.12006547411467078,0.11789064124648665,0.11945586194891292,0.11802594145299,0.1421520225859823
2019-03-01,0.12001112687142917,0.11821464115744337,0.11941491210761984,0.12049952383702431,0.12723981952597802
2019-03-04,0.12192757282651073,0.12172445052352154,0.12089029922967462,0.12169552781357093,0.13716336183364014
2019-03-05,0.12226736725541248,0.11936208382976177,0.12166896373427369,0.12126060935795044,0.08787344730575027
2019-03-06,0.12054120084060777,0.11867362611231227,0.12084931376102548,0.11988793336906406,0.09474309949679637
2019-03-07,0.11945386671016353,0.11725621477669168,0.11822642195928884,0.11714258139129133,0.12026260894088754
2019-03-08,0.11462882643360009,0.11540685266658901,0.11478387719867891,0.11769983971691364,0.11515998750914126
2019-03-11,0.12165576411899934,0.12357386257737904,0.12277554322647313,0.12584075451601362,0.16645253689757095
2019-03-12,0.12778563392611283,0.1283660783495112,0.12826722234164573,0.12857251801409944,0.16937582039284743
2019-03-13,0.13084374107234562,0.12921649263371862,0.13038463329560318,0.12965974882392145,0.16018790067302424
2019-03-14,0.13308645069003303,0.1302965090472409,0.13262510557660745,0.13240516613092343,0.1124716678865688
2019-03-15,0.13437765698360077,0.13465672737476375,0.13423708163589154,0.1356533571863415,0.2114727673190222
2019-03-18,0.13566888174393427,0.13608765272755508,0.13703757412345435,0.13823564740787117,0.1293756219220013
2019-03-19,0.13913483077424338,0.13689765487683941,0.1372152129155247,0.13621063728837354,0.16411826365539445
2019-03-20,0.1362533291180013,0.13757258784787896,0.13558952468960722,0.1384259296763076,0.16020518684349566
2019-03-21,0.14140462437528573,0.1468060590350979,0.14252929962483368,0.14784440110648553,0.2882444917537764
2019-03-22,0.14863542623350967,0.14864193912307605,0.14385439911578118,0.14235367537453034,0.23301517709761677
2019-03-25,0.14342977851863925,0.14093387352689546,0.1381441298800259,0.1392141921566076,0.2422191025308394
2019-03-26,0.14363367466464272,0.14214882423492525,0.13538461386609246,0.13656395953664327,0.28034599230541335
2019-03-27,0.13967841523376745,0.13793700293483135,0.13807578292828898,0.13884719432301193,0.15260695457850637
2019-03-28,0.13995025196713434,0.13766702754235516,0.1394145576256925,0.1391869716444142,0.09455103093600291
2019-03-29,0.14114639393285422,0.1383690517003911,0.14079436671127715,0.14085870306846163,0.11237243246349217
2019-04-01,0.14360644287070845,0.14052885701490503,0.14057574664634737,0.14261187826499158,0.13988945493983534
2019-04-02,0.14285887735779113,0.1442816501733986,0.14422321051810272,0.14639012891024836,0.10726148806077816
2019-04-03,0.14579471168889602,0.14703548959196217,0.147092006577003,0.1481977233547552,0.11050168468136386
2019-04-04,0.14788791238728882,0.14686006836097132,0.1470784281816902,0.14865988409897882,0.08388418329807008
2019-04-05,0.15014416837427624,0.1478455421133063,0.15088984590162746,0.15044030158411184,0.08012156019212618
2019-04-08,0.15010331622266782,0.15207071088818924,0.15144987214374755,0.15465340535575992,0.12721100924185896
2019-04-09,0.1554041241906458,0.15560752495208668,0.1553978926389165,0.15383794413967636,0.19050720345134398
2019-04-10,0.1531750289367405,0.15275916225849323,0.15396346332338662,0.15536009340511883,0.10040848181166749
2019-04-11,0.15612447084877162,0.15311014190739675,0.1543186688747007,0.15309042532202735,0.09532186609332068
2019-04-12,0.15388192334950035,0.15194931561017128,0.1512723858419746,0.15298180459017105,0.13924090343288942
2019-04-15,0.1530391735689025,0.1515577811361809,0.15373127942160653,0.15347101163530993,0.07378329768594197
2019-04-16,0.15423529020405763,0.15360968349258675,0.15448267016888662,0.15349823214750327,0.12602466576469135
2019-04-17,0.15434402327462288,0.15632306102110466,0.1545509962576349,0.158771520428058,0.1465785626837356
2019-04-18,0.15920980286081848,0.15736240521311795,0.15989236042270583,0.1597635665508423,0.11641739635380245
2019-04-22,0.15881568735112794,0.1584288936002361,0.15964648923944602,0.1606741906775538,0.0859662064970712
2019-04-23,0.16099039463009868,0.162222210660313,0.16177763220415514,0.16468353258312726,0.1108294816917847
2019-04-24,0.16497275615878587,0.16320760679123764,0.1660808094364521,0.16424859235109704,0.0738089068273811
2019-04-25,0.1642524607364137,0.1622357273665191,0.16344429783972275,0.16169356619458028,0.08022783812909856
2019-04-26,0.16162913831365266,0.15850984829059644,0.15934590877247778,0.16036156853911562,0.08090584014869948
2019-04-29,0.16094960855277585,0.15981933527116998,0.16172298506318689,0.16078294206786872,0.10366980597394045
2019-04-30,0.1591282857922517,0.15634999265772948,0.155233993574875,0.1554281011327827,0.25943868923450913
2019-05-01,0.16839782298679884,0.17242751860174643,0.16905882305747294,0.1688150619238343,0.3765518539497859
2019-05-02,0.1683435264737942,0.1688368000897148,0.16755621073126492,0.166953178889809,0.16635842330278217
2019-05-03,0.16977068724957184,0.1677433842557094,0.1704250221959156,0.17048683690070124,0.0952680868962985
2019-05-06,0.16080010921800109,0.16369362158176143,0.1612312002560366,0.16604262009232681,0.16921896440153278
2019-05-07,0.1629612154267942,0.16177672846408803,0.15758371860096293,0.15840454437087212,0.20968524924657106
2019-05-08,0.15755164744873967,0.15896886180453323,0.1588405036263365,0.15845887651321003,0.13014197547956718
2019-05-09,0.15551289351483888,0.15402814946162757,0.15188708600588308,0.1554960870840368,0.18500379895607538
2019-05-10,0.15249587023448397,0.15124160398625835,0.1475870879713243,0.15171690005316055,0.22533883695123808
2019-05-13,0.13924740093603294,0.1385440594336032,0.13398318281582716,0.13608174271903564,0.32919606982908617
2019-05-14,0.13747369844624113,0.13884222634089177,0.13749389431851666,0.14009289206661876,0.195382543752818
2019-05-15,0.13728266416710339,0.14162021371400418,0.13833040636674943,0.14317623570019392,0.13145572443539444
2019-05-16,0.14224912405925688,0.14259590215879514,0.14219762455112706,0.14203020858403423,0.17298542887869256
2019-05-17,0.13818321585771343,0.14046840742748407,0.13934525350225424,0.14055679492362275,0.1720103608183977
2019-05-20,0.13353056278220438,0.13159235007066405,0.1304588352719734,0.13249362190734695,0.20871594324310005
2019-05-21,0.13584999483500038,0.1365384728379888,0.13652017142620487,0.1372823415180405,0.14310852401873375
2019-05-22,0.13508594375714278,0.1334352687558818,0.13357177633951778,0.132070636924272,0.15196800649960007
2019-05-23,0.12845496396990375,0.12642933444543542,0.12707159663222567,0.12781402388593413,0.195382543752818
2019-05-24,0.12900060292315865,0.1285974205434471,0.12818227627098988,0.12687252081019046,0.11333725686721131
2019-05-28,0.12725423040930392,0.1264970510773931,0.12720869735718734,0.12586298823037312,0.14044133193784852
2019-05-29,0.12384322281527507,0.12481673691368358,0.1245894221154982,0.12470335085811685,0.14385375003461237
2019-05-30,0.12593072548033432,0.12465406085956338,0.12550818259361146,0.12595847778714744,0.09735523192358746
2019-05-31,0.12358395004599562,0.12297373838414927,0.12320432666652753,0.12155173817996076,0.1346498246013897
2019-06-03,0.12272436735871753,0.12287885290807926,0.11673149746380504,0.1191368649966251,0.22013633986787923
2019-06-04,0.12250604401283796,0.12546712876853044,0.12255975739840971,0.12778665093887248,0.15977495326731828
2019-06-05,0.13456743125432669,0.1324595501035783,0.13163812754451934,0.13174316327438115,0.15212678317652267
2019-06-06,0.13293020074881184,0.13311006349316656,0.13302325183310287,0.13539961845988,0.10572878094564635
2019-06-07,0.13761008511716644,0.1418505567247021,0.1379875420117576,0.1421256763643988,0.1579592651392841
2019-06-10,0.1448415543066388,0.14652580382221547,0.1460100536674669,0.14544106942031979,0.12938266443589702
2019-06-11,0.14900296625529486,0.1473794861226677,0.14872530714029375,0.1484834516271464,0.13394109161206186
2019-06-12,0.14776133614697368,0.14733882447290186,0.1484373030714617,0.14763756876663556,0.07837117537476178
2019-06-13,0.14878465850560496,0.14845002695506732,0.14872531040936182,0.14758299708379033,0.10027595450472
2019-06-14,0.1444867396766738,0.14411361219808527,0.14419979659782495,0.1456592908224715,0.08162545702313898
2019-06-17,0.1463286902773397,0.1459701498981233,0.14676423585904386,0.14722825936888653,0.05542474441676701
2019-06-18,0.15062661983215453,0.15319295103405722,0.1509331940147663,0.15344958364811137,0.13149605883316107
2019-06-19,0.1555794438741605,0.15263738676753202,0.15381305401361828,0.15265829424685548,0.09675213664269598
2019-06-20,0.15652088213804594,0.15362661054738536,0.1548004239290512,0.15482757308097786,0.09924774747593902
2019-06-21,0.1543787311994992,0.1539518134200169,0.1549649463447461,0.15389978914337962,0.2675420618143852
2019-06-24,0.15402399427623908,0.1530167994711205,0.15499240310176116,0.1536269525055632,0.07816118041496092
2019-06-25,0.1538739379434158,0.15179720677478137,0.1510429141075028,0.14952037893043504,0.09640705346180371
2019-06-26,0.1529734163225816,0.15414155833062915,0.15386790499698222,0.15529143238516233,0.12840055386170646
2019-06-27,0.1564116979161076,0.15492750844141023,0.1569122987377234,0.15520955308448472,0.0953148235794249
2019-06-28,0.15421503634808503,0.15212243883314058,0.15345651357122853,0.15272651973861687,0.16068791915962322
2019-07-01,0.16034119378996725,0.15888444397027723,0.15839332836529452,0.1576789543978461,0.13599046315572805
2019-07-02,0.15793987480777139,0.15704151654003756,0.15936704147065367,0.15928888437100977,0.06993296327056907
2019-07-03,0.16049132327298388,0.15881672695725252,0.16119095398155364,0.16158096037973876,0.034251746503431865
2019-07-05,0.16058679332794829,0.15968395553638803,0.1614788785439195,0.16133532247770596,0.07204763812490507
2019-07-08,0.1571212570280176,0.15469717798895644,0.15532157655765477,0.15559162019363063,0.12373392806296137
2019-07-09,0.15492446983525382,0.15484616023531417,0.155870029652807,0.1572560129675907,0.09325520837918304
2019-07-10,0.15854024788354942,0.15785460578476307,0.1596413372229899,0.15997107395939467,0.0760913215581434
2019-07-11,0.16053216492280659,0.15874887777529484,0.1598469398788288,0.15795176925925278,0.09078264577323521
2019-07-12,0.15935890352205612,0.15822051511300073,0.1605190263162808,0.16006660706898843,0.0741584716080252
2019-07-15,0.16159653086293713,0.16075457873241106,0.16298746684993293,0.16267245936587268,0.0700110711519584
2019-07-16,0.16227871370204444,0.16107979198448652,0.16230176402060742,0.16170375755434543,0.06949504695195997
2019-07-17,0.1615419558467246,0.15969757715575184,0.1619863733357133,0.16013481078434014,0.05182922095871342
2019-07-18,0.16147371838536778,0.16076812282652259,0.16257603472574933,0.16328637990967668,0.08021119218716313
2019-07-19,0.16391599156619074,0.16160827568936637,0.16073840320119337,0.15909788348105144,0.09550433122607445
2019-07-22,0.16099618635660462,0.16259754670069965,0.16245263835706508,0.16541474086987,0.10413845326227651
2019-07-23,0.1675589868955869,0.16487412073407898,0.16749918481528847,0.16762489402510192,0.07902420848145954
2019-07-24,0.1664811244039588,0.16519937203326757,0.16733466377232153,0.1673929970376243,0.05748948144529671
2019-07-25,0.1681456752411965,0.1653213144813504,0.16673122841435412,0.16514183890282433,0.050562208686012564
2019-07-26,0.16622182489455606,0.16598528759772307,0.1672934667513341,0.16612412919403854,0.07431020577105203
2019-07-29,0.1675590098035311,0.16721849958099544,0.1690762824272924,0.16877094291767133,0.10026827176228827
2019-07-30,0.1679683143026307,0.16656804392199664,0.16752663806885237,0.16754305827724383,0.17877501552954345
2019-07-31,0.17841968521512241,0.18175891853766796,0.17299833050055707,0.17335502960590013,0.405068273170791
2019-08-01,0.17498142566223962,0.1772328819164578,0.16674500445709833,0.16706556694055294,0.3073469905817581
2019-08-02,0.163561186106914,0.16151334170154663,0.15973725275015033,0.1610488102545636,0.22311980484553767
2019-08-05,0.15327357617935022,0.15097054374253155,0.14732650767866456,0.1464778878415597,0.2969439171006482
2019-08-06,0.15098145360349757,0.15018469265158685,0.1493287797710175,0.15147141458599603,0.19086957280270767
2019-08-07,0.14975339457914505,0.15220371549944062,0.14902700484897213,0.15425452685828342,0.17511738990349995
2019-08-08,0.1562889309356124,0.157583561856314,0.15666546856026747,0.16024391059721108,0.13443150667062115
2019-08-09,0.15883337465144298,0.1575841048808415,0.15756674486490507,0.15795688671554506,0.11913132511781406
2019-08-12,0.15653240265619095,0.15661828534212413,0.15737398759996762,0.15725838659625394,0.10544451947567203
2019-08-13,0.15844985763299296,0.17034342303623318,0.15920483360487092,0.1688855086093907,0.2638152915064561
2019-08-14,0.16138078034398834,0.1625898682008099,0.16210938104100048,0.16036716507642254,0.19549586420368614
2019-08-15,0.16179164121236617,0.16082148933308782,0.15808978096115783,0.15898394930521495,0.13582656465051762
2019-08-16,0.1629146706015795,0.16356921333065383,0.1638300404387471,0.1655027611180985,0.13834266279691199
2019-08-19,0.17159802319397777,0.17114602762930586,0.1723511190604235,0.1707754832119995,0.11781181410516299
2019-08-20,0.1719540979628455,0.17198937600306208,0.17275030193297014,0.17078913702091567,0.1336299405435764
2019-08-21,0.17484388588685917,0.17239737881213957,0.17451224627909956,0.17391154753359075,0.09938475638263834
2019-08-22,0.17511785862460993,0.17347206200923831,0.17334221185927545,0.17366510390439702,0.10398351795656978
2019-08-23,0.16996817863188618,0.1702210321274037,0.15992068259172848,0.16021655942655919,0.26125117621986343
2019-08-26,0.16507866907301189,0.16361005340728507,0.16550948928640874,0.16548910730918223,0.1282475392416077
2019-08-27,0.16781785092222357,0.16546001148607098,0.16340332986610856,0.16229814465859946,0.1271572300448368
2019-08-28,0.16266827909525028,0.16161054599961305,0.16311436594599865,0.1641744654522921,0.06355372613808224
2019-08-29,0.16869445370011504,0.1665074875609941,0.16771205776328557,0.1689402980563335,0.09589615109009313
2019-08-30,0.17096797756701626,0.16804456810613444,0.16845538393582815,0.168570534618699,0.09687506052160379
2019-09-03,0.16585935422130504,0.16332441322804192,0.1643532025148286,0.16440721171975017,0.089701940004504
2019-09-04,0.16854374083778623,0.16672505889496747,0.16862054187424563,0.16918676346193698,0.08435667195762199
2019-09-05,0.1734880601637674,0.17283275801586345,0.17438842172575103,0.17478811335544595,0.11461131165380793
2019-09-06,0.1762956955403105,0.1734448337048229,0.1757649482936886,0.17476067507915508,0.08547195006729602
2019-09-09,0.1773776979335996,0.17619261733778135,0.17378273677063338,0.17600696078582526,0.13635155205001975
2019-09-10,0.17603547275562825,0.17665507828024368,0.17466371402277053,0.1794717835654829,0.16496016418020576
2019-09-11,0.1818015013936885,0.18608178544894582,0.18295066008992672,0.18890769789987436,0.24506363791619057
2019-09-12,0.19101885395843998,0.18976808067413697,0.19001243695399056,0.18822291691872858,0.16783350984967593
2019-09-13,0.18444480589284906,0.18210976802515794,0.18197330074247392,0.1822792854166955,0.21608497369220914
2019-09-16,0.1813357405023875,0.1812119296549436,0.1827165634600928,0.18385413359374433,0.0969691741163926
2019-09-17,0.18439006993707246,0.18215063386200536,0.18486412138761715,0.18494985720337068,0.0787905250658275
2019-09-18,0.18589655745927902,0.1849119263600375,0.18530457709125386,0.18778468844882537,0.12374289126246506
2019-09-19,0.18719766414497935,0.18614975127132877,0.18658476994145307,0.18530587972645,0.10274723665359588
2019-09-20,0.1863348671395894,0.1845174647880503,0.18259276337794017,0.18088239406016196,0.3162794591157259
2019-09-23,0.1830066729225241,0.18081746253808906,0.18284047266732,0.18223814977866895,0.08421198030849092
2019-09-24,0.18585549246400035,0.18442224916931754,0.18220731844311794,0.18081390725148347,0.16120138244547771
2019-09-25,0.18245885499516934,0.18307552965851526,0.18213844257224343,0.18540171770578032,0.10174079739503812
2019-09-26,0.18444476398840226,0.18231377935575865,0.18446484501573635,0.18384047978482818,0.08208642156904329
2019-09-27,0.18518438506828405,0.18234103847217514,0.18233120712365614,0.1823751669488454,0.12381971868678245
2019-09-30,0.18567741414492067,0.18726518666078862,0.1871629294185725,0.18942808876378195,0.12782370795079012
2019-10-01,0.1913886475592001,0.19221656937028664,0.19185703062309112,0.19027717275652675,0.18434564402108977
2019-10-02,0.1886357419413675,0.18590490957755124,0.1832259361429559,0.18256686468391584,0.18310680180397193
2019-10-03,0.18229445134970673,0.18234095444115156,0.17937150975178662,0.18511409488574046,0.14465595639019302
2019-10-04,0.19216934320406287,0.19122361377516817,0.19143033400420617,0.19359141166273078,0.18315417871563433
2019-10-07,0.1930321380760791,0.19454259975091037,0.1941145810711225,0.19365983314218002,0.15726845854896365
2019-10-08,0.1924158044300774,0.191998880269597,0.19203595071022878,0.19001692288354857,0.14048486747829503
2019-10-09,0.19407303714642976,0.19163163388166693,0.19383928473914908,0.19361876283338267,0.08118433956185
2019-10-10,0.19530563311538612,0.19523633176058502,0.19612436103791525,0.19780941512657366,0.142395309429654
2019-10-11,0.20218107893277093,0.2050303443903158,0.2030210274898978,0.20619087214782386,0.22847723723460323
2019-10-14,0.20485176977058117,0.20569686592366487,0.20626971193438098,0.20572520540162972,0.11584823318531783
2019-10-15,0.20689244184001981,0.20504388639754562,0.20655876613525836,0.2049719593882153,0.10133489250322796
2019-10-16,0.2027562918561978,0.20176568669214195,0.20424615760097942,0.20367094956383155,0.07979632409584926
2019-10-17,0.205112073451457,0.20300359103558008,0.20468674315488428,0.2049172788233213,0.06968391437007354
2019-10-18,0.204427180142004,0.2049486945758447,0.20574659103296017,0.20646473227689874,0.11745840795330302
2019-10-21,0.20844012847546273,0.20958724321529126,0.20991763281353065,0.21207971420291413,0.1011543480560821
2019-10-22,0.21342553450127638,0.21123323431433416,0.2130837988715939,0.21132657707154848,0.09322575786652805
2019-10-23,0.21471291245096863,0.21264788170593102,0.2152862710830088,0.2157363218232813,0.08287838426804832
2019-10-24,0.21801357345248917,0.2147698503163652,0.2160983905383128,0.21628408563425058,0.07238887993458144
2019-10-25,0.21616464569074018,0.21739517858973073,0.21757134422105917,0.2203926190862566,0.07911448070503246
2019-10-28,0.22199918525852363,0.22082313279765137,0.22285742841057243,0.2237753665775489,0.11608063614387791
2019-10-29,0.2241219717311873,0.22150317585602908,0.21714458463129005,0.215886905696735,0.19013395021486867
2019-10-30,0.2183559743314225,0.21544998753220895,0.21527246367684388,0.21584583538793758,0.1608153246382829
2019-10-31,0.22175263487925984,0.22071427560687695,0.2098350450505656,0.22337816486362347,0.1842476890550851
2019-11-01,0.22490264278199956,0.2299096524237596,0.22621617846283348,0.2330468472418827,0.2033956441091212
2019-11-04,0.23557181753478834,0.2325214172961394,0.2347784633796408,0.2353476338145136,0.12680318366444088
2019-11-05,0.23518826212656885,0.2329838346509992,0.23607237118853952,0.2348408532067027,0.08939078893601861
2019-11-06,0.23480482211194603,0.23203167360271393,0.23476465964586946,0.2349915241857953,0.08293536460775039
2019-11-07,0.2385669229520041,0.23698539498445542,0.23960325055043358,0.2390575065331407,0.11346786348855088
2019-11-08,0.2384981687553847,0.23710809644005154,0.2378635096092867,0.24003271949118463,0.0735272062715507
2019-11-11,0.23796244466943284,0.23987777792112847,0.23983794512906365,0.2428624115039372,0.09246964796553779
2019-11-12,0.24242704321578934,0.24031442685683702,0.24348306316108664,0.24253276021307082,0.10138098895781837
2019-11-13,0.24185002202163786,0.24302939283497665,0.24369007261621212,0.2459804667346613,0.12594271651208616
2019-11-14,0.24544918269189503,0.24316588764491237,0.24511224449177604,0.24346681575667842,0.10425241394168062
2019-11-15,0.2453528868807348,0.2443936726072517,0.24636856158679693,0.2477523696435803,0.12189647216470391
2019-11-18,0.24826528033916395,0.2466449880378908,0.24805315734257105,0.24959315133655327,0.10028363724715174
2019-11-19,0.2511499287677474,0.24742253311349938,0.24965462871273947,0.24848037679808907,0.08342001760948588
2019-11-20,0.2479082149694028,0.24480317035261168,0.24276511564551972,0.24422237006952688,0.13154471620189545
2019-11-21,0.24536677682152952,0.2419789186114547,0.24384199367274018,0.24260144300943712,0.15581065817254125
2019-11-22,0.24385566024017674,0.24084645208405991,0.24337253161190037,0.2422854673038967,0.06606662314179669
2019-11-25,0.244020435574463,0.24529419932019308,0.24569203690217656,0.24859030411453067,0.09598962445634594
2019-11-26,0.24983134468022733,0.24627664331183063,0.2456645443211426,0.24573330448394567,0.1299012495500394
2019-11-27,0.24796290527985643,0.2473952505340875,0.2495441385287499,0.25060945637980425,0.06592321194973758
2019-11-29,0.2493640692827363,0.24742247757907238,0.25035870188061626,0.24979898196155456,0.036123774742632134
2019-12-02,0.25028466074240896,0.24776379603677462,0.2469762383498974,0.2455547379239573,0.11274248455728757
2019-12-03,0.2379761775725251,0.23586655320001781,0.23709034485047187,0.23908494480943157,0.1446629989040888
2019-12-04,0.24176758758115519,0.2410237741768957,0.24315156348453043,0.24223046009285634,0.06903792377727154
2019-12-05,0.24550415814528043,0.24454391498208206,0.24598210865605746,0.2475052291692744,0.08063054187822885
2019-12-06,0.25057306599401025,0.25151566845866513,0.25229180230241316,0.2545518140489723,0.13129054547311209
2019-12-09,0.25403482143090833,0.2512428059898868,0.24899197275863605,0.24934585842737914,0.16644997598342703
2019-12-10,0.25211172701397216,0.2502469425676352,0.2503037025906774,0.2514887878056983,0.10623328103199718
2019-12-11,0.2524001113342909,0.25165214387770346,0.2539486925212981,0.2546342595363036,0.08756485715140876
2019-12-12,0.2509851471388116,0.25364404389284695,0.2523194286287259,0.2555820124416468,0.18128407116204198
2019-12-13,0.25604045156689814,0.25738243077824574,0.2573038081024207,0.26065073312896614,0.17532546417769285
2019-12-16,0.26365089502094974,0.26487285464381943,0.2656571643508047,0.2671205480199016,0.1666798180278432
2019-12-17,0.2671813761591534,0.26620993534596327,0.26817004897630625,0.26787610233274994,0.14422764349962364
2019-12-18,0.2674971562167076,0.26638716192296114,0.2686117371557575,0.2669556134924196,0.1472207119053217
2019-12-19,0.2670851075435506,0.2654048717765352,0.2683770887665452,0.2673402719943263,0.11895590249895603
2019-12-20,0.27083518340210067,0.26741031227214457,0.26783843211194086,0.266543429608583,0.4032314575010696
2019-12-23,0.2684999367173164,0.26959336228869435,0.27033757203030007,0.2728071961104196,0.11928049836669698
2019-12-24,0.2742146465854613,0.27046664670216886,0.27385846355683796,0.2731781354741809,0.039102758120538705
2019-12-26,0.274393144166247,0.2774111167872304,0.2763160191279026,0.280925267455687,0.110556104106922
2019-12-27,0.283047569036164,0.2828549581066249,0.2810380725741105,0.2807742262776285,0.195618147854058
2019-12-30,0.2807672364976038,0.28110861429031797,0.27703407491434096,0.2831368796303725,0.19217435855903126
2019-12-31,0.28141281699881243,0.2824592478739143,0.2829710108574815,0.28606262738655297,0.12285553451159927
2020-01-02,0.290080849835406,0.2919005371077085,0.2907995421233867,0.2952658172298961,0.1783550256099417
2020-01-03,0.2913310010140388,0.2918732952943043,0.2926083292044817,0.29125490742282023,0.19570906030616692
2020-01-06,0.28671542162238894,0.29102746394153617,0.2874307598504644,0.2945104371283257,0.1509961395819852
2020-01-07,0.2950263131393381,0.2923099315531725,0.29396146454830996,0.29257364324474433,0.13576638316813572
2020-01-08,0.2913446809019961,0.2971396551363257,0.2935195262799402,0.2991668868261693,0.17291116236851906
2020-01-09,0.30519164253123354,0.30531212682287745,0.3060010778710736,0.30801298710235514,0.23377960996957475
2020-01-10,0.30980741994410904,0.3083684053505443,0.30883159407705424,0.30897458980430237,0.1866210162379563
2020-01-13,0.3112359795367314,0.31437144879295836,0.3128355107283149,0.31808157146934934,0.1560296163318458
2020-01-14,0.31818700082051476,0.3150536867004811,0.31424391320434664,0.3122025505750584,0.2207285512636591
2020-01-15,0.31152451978448276,0.31222947559312975,0.3106264534265419,0.3103619213169536,0.15665640006856846
2020-01-16,0.31391487260052675,0.31250247665656333,0.314133560405433,0.3157191358807029,0.13569787871478606
2020-01-17,0.31759626320951456,0.31664994743002556,0.3181512685432289,0.3205129511712791,0.18209396026005442
2020-01-21,0.31886020749065636,0.3170320790780449,0.31953208416274975,0.31754604600066216,0.13892142939343627
2020-01-22,0.32076962479088544,0.3183554891931321,0.3213407839519131,0.3190982249351564,0.12449900116345532
2020-01-23,0.3198629781071335,0.31776879073078784,0.3190487783498433,0.32119982268776126,0.12872386927237545
2020-01-24,0.32306380669083773,0.32291250036363756,0.3216307891428099,0.31993618118251654,0.1960528630299872
2020-01-27,0.3090655698396147,0.30714041686969323,0.30417860121720014,0.3070789968879768,0.22070550303636383
2020-01-28,0.3125547319599559,0.31618602644401617,0.3142714560423221,0.3190843315857329,0.22117607101030784
2020-01-29,0.32883336065241753,0.329079372599336,0.3269602802185411,0.32821905639680726,0.3075992406249335
2020-01-30,0.3234620433014989,0.3239492723889179,0.3233289170171925,0.3275733422947614,0.16437051369856986
2020-01-31,0.3239977369683057,0.3220254962306067,0.30888676200626064,0.30784818323333174,0.2809644530711683
2020-02-03,0.3011531506968505,0.3094872677637467,0.30050608522539485,0.30668079345920274,0.23966971250057417
2020-02-04,0.3162776208059853,0.3178780067352931,0.3162598203078093,0.320677885698761,0.1801732746521198
2020-02-05,0.32755567361031834,0.3248634143315976,0.32360507998328686,0.3242492168985288,0.15169975074302522
2020-02-06,0.3262506997809286,0.3254910300414113,0.3254138195559012,0.3294140151056857,0.1302501741021475
2020-02-07,0.327026878044807,0.324055009883303,0.3233353883789945,0.32334192456250976,0.14987061781573552
2020-02-10,0.3157495491472463,0.3215250029618965,0.31759193497707533,0.3254348117512127,0.13652953558302172
2020-02-11,0.32872066563812236,0.3247389067706581,0.32431810110938813,0.3227637173307034,0.1124799908575365
2020-02-12,0.3257877176529613,0.3292793284557146,0.3281378977492577,0.3332142599247947,0.14354259896612692
2020-02-13,0.3295330360814241,0.3279116966419263,0.33073974523191935,0.33000607213409605,0.11315927333420937
2020-02-14,0.3302904540429266,0.32758358929927045,0.3300478579026801,0.33011634787309374,0.08973651234544684
2020-02-18,0.3173744159345721,0.31906340647449954,0.31864378366148344,0.3219238447592849,0.20564604741308457
2020-02-19,0.3237635536381621,0.325655196899356,0.32610342958415967,0.32828499536554445,0.11193707705902699
2020-02-20,0.3273849285654957,0.32576452610087936,0.3236260369843822,0.32371369142984163,0.12247203761854832
2020-02-21,0.3218633726912266,0.320020762941151,0.31295567648984624,0.31373142875111504,0.16886939962088865
2020-02-24,0.2924512362520509,0.29776989463464243,0.2835183711699712,0.29325716119412426,0.3171482492390484
2020-02-25,0.29753226820686995,0.2955133889428529,0.27922804380008986,0.2793507023719649,0.33071853328764234
2020-02-26,0.2776763570201458,0.28915408632433365,0.2797401051688247,0.28564303952339976,0.2785098168642278
2020-02-27,0.27019944752968444,0.2729070967405665,0.2610010477003087,0.2593033831046244,0.4746611150316217
2020-02-28,0.23737257237589904,0.26252713067631617,0.23804090773064152,0.2590831364963656,0.6441686624457467
2020-03-02,0.27182410880538993,0.29402257451156016,0.26758864797594417,0.2941244720418337,0.5079395541032328
2020-03-03,0.30127762557518845,0.297523752964293,0.2787713080564625,0.281058060002371,0.4728524694174832
2020-03-04,0.2913222126788251,0.29670327635648747,0.2889159780028684,0.29953582276023316,0.31231964562070075
2020-03-05,0.2900551871791039,0.2914378373513167,0.2865353393938782,0.2860147192850927,0.26173262807891906
2020-03-06,0.27143870865985054,0.27949890244215425,0.2724465731714197,0.28065876775310916,0.3235210840861754
2020-03-09,0.2463092010036726,0.2620896095144688,0.24721680584554695,0.24918353706906773,0.42046448900399486
2020-03-10,0.2647468147341181,0.27350899679933843,0.2560327188392709,0.27557824425170285,0.41813597781864215
2020-03-11,0.26509095745510863,0.2663700567000818,0.2594787146213698,0.2619332765578778,0.3706130940500521
2020-03-12,0.23555487247576773,0.25102557192788993,0.22645692565456826,0.22448211995613707,0.6313064711579446
2020-03-13,0.24787885467187698,0.26459221201744876,0.2333077057135749,0.2654305679644797,0.5548919942462662
2020-03-16,0.21629112855077037,0.2360914982060625,0.21538515480781867,0.21619338688762232,0.47757095372764263
2020-03-17,0.2239470226743941,0.2340810836881791,0.21317073307157058,0.2308570768061812,0.48018372638296963
2020-03-18,0.2132893648985616,0.22367379066849924,0.21139930847233668,0.2223342691092133,0.4420542756942518
2020-03-19,0.22378183507912075,0.22755772333904528,0.21899733198908033,0.21973194459070935,0.3966358231234221
2020-03-20,0.22349263769329164,0.22617643691686956,0.19877738397766476,0.19833525009291994,0.604447603616587
2020-03-23,0.19719260859531285,0.1942705522426772,0.1774780161827612,0.19162990155407786,0.5005058605719899
2020-03-24,0.20859382706259,0.2205145823617254,0.20749643163335435,0.2226233509487067,0.421723178305728
2020-03-25,0.2284084282494978,0.23495638313907724,0.22133623637559496,0.2207508192503114,0.44744564019572425
2020-03-26,0.2225838362262504,0.23554441710427104,0.22418720807084536,0.2385400554845499,0.36499252773269947
2020-03-27,0.23116238525803617,0.23170152491061147,0.22514219587839845,0.22380750855834677,0.2883725374609721
2020-03-30,0.22839470448509086,0.23122289909607097,0.22839455137388043,0.23354204279970417,0.2303671918728109
2020-03-31,0.23508672613830822,0.2407549547358775,0.2319928562180918,0.23282601267056044,0.2768247353575332
2020-04-01,0.22255633065680497,0.22192324374564465,0.21418109017767462,0.21440343133501674,0.24355910085664179
2020-04-02,0.21407422610256777,0.21704095546761043,0.2110948313491272,0.2199384938372325,0.2270981849681062
2020-04-03,0.21746148504544327,0.21779304149689105,0.2139595840931699,0.21509180542377196,0.1693911858777109
2020-04-06,0.2286149543042496,0.2416028534631427,0.22836683782318856,0.24408888067773063,0.2845369283019266
2020-04-07,0.2560166797158653,0.2533505696523805,0.24168075640576892,0.23990321518237354,0.2862444178073805
2020-04-08,0.2449182158367572,0.24742876926794538,0.2447669458086072,0.2490456052896816,0.2318377968199528
2020-04-09,0.25312500998424264,0.2511213176994154,0.2495693825861971,0.25168921788108045,0.2205371229314016
2020-04-13,0.252588108875873,0.2560858250410547,0.2511333787455167,0.25893174689575105,0.17122031880500066
2020-04-14,0.26868481432377317,0.2759842226871154,0.2680455331173545,0.2779325790159206,0.2736120685639946
2020-04-15,0.2719895948139726,0.2733584894754989,0.2716162846521548,0.2743252296344185,0.17143095399333746
2020-04-16,0.27884683286761874,0.2759158409822232,0.2739966473356675,0.27743690437708446,0.2129990721487942
2020-04-17,0.27514268821008,0.2742062544963351,0.26639848419707096,0.2720807350810035,0.30603196116885883
2020-04-20,0.2658619706590234,0.26699905125038725,0.26638471001639497,0.2639985077061924,0.16960758312287155
2020-04-21,0.2635624379262363,0.2609406482829439,0.25057968287002225,0.2522124614546659,0.2511989479764697
2020-04-22,0.2598859403136035,0.26182960299202335,0.25994927037231097,0.2628557688279056,0.14855558840283628
2020-04-23,0.26299791146323076,0.2670948527529001,0.26364447717714523,0.26138250760236237,0.16128333169808295
2020-04-24,0.264829301331361,0.26881803107372043,0.26659235571350354,0.27231491859150525,0.16343898117872158
2020-04-27,0.27116322992690434,0.2709103519599568,0.27067501453805676,0.272590215963624,0.14891603706859202
2020-04-28,0.2756798172216648,0.2726746481770443,0.26825318257609404,0.2662704405358983,0.140780653061917
2020-04-29,0.2751978390773476,0.2779261693431379,0.27612795111734845,0.2788688339769133,0.18123669425037964
2020-04-30,0.2823993549159472,0.28457264715555897,0.28230047872437647,0.2872264458294822,0.2545159720213727
2020-05-01,0.2772907901588999,0.2906857657365775,0.2788405103782686,0.28071381851696897,0.3466333342349885
2020-05-04,0.2813115558783924,0.28342384990323966,0.2794909806219754,0.2863452416323492,0.17529409297942994
2020-05-05,0.2894218671404035,0.29342093783815293,0.2907565289598727,0.2924034823789212,0.19799531640814505
2020-05-06,0.2968575274156071,0.2964843706822667,0.29685991593105465,0.296630544829222,0.1893240611168563
2020-05-07,0.3006579313026166,0.2991238135112156,0.3011502137695941,0.3009125709377436,0.14591912729167805
2020-05-08,0.30512958642988064,0.3073569872046147,0.30550116770710006,0.31086687270634517,0.17572688746975118
2020-05-11,0.3085260027371087,0.3165445531258924,0.309594845619269,0.31760414546188764,0.1951066052538114
2020-05-12,0.3219602637505714,0.3201649063774208,0.3146879264657333,0.3126340719107571,0.22128362940435214
2020-05-13,0.3141178583080476,0.31503621554190636,0.30400236876086667,0.30744292424779707,0.2826194438366719
2020-05-14,0.30356924805027663,0.30658891902568924,0.3016708893097886,0.310052173664603,0.21588650284605593
2020-05-15,0.29782562072113217,0.3039972259933796,0.2998391559954846,0.30752571815768437,0.22776146173137962
2020-05-18,0.31552607978321195,0.3157902949618072,0.3138689990985566,0.3175350271373263,0.1778716530652782
2020-05-19,0.3180941732717537,0.31856031464480855,0.31760200054404686,0.31502237787419207,0.1243344624297089
2020-05-20,0.3203723939149024,0.3199316903030229,0.3224729658753935,0.32343033678611377,0.13998036739194425
2020-05-21,0.32310623555451795,0.32181044759523514,0.32157100096187247,0.32014453787104935,0.12586973045898464
2020-05-22,0.31911602998689215,0.31953411988452207,0.3208494265932619,0.3229610116030809,0.09244083768141877
2020-05-26,0.3297887473290426,0.3264041995757187,0.32244522160475686,0.31997881939281625,0.16241589597822836
2020-05-27,0.31962694840750827,0.31882104490789365,0.3177131797131126,0.3218841245878923,0.14228583035000175
2020-05-28,0.32049669102727507,0.32530722541390933,0.3212379524081971,0.32207736844805535,0.1752825688657823
2020-05-29,0.32392082380754317,0.3221669383428832,0.32240362688914487,0.32164937489073686,0.20724853943863802
2020-06-01,0.3218497199036726,0.32381244942826515,0.323430470154261,0.32704748555200547,0.09082105948539392
2020-06-02,0.3259918073821397,0.3253071549316989,0.325817357322158,0.32910457232307166,0.10178753407816453
2020-06-03,0.33139037076930594,0.3290919787256472,0.3304940190253578,0.33156208371670703,0.12875460024210245
2020-06-04,0.3310176578085014,0.3282966638255658,0.32838475207706797,0.3276964661155144,0.10165564699975303
2020-06-05,0.32958164876056906,0.3367026361382778,0.33178462193722863,0.3403703365927393,0.18118803688164525
2020-06-08,0.3391084074356098,0.33923950336271336,0.33746037440516496,0.34307627326885604,0.11461067142527197
2020-06-09,0.3417180176177405,0.355708803751,0.3439688810255349,0.35761411731544257,0.19793321424015514
2020-06-10,0.3634776659414035,0.36826977380040454,0.3635079312740667,0.3698323817477799,0.2282467549616511
2020-06-11,0.3654244274936396,0.36318225665329074,0.34878416965214365,0.3464449096466272,0.28428403803021524
2020-06-12,0.3590872375865352,0.3587120222368152,0.34703581772302033,0.3504488510025816,0.2818569316503219
2020-06-15,0.3432505092222312,0.355804741504115,0.34475979072362056,0.3562334493841762,0.18368236725781634
2020-06-16,0.3683930260688917,0.36611695803577193,0.3616068396899478,0.3687831943257993,0.22628957632716573
2020-06-17,0.3734877315816771,0.3691337153787179,0.3704465733199595,0.36810664482754085,0.1446245851919301
2020-06-18,0.36832383710890887,0.366459610992866,0.36785143063536063,0.36829984513488434,0.11647693760764842
2020-06-19,0.3727836496280163,0.3707244668588664,0.3622035290017603,0.3655249643454843,0.38482168594901633
2020-06-22,0.36822733853988293,0.37470122608925477,0.3705298894322575,0.3781575031969947,0.17829868549877564
2020-06-23,0.3857068846476411,0.39241830205240186,0.38596130870770634,0.38873286817179986,0.30107915321453144
2020-06-24,0.3870875863126469,0.3874953640725752,0.38075734699289837,0.3798003591017074,0.2698161535741798
2020-06-25,0.3811506181231103,0.3822981528512936,0.37943904209979334,0.38639965652504427,0.18162339228611046
2020-06-26,0.38627302000693803,0.38273700826795337,0.3731248999113797,0.3709231185595724,0.2900371316545154
2020-06-29,0.3708645236569129,0.3784175169939918,0.3707103505932269,0.3821751201382749,0.17061722352410919
2020-06-30,0.38029460500947465,0.3836420913108975,0.3828112569279599,0.38634447510272585,0.18594621536103528
2020-07-01,0.38725335955093093,0.385534476948372,0.3882372996059756,0.38539188783441714,0.13875176883140206
2020-07-02,0.39102267574475297,0.38979922665012295,0.3878626291347221,0.38539188783441714,0.144040696767118
2020-07-06,0.39399106373241793,0.3970806989832006,0.39650802681845293,0.39883890796357213,0.15142573292962658
2020-07-07,0.40146070449224686,0.4009752415027302,0.39978314861265934,0.39723747079021277,0.14145225279615814
2020-07-08,0.4032692884568781,0.4049244525187043,0.4055142911503497,0.40922098552539465,0.14892307958248774
2020-07-09,0.414770479220165,0.4100942307736301,0.40874772493025474,0.4114852095060475,0.1626092449960938
2020-07-10,0.40964818886995585,0.4082430961655112,0.40892821563254217,0.41241027139242636,0.10597206778931807
2020-07-13,0.42030715874793295,0.4300466716542454,0.4119950692219258,0.4099666097953949,0.2682571970890729
2020-07-14,0.40691437215382315,0.4152366435418245,0.40433482724522357,0.4186920252087204,0.23518939320579874
2020-07-15,0.4298340569168336,0.4261659861588714,0.4188366427980161,0.4223783358519929,0.20671330838256025
2020-07-16,0.4164273669287137,0.4160594071820232,0.41558923214749816,0.4157374890388442,0.13849631764554676
2020-07-17,0.4187746376791395,0.414647045383938,0.41522848032917575,0.41466068912929466,0.10906053024687694
2020-07-20,0.4156266424641006,0.4220657469896372,0.4164635662025811,0.42587118487100484,0.10606938252678676
2020-07-21,0.4308419147628539,0.4261796471936365,0.4202381941252606,0.41837452515449713,0.12706119576444008
2020-07-22,0.4171454155014263,0.41918606024592203,0.41946109781237634,0.4198794057270042,0.10396239041488249
2020-07-23,0.41882990582904595,0.41426315465953395,0.3939686364289324,0.39542893996008643,0.27682857672874905
2020-07-24,0.3856379523184467,0.3917327415021395,0.3780652366713846,0.39415872197909585,0.25831700883947534
2020-07-27,0.40067371067428176,0.40234654981507273,0.4021284200971646,0.406280429810581,0.15552063464574317
2020-07-28,0.4043049755457571,0.40039936093965794,0.4008378305106946,0.39767931414413527,0.1273691456902456
2020-07-29,0.40089454050303536,0.40412917116041974,0.4034189069819217,0.4075505171331131,0.10608730892579414
2020-07-30,0.40331071072317765,0.4099845365911629,0.40372416016533413,0.41390125861550986,0.21460732623117146
2020-07-31,0.4513453149661521,0.46548102257892415,0.4428997728555049,0.46951219883987483,0.5606617338125017
2020-08-03,0.4806988053993379,0.4941272692874054,0.4821306970719012,0.4842983810633039,0.45472695933540436
2020-08-04,0.48584886872510663,0.4894786528681874,0.48487841621496536,0.48831599800458403,0.23852242296410125
2020-08-05,0.48720200190090984,0.48729833439159026,0.48770942238370213,0.49051119076631455,0.15642143619586446
2020-08-06,0.4928766128725452,0.5093487107934886,0.4927052096293096,0.5117172327967018,0.2855107159051495
2020-08-07,0.5094676302351948,0.5064275900466157,0.49655671214431935,0.49741601121850954,0.27849509160790037
2020-08-10,0.5061204304795996,0.506977217073147,0.49493025376756467,0.506350915693675,0.3014760949068379
2020-08-11,0.5026347124732109,0.4998747148489057,0.48996703025795735,0.48780351197741745,0.2622601763925651
2020-08-12,0.49448773664950224,0.5042295843765261,0.4965845316141199,0.5079137215161295,0.2265603929978845
2020-08-13,0.5162453633089654,0.519437302618794,0.5167707115040963,0.5189785766294002,0.29776020848402046
2020-08-14,0.5184583546587227,0.51370855875288,0.5118630982465482,0.5184113882609298,0.22650789425793427
2020-08-17,0.5252774249279843,0.519684431129344,0.5169652249530681,0.5167516338622475,0.1528758505636172
2020-08-18,0.5158164468874706,0.5192036104907523,0.5172154619120553,0.5220350699497479,0.13058309294085618
2020-08-19,0.5248347378937088,0.5255915566841278,0.5261267567899242,0.5228371822266519,0.19445293191857765
2020-08-20,0.5235484293269967,0.5323505548502678,0.5268079982788367,0.5370416294398942,0.16463300739832093
2020-08-21,0.5429823091251722,0.5679312678034973,0.5463686392921103,0.5707616159942677,0.5025898044565988
2020-08-24,0.5951836021325956,0.5894580995960979,0.5724352732133928,0.5789908776877425,0.5152067882151213
2020-08-25,0.5730526902357249,0.5696483697943822,0.5675138738388039,0.5732787076449919,0.3000227761301674
2020-08-26,0.581255087331982,0.5796083005082362,0.578802624969498,0.5826700456686155,0.2224379614547209
2020-08-27,0.5865802607390809,0.5823145244065362,0.5718513911305234,0.5743022424562815,0.21048169354532792
2020-08-28,0.580328228210756,0.5765858890883311,0.5759942762168717,0.5731819332800422,0.26182418075956393
2020-08-31,0.5890007915756557,0.6016296475416079,0.5839046330126472,0.5965976276082369,0.3227622532139072
2020-09-01,0.6176604072420027,0.6225109808381444,0.6090955859248737,0.625034090969471,0.20471275426476238
2020-09-02,0.6443835851787116,0.6399852841350762,0.5894656082267413,0.6096541096048514,0.28181371622414336
2020-09-03,0.5852938831235803,0.5897602956452659,0.5533196616796401,0.5514534751796402,0.37381551718701506
2020-09-04,0.5474499295449933,0.561515667103966,0.49987936420155993,0.5518961024843139,0.4938705320251117
2020-09-08,0.5135895013580871,0.5356338630347846,0.5098333661788494,0.5068625306644515,0.33182772922622455
2020-09-09,0.531902831896035,0.5364580555480498,0.5241804423495273,0.5317581497995744,0.24471487342121645
2020-09-10,0.5490543201483649,0.5439313502132497,0.5088323254935976,0.5105691369216154,0.2532521608913518
2020-09-11,0.5170198151963494,0.514972428739428,0.49493013139619796,0.5023259818787171,0.2509887929595348
2020-09-14,0.517849725148245,0.5188189509951115,0.5105006789267339,0.5209147607735085,0.18582921359608529
2020-09-15,0.5378229788980209,0.5347547121568319,0.5150050488864071,0.5219106395444096,0.25704167359580676
2020-09-16,0.5206714839990849,0.5192036526303112,0.5062744249367461,0.5030452131400948,0.20908375453701955
2020-09-17,0.49018602299545505,0.49832233194108005,0.48775655610705076,0.49314221659287516,0.24642828504062808
2020-09-18,0.49394828532475715,0.4910688371694059,0.47318695976476016,0.4737788943559291,0.4210408547435092
2020-09-21,0.4615263442755239,0.4872771971013034,0.45655979243344286,0.4917037540701198,0.2747628793574154
2020-09-22,0.5065629532798768,0.5019491158394382,0.4902590071041914,0.5012748345798586,0.2545022071078492
2020-09-23,0.5006982229904848,0.49782777674998974,0.4769683641269907,0.4753279810402383,0.20274501185943333
2020-09-24,0.46501208137701827,0.48760701797669287,0.4671256488217496,0.48141366006310116,0.2299940986934696
2020-09-25,0.4830486808779481,0.49964107661438134,0.481973108356385,0.5038749379045677,0.20156491061049153
2020-09-28,0.519454178659333,0.5154669084244801,0.510389390864187,0.5187017549085988,0.18186347798710228
2020-09-29,0.5169091959645762,0.5154120195077165,0.5147825855652639,0.51388864571898,0.12057728126632082
2020-09-30,0.5127042865530287,0.5261274176772677,0.5150606346278299,0.5234043270423028,0.18987081628658165
2020-10-01,0.5340053927189785,0.5286552005797849,0.5273502901664651,0.5288261304373845,0.14736796446859673
2020-10-02,0.5077247653021746,0.515741693635752,0.5072753113960271,0.5079689464912673,0.19313085999178264
2020-10-05,0.5133681957706193,0.5227753860027315,0.5146713376736118,0.5272216445666594,0.13155976157249094
2020-10-06,0.5232718172789859,0.5198630558508226,0.5074421905823014,0.5087435769390608,0.2199983706183759
2020-10-07,0.5172965182197387,0.5167308985028161,0.5178967121208047,0.5193657611948386,0.11652271394797085
2020-10-08,0.5263148752048745,0.5214017011896628,0.5204547258691232,0.5187571976478342,0.09512019410448753
2020-10-09,0.5209481215645799,0.5246987488038148,0.5222898493152628,0.529821965655466,0.12237744385235753
2020-10-12,0.5473946900538724,0.5696484926545213,0.5465354744204189,0.570927595789418,0.34600911141240975
2020-10-13,0.5762201890893643,0.5708023634051185,0.5485929397214468,0.5526706458264684,0.38138766013916325
2020-10-14,0.5525953558969272,0.5578339538784967,0.5484260795509981,0.5531685416590995,0.2027342880314557
2020-10-15,0.539980637216984,0.5477778922549839,0.5402514664331046,0.5505129084895161,0.14166800981278277
2020-10-16,0.554144515285228,0.5497012721262968,0.5439217140698505,0.5411632505141628,0.1462049893329923
2020-10-19,0.5468412840147128,0.5434918034257306,0.5264048775730703,0.5243448501796075,0.15460078629667645
2020-10-20,0.5260381655729709,0.5355789361230894,0.5262380193464018,0.5328093842040719,0.16065798847556623
2020-10-21,0.5286386087902468,0.5340952918288906,0.530798009252264,0.5292687141892386,0.10547396998832705
2020-10-22,0.5329541152726842,0.5304135787249418,0.5204546920442159,0.5230724110048219,0.12474805006395083
2020-10-23,0.5270893747441558,0.52222588947761,0.5187307780401775,0.5191443822132724,0.09367231727037283
2020-10-26,0.5139214834355714,0.5222259096536492,0.5109455195424983,0.5191997378468688,0.14053400501843138
2020-10-27,0.5221099183616931,0.5262372870156002,0.5201766456908707,0.527774896032887,0.10920458166747203
2020-10-28,0.5196755885286619,0.516071464202152,0.5010471581480338,0.497900100807356,0.19189169766039688
2020-10-29,0.5048477122325394,0.5243139413737534,0.5071640235699704,0.5206933817919425,0.19539918969475345
2020-10-30,0.49759984054750644,0.4971683351927479,0.48225123369084905,0.48495428652511485,0.2660538505825039
2020-11-02,0.48681100675338146,0.48996980388680317,0.48002685889716395,0.48445634713966423,0.15816621901353906
2020-11-03,0.489854181878604,0.49442094835035605,0.4878679075549546,0.4936955987175611,0.1337695103644197
2020-11-04,0.514640744559467,0.5169506256838858,0.5079982651358614,0.5186464863806415,0.1827647597086256
2020-11-05,0.535720492627771,0.5390958055369175,0.533133602586257,0.5412186061477593,0.16380055024441526
2020-11-06,0.5388970467184921,0.5379179209153866,0.5301326629677572,0.5404704993670469,0.14470701461593732
2020-11-09,0.5509791169047706,0.5532755017968871,0.5296869393379793,0.5273360142706911,0.20882174100867046
2020-11-10,0.5235449814938198,0.5290556459968951,0.5189917137863118,0.5253965201123,0.18242527852742313
2020-11-11,0.5326342673601678,0.5402848702333023,0.5318595383691926,0.544904002181822,0.1412451388647692
2020-11-12,0.5461019294567784,0.545238874442495,0.5437245919921503,0.5433521716698839,0.12662760098844883
2020-11-13,0.5451045042112521,0.540505145580702,0.5398254451688798,0.5436294724717001,0.09208663124388881
2020-11-16,0.5422223627723817,0.5477710226267389,0.5413850515861514,0.5493929477358327,0.10745387673583963
2020-11-17,0.5457140445983206,0.5460095817778579,0.5458971574036637,0.5443497925535653,0.08038501423468121
2020-11-18,0.5405041761701601,0.541330617753367,0.5405493769853265,0.5368126722677335,0.08366794611004344
2020-11-19,0.5348512306416884,0.5371473604678609,0.533920678469312,0.5401934598821478,0.08013212396296983
2020-11-20,0.5406706153098073,0.5355510003456054,0.5365945029972212,0.5329889089260894,0.07931791332233955
2020-11-23,0.5325788461999159,0.5292207674647591,0.5168748890521346,0.5136475808629957,0.1663169685050776
2020-11-24,0.5144555535871247,0.5194776601578397,0.5104130581130071,0.5209628866390663,0.14377276112481113
2020-11-25,0.5235449186228707,0.5244317801797862,0.524784978000544,0.525728958783615,0.08395140729434779
2020-11-27,0.5291980145283475,0.5285051164692249,0.5306340021931619,0.5288324020433938,0.03624173685038612
2020-11-30,0.5314148962472676,0.5476609271236177,0.5339205355110614,0.5424655233703123,0.23266209106002478
2020-12-01,0.5538058072131125,0.561422367208477,0.551746228068926,0.5628044287642681,0.16594707646841617
2020-12-02,0.559403330801195,0.5608717629850872,0.5566480978157056,0.5647993656618945,0.10396655190036637
2020-12-03,0.5677169516291967,0.5631287960929243,0.564001345953923,0.5640236899464327,0.08790225758986929
2020-12-04,0.5626180585966132,0.5580646215272271,0.5601576882262871,0.5601997523935105,0.08677033353825982
2020-12-07,0.5610106610209455,0.5674772679712912,0.5642240437306922,0.5685125048419847,0.10029772227494325
2020-12-08,0.5724279491119453,0.569734300763989,0.5689033906634626,0.5720040472764114,0.09311675895827774
2020-12-09,0.5733146666949009,0.5750736531774514,0.557261036158454,0.5575950324699337,0.1457174553028449
2020-12-10,0.5509792077005584,0.5636241746213715,0.5525260740719222,0.5656861881727441,0.09165495715350551
2020-12-11,0.5616758437728955,0.5575141390420071,0.5547543016435574,0.5610864442459016,0.10066233242618285
2020-12-14,0.5626180486607542,0.5607618297275954,0.5602691121610013,0.5575950324699337,0.08824942151350347
2020-12-15,0.5722614756945121,0.5858074064760137,0.5746965479062502,0.5914006003146429,0.21318873985257775
2020-12-16,0.5892763889112758,0.5883945607195149,0.5882329169696727,0.5910127189040927,0.11869885074176077
2020-12-17,0.5975343937088353,0.5950551535859014,0.5964772849772586,0.5959450757135281,0.11253857176857852
2020-12-18,0.5978670444592777,0.5924130351264485,0.5857820168655814,0.5846396348252875,0.26968538689570626
2020-12-21,0.5760301946359456,0.5880642112412893,0.570908568153458,0.5933402251314925,0.15558081612812508
2020-12-22,0.6125539770352884,0.6216420870168251,0.6054457419195318,0.613568375705436,0.23185316230481634
2020-12-23,0.6156022549448492,0.6107430204980144,0.611740437996906,0.6084698213367529,0.10271730596953889
2020-12-24,0.6109467650922593,0.6164127957154051,0.613523050496354,0.6140671425944572,0.04942852400592916
2020-12-28,0.6257446980240149,0.6377704286408703,0.6269479285648707,0.64022505309742,0.16075802418431284
2020-12-29,0.6482464010796407,0.6457520376140362,0.631571482062325,0.6301387427328855,0.15525381940337424
2020-12-30,0.6345569477069553,0.6303393682542642,0.6263352019394248,0.6237655715484413,0.11588744718314649
2020-12-31,0.6262433049465219,0.6234584698595729,0.6169765922443939,0.618057190600988,0.12015216951843129
2021-01-04,0.6231397986802694,0.6172384622915688,0.589347070966936,0.5998798551921015,0.19087389434532553
2021-01-05,0.5974790476895329,0.6069450496394351,0.598649823575282,0.6087469479272908,0.11782862010423241
2021-01-06,0.590994463223953,0.6031467766242304,0.5872302039340025,0.584306978389875,0.20973838821505725
2021-01-07,0.5945417131383568,0.6063396184870735,0.5954747533672149,0.6082482681439086,0.1368967066484052
2021-01-08,0.6170988891067299,0.6118442736356229,0.6086769196904227,0.6145107716139796,0.12982218132584605
2021-01-11,0.599141585863957,0.5983026993575884,0.5990396343188575,0.5974966884613687,0.12218153392034821
2021-01-12,0.5953174960678687,0.5956606411404477,0.589904118044629,0.5964992853417848,0.10868327558205178
2021-01-13,0.5967583902411453,0.605348548130852,0.5989839917669479,0.6080818092677439,0.10337850199007038
2021-01-14,0.6080649898448696,0.6028718023404362,0.6004882489971015,0.5971091119205548,0.105915407563884
2021-01-15,0.596869365077001,0.5985780813924002,0.5906840196975338,0.5872997103824609,0.14013034092649712
2021-01-19,0.5913270751402928,0.5902662384825894,0.5903498013287458,0.5911236479353831,0.10677251351642482
2021-01-20,0.596204240751667,0.6110733559878203,0.5993182368188747,0.6143996248185917,0.1284797821430338
2021-01-21,0.6246915073588286,0.6505958932885407,0.6273934359267661,0.6412224126641843,0.1538190672542471
2021-01-22,0.6384364972270733,0.6515869008442661,0.6353594371011748,0.6534148502745527,0.14470941547294724
2021-01-25,0.6760685972854261,0.6804306082945695,0.6438264593713561,0.6747511152352728,0.21377775010567773
2021-01-26,0.6790061892370782,0.6760822370584074,0.6707321723568385,0.6760813925543668,0.11899015472563086
2021-01-27,0.6780638104543002,0.6760821218438209,0.6653844245986953,0.6699851301963632,0.18693952993460544
2021-01-28,0.6563935601208806,0.6633666551675701,0.6447178579364221,0.6424418045048075,0.1897842253770906
2021-01-29,0.6359422616843073,0.6344675231625951,0.608565124876359,0.6140115691967633,0.24564848668380662
2021-02-01,0.6244142427198127,0.6269812798185257,0.6125757537434673,0.6260928600117436,0.13155335928713113
2021-02-02,0.6353882154229222,0.6321007391906086,0.6330755046327841,0.6308037942867935,0.09484521594828489
2021-02-03,0.6355545069103035,0.6291283484312693,0.6275050327251757,0.6249847891777864,0.10536977279409658
2021-02-04,0.638547378055369,0.6381006968228489,0.632964088668688,0.644104389836758,0.09625003741335507
2021-02-05,0.6455041132860839,0.6393409589504226,0.6411693540664314,0.6417453078152138,0.08266230713715568
2021-02-08,0.6381775569053652,0.636805364314234,0.635925479735358,0.6425781248298719,0.07562523518395127
2021-02-09,0.6414523593653341,0.6418770946745682,0.6411138183012182,0.6375828777490649,0.08439156441283281
2021-02-10,0.640675448982096,0.636970892878465,0.6330246174870662,0.6341419436909081,0.07842527468605193
2021-02-11,0.6374557878592799,0.633662874248516,0.6295096982494774,0.6326986032523678,0.06439370597728565
2021-02-12,0.6288527582806398,0.6289221693745657,0.6290636664929523,0.6340308840011593,0.05777550354374497
2021-02-16,0.6351802236640343,0.6315680972128865,0.6240424921403918,0.6219313010019849,0.09047709670443961
2021-02-17,0.6116458075130868,0.6106747439273923,0.605520866051731,0.6088883203794182,0.11823452499604258
2021-02-18,0.600267057613328,0.5984363099515062,0.5940284351131966,0.6026165837116114,0.11653503834728844
2021-02-19,0.6060396839870805,0.6023504043757268,0.6017829852367642,0.6035045385957682,0.10182914893300311
2021-02-22,0.5936619046673275,0.5968927779296958,0.5839307706850361,0.5820253332814185,0.12783459183590173
2021-02-23,0.5700719823869804,0.5802992668853806,0.5437074040880545,0.5812482638757325,0.21483620793278368
2021-02-24,0.5766217293244287,0.5739596401805906,0.5651301858961526,0.5784177225829993,0.13923626177600357
2021-02-25,0.575178552019969,0.5789211295205237,0.5557019404936019,0.5542188179015676,0.1987128525398426
2021-02-26,0.563577826081977,0.5700455437974941,0.5593839299594849,0.5557173833152459,0.22489964017555708
2021-03-01,0.5700165176307717,0.5870249137419303,0.5682542945765288,0.5919602104925188,0.14766807159483647
2021-03-02,0.5958822477845436,0.5913800663961339,0.580639347306346,0.5771412329959994,0.12518484598262197
2021-03-03,0.5759002168665182,0.5747866537406003,0.5629544918743667,0.5601576368170449,0.14231960240527458
2021-03-04,0.558915520018822,0.56315472754359,0.5449907422534612,0.5494457773058975,0.24665876731358022
2021-03-05,0.5546413926300053,0.5540033330453715,0.5391327558073027,0.5566053381994028,0.20762339324645324
2021-03-08,0.5543639575481394,0.5488214204968369,0.5315456573177006,0.5285214349120969,0.20859974176382
2021-03-09,0.5438177210294721,0.5546648021645946,0.5459388923579713,0.5547737243749365,0.16882426350910223
2021-03-10,0.558582527833789,0.5552714832906416,0.5496211639893476,0.5486133087137957,0.14068221792451036
2021-03-11,0.5633003711567919,0.5610046431194065,0.5597187363008502,0.5596025561323983,0.12641024340048423
2021-03-12,0.5514220526779199,0.549758472891299,0.5480031095875324,0.5544407630697874,0.10252747820862136
2021-03-15,0.5570282764030325,0.5653597758753703,0.5550325346890803,0.5708694963281925,0.10940785422764511
2021-03-16,0.5808401273700299,0.5831108638242217,0.579021444766681,0.5796387694307639,0.14593945454769536
2021-03-17,0.5716816757866825,0.5756134396586121,0.5657437682298407,0.5751430731897292,0.14066509181117293
2021-03-18,0.5651874430821051,0.5608391654586826,0.5544745266868274,0.5516656645162898,0.15554576361578026
2021-03-19,0.5486468411090775,0.5511918796720361,0.5509041529734247,0.5486686207945725,0.2584941920868073
2021-03-22,0.5510335437428517,0.5646430211256261,0.5541398376262345,0.5675392735372286,0.14063260021297203
2021-03-23,0.5676852304575823,0.5666826996047187,0.5646279918428365,0.5628215885751546,0.11431088441330016
2021-03-24,0.5648544315027946,0.5592956040820722,0.5530798293619119,0.5492235708207608,0.10320836125663417
2021-03-25,0.5466485685399896,0.5524597718671982,0.5471104859390656,0.5519986693742583,0.11971697417110012
2021-03-26,0.551144656921599,0.5514676118316313,0.5466643096218267,0.5554399518549712,0.11207664687987025
2021-03-29,0.5583603479593544,0.5575315900465345,0.5567619463276403,0.5564389228760576,0.09086587548291238
2021-03-30,0.549812446301418,0.5455137179499108,0.5463295085637865,0.5481691135076194,0.09863296802426595
2021-03-31,0.5583603595566315,0.5627135825047931,0.5591050543998648,0.5606571005511783,0.15089466335903262
2021-04-01,0.5695170818393172,0.566352099512134,0.5665807247035919,0.5653748290660716,0.08169444164789064
2021-04-05,0.5706826100434146,0.5772673280407732,0.569816367633905,0.5814703397024107,0.10340155021736559
2021-04-06,0.5852806418045533,0.5826147336751215,0.5842097956527936,0.5831909373899475,0.0898288653117617
2021-04-07,0.581561667708665,0.586969728694771,0.5813644804037306,0.5925706903635815,0.09510338810541812
2021-04-08,0.5988792127694205,0.6005860856157843,0.6002207312973964,0.6062239766459331,0.10371110071451105
2021-04-09,0.6035973489402366,0.6151950244909117,0.6055207164254561,0.6208766259247461,0.13226865461895276
2021-04-12,0.6186952036024094,0.6141479676981199,0.6119924712601814,0.6111085995651862,0.1078332121434067
2021-04-13,0.6182510744371006,0.624126006585733,0.6192448042385759,0.6288136046464936,0.10758752444272508
2021-04-14,0.6321272319988336,0.6260000636520349,0.6177383192553887,0.6154928876939157,0.10111529411538743
2021-04-15,0.6259109119486004,0.6260003536895409,0.628784657451736,0.6292021829021561,0.10451538781283366
2021-04-16,0.6285748928257784,0.6241808591161164,0.6267760080305302,0.6273148650215373,0.09743333980497677
2021-04-19,0.6241899990165931,0.6285911992474211,0.6271108270438381,0.6310890652545798,0.11238555714847971
2021-04-20,0.6325714988059239,0.6289220379254548,0.6185753160010179,0.6214873235599064,0.11326283029990385
2021-04-21,0.6178070480584785,0.6191093893398205,0.6157302310888033,0.6236519857951609,0.07170367534395078
2021-04-22,0.6215812233834752,0.621314294063471,0.6163437345704588,0.6149935110654213,0.09686369646509017
2021-04-23,0.6166970118885544,0.62666192843704,0.6205280863537086,0.6282032554338893,0.08740592041735216
2021-04-26,0.6315166042934794,0.626330755186604,0.6283379892414116,0.6304228813273646,0.06859536580177661
2021-04-27,0.6325161096762844,0.6282607018331237,0.6314068022907462,0.6285917465839128,0.06717197770916307
2021-04-28,0.6286305069738864,0.6261105026247975,0.6256603986093308,0.6240958761316003,0.1339867078952503
2021-04-29,0.6406199531682144,0.6374119046103413,0.6221459022272484,0.623541013211051,0.20335691028269454
2021-04-30,0.6145875274825556,0.6180617676770748,0.6144469455077752,0.6123294286488532,0.13731493593953298
2021-05-03,0.616030545337845,0.6208732364247873,0.6186867217230116,0.6183234725394683,0.08176806792952812
2021-05-04,0.6113127315182578,0.6066503859700163,0.5900674421080396,0.5922931717976679,0.18169109645379017
2021-05-05,0.6002672434895675,0.6009172284547282,0.597152748482072,0.5936809388385142,0.095958413315217
2021-05-06,0.5929959142934584,0.5970582057393738,0.5924664172678635,0.6027831732462346,0.08655889806425303
2021-05-07,0.6106593715718136,0.6066116388609739,0.606803679001974,0.6066193926942584,0.08791138084650697
2021-05-10,0.602652907359807,0.5971134981705568,0.5918828705477666,0.5879389351143998,0.10247321884019721
2021-05-11,0.5697933308350742,0.579056152488544,0.5693061595232656,0.5827129451958323,0.16340953066606656
2021-05-12,0.5692373428236104,0.570055082235496,0.5664002645497133,0.5652556685518941,0.14104874876135787
2021-05-13,0.5757981289996763,0.5783935121562409,0.5776327498762421,0.5774868681716258,0.13094754303496176
2021-05-14,0.585083276865614,0.5880019848955331,0.5865180901793872,0.5912746891134415,0.0926245832712445
2021-05-17,0.5882524785717376,0.5827007400405839,0.5827180477888416,0.5847143279107461,0.08034275915130665
2021-05-18,0.5868067989216705,0.583031986936656,0.5805385458963852,0.5768195954239228,0.06289381057462272
2021-05-19,0.567902750982269,0.5716010692229718,0.5698089276240836,0.5759299855326244,0.10974109318062177
2021-05-20,0.5794120240115992,0.5870631568084417,0.5823267901781821,0.5904962695703505,0.08452425177691429
2021-05-21,0.5938125084029677,0.588609459679057,0.5829416161770906,0.5800442897332155,0.08842692487510341
2021-05-24,0.5837488552527852,0.5882780745152889,0.5870210254003778,0.5893287926905826,0.06249366773963634
2021-05-25,0.5938123117777874,0.5903763889535893,0.5891444394474901,0.5882167585500501,0.07676532214939445
2021-05-26,0.5890308862508176,0.5852409306800783,0.5897034362595968,0.5879389351143998,0.05206274431721147
2021-05-27,0.5861395977690482,0.5866213573519099,0.5822150248730387,0.5792102096867917,0.11296400363073604
2021-05-28,0.5813024284338109,0.5764606848019558,0.5792532757159783,0.5754853112454339,0.07564748312557651
2021-06-01,0.5785780671862044,0.5739757223472273,0.5758444341758586,0.5736506487236019,0.06976698402261672
2021-06-02,0.5741299711062056,0.5733682027588476,0.5764590697184475,0.5779870723036907,0.05638908864908418
2021-06-03,0.5763539120766503,0.5712145058006461,0.5713177346139278,0.5695363880758303,0.08351925303256251
2021-06-04,0.5729623822260379,0.5784486083041849,0.5753413894455635,0.5826015806363468,0.08182280746935426
2021-06-07,0.5846384205603752,0.5793321808168348,0.5808179952206205,0.5826572411396798,0.07524173829090032
2021-06-08,0.5870292340626171,0.591149611204975,0.5885298484681185,0.5873273228700298,0.08059757010862598
2021-06-09,0.5904207301323223,0.5872287492114621,0.5902621022926131,0.589495469330845,0.05254611686187502
2021-06-10,0.5893644133735094,0.5896586002696198,0.5870210162828897,0.5838247615722673,0.07544789187948531
2021-06-11,0.5866400723533018,0.5855170415695956,0.587915168406842,0.5907187373724044,0.047175399730687864
2021-06-14,0.5938124205302382,0.6026355697031716,0.593335773416436,0.6081203099601902,0.11661474680001772
2021-06-15,0.6055995744118077,0.6029669124455244,0.6063005740782181,0.6034501846770206,0.061938909713211227
2021-06-16,0.6079905020982062,0.6045684648220515,0.6011036631938282,0.6062857345439973,0.10846543782268518
2021-06-17,0.6048213385691981,0.613735229567206,0.6077536626058337,0.6154035173082825,0.1163189612163958
2021-06-18,0.6098809685188256,0.607992167351638,0.611050836600314,0.6080092938232609,0.13589650961807326
2021-06-21,0.6076011629984832,0.6129619568454308,0.6052947070838941,0.618238805858342,0.08901577507106938
2021-06-22,0.6177758223517311,0.6221837721421657,0.6187623012039629,0.627578795107764,0.08120546710353728
2021-06-23,0.6268944111183095,0.6235093136678556,0.6277596658200317,0.6260223044441384,0.05788610302333522
2021-06-24,0.6306750981448763,0.6252762842659267,0.6260830882997646,0.6244099790659018,0.0714858375845842
2021-06-25,0.625171024446223,0.6211349481795443,0.6254127886198846,0.6227423416068882,0.07480334180088924
2021-06-28,0.6248929369263889,0.6286449920723902,0.6284304488477139,0.6320268445642554,0.06092254691234583
2021-06-29,0.6326213345545797,0.6354924795783665,0.6340187540251843,0.640644292538017,0.0648356237242446
2021-06-30,0.6402383423427931,0.6405726752151166,0.6425127482975834,0.644146723177321,0.06276336401041716
2021-07-01,0.6426295325895384,0.6401312407261512,0.6418983786900143,0.6458705437735017,0.04551624747970036
2021-07-02,0.6498570394948076,0.6548749204235853,0.6530187064858519,0.6608255367253489,0.08771819188577555
2021-07-06,0.6619223941981385,0.67226971182421,0.6659836916754784,0.6722784474604482,0.1346616688293053
2021-07-07,0.6812154868594156,0.6818782441536957,0.6804573504473153,0.6864554999502192,0.1294274804334155
2021-07-08,0.670318032767129,0.6772949525861449,0.6693366940180987,0.6790612764651974,0.13049009974600534
2021-07-09,0.6768231462895167,0.6860750597732443,0.680401432895783,0.6894576829046386,0.12139133184981711
2021-07-12,0.6960609576260863,0.689775149106739,0.6879458544403756,0.6860664861663616,0.08363209331202866
2021-07-13,0.6839399486016067,0.6960702152693821,0.6858780416856436,0.6924042924613641,0.12288994679540809
2021-07-14,0.706568925577499,0.7077216783743243,0.7085103386268747,0.7119183074538125,0.1648628494427371
2021-07-15,0.7129077100707446,0.7100965491314257,0.7052136514934051,0.7081937574350108,0.1324824909499695
2021-07-16,0.7085708064972567,0.7087710933222597,0.6984517436334494,0.6965740394011906,0.1107644984953829
2021-07-19,0.6823831582445476,0.6773501683473897,0.6749249362329663,0.6746690617233172,0.1558737206833351
2021-07-20,0.6807708747066619,0.6940823237705118,0.682133970899595,0.6952397552227018,0.11572402884933806
2021-07-21,0.6922800024286277,0.6887258172370747,0.691466400262134,0.6910700082828752,0.08154142702779184
2021-07-22,0.6945595874333652,0.7001565679269255,0.69806052041016,0.6988535068686716,0.08529428664856208
2021-07-23,0.7035111935384397,0.703028110567611,0.7042635446648966,0.7086384317222013,0.07586564099921107
2021-07-26,0.7075143282209773,0.7091576181509915,0.7086223422925324,0.7110290459850703,0.0774449247403353
2021-07-27,0.7122403136579838,0.7057339573389756,0.696607567687918,0.6986866995699508,0.12927862729880057
2021-07-28,0.6882767038271926,0.6933643003272647,0.6797866930821941,0.6887348803120612,0.15186685039091552
2021-07-29,0.6876095673087284,0.6910450482274424,0.69118691063349,0.6924042924613641,0.05226057493482873
2021-07-30,0.6858858211077687,0.6898300092143539,0.6885602412484435,0.6936272556331871,0.07425418577415394
2021-08-02,0.69689465159755,0.6932537692071175,0.6949309610193855,0.6917370632664807,0.06215290610136194
2021-08-03,0.69383688400192,0.6992731298271779,0.6945399868623114,0.701967010829757,0.06520455541810205
2021-08-04,0.7019543460947228,0.6978924222630254,0.7006869804856537,0.6996873691509979,0.05173046570703879
2021-08-05,0.7003420795167112,0.6981687260509961,0.7000724440525337,0.7002991120538264,0.03577180910497811
2021-08-06,0.6980583020152253,0.6953545380586403,0.6982739400550022,0.6964013960246555,0.048142785048550935
2021-08-09,0.6972232016066116,0.6930872475953054,0.6976585023427739,0.6961231806136297,0.03979084373958128
2021-08-10,0.6985594667133741,0.6986728551583563,0.6964270630177358,0.6933947706826461,0.07198537589978118
2021-08-11,0.6963877918644481,0.693197685568715,0.6977142436792594,0.6948423792974983,0.0391262865192359
2021-08-12,0.6971673258134234,0.7060835287086031,0.6994491702427259,0.7117132607795624,0.07720243818233356
2021-08-13,0.7126470926294692,0.7082402101020884,0.7130489542727636,0.7128823926664718,0.05654290355485295
2021-08-16,0.7102529643906326,0.7179187296445688,0.7029752207320821,0.7241299083047649,0.12684159737659956
2021-08-17,0.7196636202911619,0.7206287461703818,0.7176386470433931,0.7189519135932967,0.10912919475736059
2021-08-18,0.7172691134995881,0.7153194296504144,0.7011842450294674,0.6976264497318149,0.0996799017377243
2021-08-19,0.6907084030669723,0.7002769409313925,0.6919500063484616,0.6995197779015259,0.10069514413865173
2021-08-20,0.7041279211684703,0.7030419709328763,0.7047102430570449,0.7078158931729475,0.05842293465075293
2021-08-23,0.708972287604041,0.7123883312207371,0.710922502909421,0.7162791641656461,0.057754215944923706
2021-08-24,0.7153201537500944,0.7160936732736631,0.717974256964595,0.7157779583187323,0.03930699102351576
2021-08-25,0.7173249552932635,0.7131074864760363,0.7104189963331136,0.708762557257803,0.055928764331715855
2021-08-26,0.7091950191106431,0.7064706990963379,0.708795690141006,0.7041965667660803,0.03929226576718825
2021-08-27,0.7043504245289798,0.7044243816659475,0.7049899013412462,0.7100985835490723,0.05082470238576363
2021-08-30,0.7128141911985384,0.7306384502579455,0.7149518580605394,0.735265580302558,0.10709166744160996
2021-08-31,0.7331944475233607,0.7268226119434511,0.729951059405815,0.7280831106259908,0.09988333435503137
2021-09-01,0.7341410149467682,0.7388788331360059,0.7358275456981878,0.7318692443315788,0.09005678667056992
2021-09-02,0.7399321301905646,0.7374410481631397,0.7361634240780144,0.7382168064581515,0.07533441137148317
2021-09-03,0.7393197118471637,0.7369434322495187,0.7400252440476998,0.7418361328650186,0.054035928665096294
2021-09-07,0.746057308641674,0.7514882440657011,0.7473008197290221,0.7551434355491876,0.09320126912502687
2021-09-08,0.7572495954664902,0.7502715247629539,0.7450061414202547,0.7463460273252132,0.08062381947860109
2021-09-09,0.7489527857534619,0.7451282257348972,0.7448381926853926,0.7405553315488872,0.0532308412811037
2021-09-10,0.746224651715439,0.741644414382904,0.7154560206623108,0.7121590674400603,0.1870185981587988
2021-09-13,0.7218908276603637,0.7191906936722259,0.7157356238387267,0.7153882476897625,0.12541436791277016
2021-09-14,0.7203317785200294,0.7172551754333347,0.7054378383848754,0.7074260954383387,0.1364455055876746
2021-09-15,0.7103642322418364,0.7082403837298745,0.7024153978321865,0.712492769143141,0.09480664217899222
2021-09-16,0.7096962870357919,0.7056413092075591,0.7071728305970024,0.7111566557462328,0.07040241084457508
2021-09-17,0.7118120666109469,0.7048115696545167,0.6990014382350689,0.6959559377867137,0.16937325947870352
2021-09-20,0.6838591320016649,0.6828005598968552,0.6738725211193097,0.6785840246690139,0.1591457686735857
2021-09-21,0.6845829465251037,0.6814733043502379,0.6823234580694939,0.6813122603887194,0.08288670723901603
2021-09-22,0.6874785947471307,0.6915939808529041,0.6874724817934494,0.6947868930054434,0.08379951307418697
2021-09-23,0.699728969059064,0.6951888682246685,0.698330112335587,0.7002435386561325,0.06528714489924324
2021-09-24,0.6942162271772225,0.697345575346328,0.6978822171192656,0.7007444831861293,0.04710417430606029
2021-09-27,0.693158072368508,0.6889945232269046,0.6881439008148187,0.6921139693665147,0.08019246550248577
2021-09-28,0.6807965787940387,0.682302887414634,0.676223158082119,0.6728490765016599,0.13592692047353222
2021-09-29,0.676453197535891,0.6806436539931402,0.6781259149362331,0.6779714978154342,0.08091480334820318
2021-09-30,0.683079545295223,0.6802565928949629,0.6739284332433246,0.6705661248086181,0.10405058189571349
2021-10-01,0.6732793357502971,0.6721822547363061,0.6617837615704607,0.6769693474385237,0.11298641162949526
2021-10-04,0.6724996510891277,0.6682555865275026,0.6570824556447115,0.657425716528809,0.1188803555317106
2021-10-05,0.6598594992492228,0.6684213821335165,0.6631827005831554,0.6683944941222422,0.09093293942205609
2021-10-06,0.6597483260310415,0.6679238006734183,0.6576421799695493,0.6733501952429346,0.09471028778432748
2021-10-07,0.6797385308533239,0.6793717229282428,0.6819876739245294,0.6805327520251409,0.06031657060304246
2021-10-08,0.6851399486579084,0.6791505910544453,0.6810923175628838,0.678361382655682,0.05557967972247374
2021-10-11,0.6753394371335757,0.6826344930223576,0.6768945278323781,0.6778600025974902,0.06466932436202427
2021-10-12,0.6806851316794753,0.6740072105266597,0.6725852122451088,0.670621785311951,0.07840814857271451
2021-10-13,0.6696040880895544,0.6637757879354953,0.6622872285886559,0.6672809356330268,0.08757430052231445
2021-10-14,0.6744483448456868,0.6774911097955947,0.6752153691549161,0.6831494054212633,0.07340028096429302
2021-10-15,0.6836920659677175,0.6831323481895426,0.686408993597734,0.6891630916334773,0.0702522772528882
2021-10-18,0.6819099967951769,0.6938611971867652,0.6844500450172246,0.6986841735064192,0.09850060077445245
2021-10-19,0.7017334101344743,0.7067472519605777,0.7034229461274393,0.7109895000249558,0.08375885856215234
2021-10-20,0.7111439016533607,0.7099549051266218,0.7122096834392984,0.7137734833536333,0.05501243723959705
2021-10-21,0.711756429714931,0.7093465648349051,0.7108105234497804,0.7149984499551537,0.059817672516381454
2021-10-22,0.7166565762215868,0.7123329414285478,0.715119976986502,0.710599789395986,0.05575606268413573
2021-10-25,0.7110323614843634,0.7078531715694418,0.7094111968545631,0.7103212255624042,0.04269091895042855
2021-10-26,0.714651963865595,0.7159830236347722,0.71719070825464,0.7141076205849092,0.0589732110774262
2021-10-27,0.714818952875538,0.7098442077405616,0.7142804452235145,0.7114906187662305,0.05129286950269768
2021-10-28,0.7173804538849724,0.7288688749817527,0.7211643629901634,0.7322034686684936,0.12169079874752091
2021-10-29,0.7029028523627281,0.7110057504144369,0.7026394710667161,0.7167802829069208,0.1615054910000674
2021-11-01,0.7127585724522969,0.7096781760229101,0.7104186007206228,0.7121029714085322,0.08089287552084592
2021-11-02,0.7109211811924743,0.7200202728756089,0.7151758890708695,0.7180051624028021,0.0721436724053018
2021-11-03,0.7205542521837274,0.7222322912766681,0.7217239599468521,0.7261899566675578,0.048758524843027964
2021-11-04,0.7271807970624518,0.7247764552858753,0.7263134091687387,0.7232391660401594,0.05817484609306138
2021-11-05,0.7301411937156561,0.7247328100025472,0.724292892918841,0.7262500595584808,0.06628862238664714
2021-11-08,0.7274645669289013,0.7212436696207309,0.7248534587329811,0.7215662151371657,0.04957385588359621
2021-11-09,0.7207169048724904,0.7204680862477251,0.7242928255914944,0.7236292250916853,0.05240206544127991
2021-11-10,0.7197132639425639,0.7132682042478373,0.7119062531275702,0.7075144205563036,0.06584558423975022
2021-11-11,0.7138020562750627,0.7093910188160557,0.7109531759956558,0.7072354211945268,0.027132405183354247
2021-11-12,0.7108464676970447,0.714763364410504,0.7098322349561434,0.7190567887826752,0.06363183401947159
2021-11-15,0.7216649931784387,0.7229605732576496,0.7207618493208727,0.7191127106029253,0.05629929659691324
2021-11-16,0.7192671400164525,0.7208005491339684,0.72025741558351,0.7246887780847091,0.05635275567966741
2021-11-17,0.7251781486766387,0.7402405791276898,0.7295054364226343,0.7385732427330162,0.10365091923212909
2021-11-18,0.7402902966545926,0.7605667232229105,0.7410513156910243,0.762996357329282,0.1821120467161958
2021-11-19,0.7622616886488003,0.7735824321045899,0.7605563738200796,0.7779405491818908,0.14926496162070013
2021-11-22,0.78473468964198,0.7995023929631273,0.7856099201971887,0.7805612094374083,0.1495247343491733
2021-11-23,0.7816116368868034,0.7779020857233956,0.7747362630193242,0.7827356275042328,0.11523089281950084
2021-11-24,0.7795486379306658,0.7797854116681402,0.7779873418530745,0.7856912089417771,0.07269042757502718
2021-11-26,0.7729683169248451,0.7704252141250718,0.7596033233278279,0.7570857170880272,0.08468863045352669
2021-11-29,0.7718530743257863,0.7745238393425491,0.7732231630739708,0.7762118506699252,0.10355680563734031
2021-11-30,0.7753105493703776,0.7985055030966186,0.7795566772831881,0.8044268479439541,0.24008538087755804
2021-12-01,0.8170781399901752,0.8249794514028699,0.8053950016226483,0.8014715278233268,0.20487985391265268
2021-12-02,0.768339978845326,0.7911946607660025,0.7676744373003872,0.795839625626932,0.1803698248126651
2021-12-03,0.7977837497361029,0.7954040594915486,0.7784358183120754,0.7851336457464183,0.15041337155711104
2021-12-06,0.7992890137545823,0.8115761036626938,0.8039935681197841,0.8045381689506201,0.13356559757571063
2021-12-07,0.8260006069905175,0.8320688110615411,0.8267495418097099,0.8372142815269933,0.1542264126602632
2021-12-08,0.8430086462922102,0.8563272340823036,0.8399768079515182,0.8589609011531306,0.1487740663907388
2021-12-09,0.8585111987526277,0.8607026154403612,0.8580244212278536,0.8560613286414752,0.13584913270641086
2021-12-10,0.8601842082144702,0.8766535344981952,0.8623402296151039,0.8833284423517025,0.14621923441791784
2021-12-13,0.8931409825408172,0.8904997369878878,0.8670482675932356,0.8626412015073108,0.20677573066481814
2021-12-14,0.8604071925686092,0.8661857652042559,0.8484402089815095,0.8547788723182025,0.18459725383572922
2021-12-15,0.8596266045314591,0.875933581658924,0.8490007528428152,0.8824921411114837,0.17128514194426842
2021-12-16,0.8828803847722206,0.8850166656469658,0.840257185150413,0.843236416986192,0.20189206739237636
2021-12-17,0.8307402990327233,0.8425362973478625,0.8343158688341363,0.8369910297741883,0.2743129587537567
2021-12-20,0.8215392785499134,0.8265301777561886,0.8218171912214689,0.829240370014302,0.1335689587755245
2021-12-21,0.8398302470157595,0.841041184649403,0.8311213662496557,0.8473071248144541,0.10745851839272548
2021-12-22,0.848083210000262,0.8557734072034593,0.8481038662540299,0.862083551206313,0.10897810082286973
2021-12-23,0.8637531456415204,0.8612565636179055,0.8655910580910366,0.8656522692369102,0.0709185951017075
2021-12-27,0.8706676544031953,0.8810286663837339,0.8756795491731411,0.8882351901032663,0.08142314480576987
2021-12-28,0.887787701242416,0.886069000032673,0.8838628613964292,0.8824363063968726,0.08818507854563766
2021-12-29,0.8831590493094943,0.8821918934483515,0.8816767926002975,0.8829380348776206,0.06130284266271688
2021-12-30,0.8839400522722543,0.881859900499051,0.8813968354080741,0.876358510434341,0.057179930948151256
2021-12-31,0.8762442475882894,0.8744379972344349,0.8767445367964275,0.8728453658014377,0.06404526159657951
2022-01-03,0.874794765715873,0.8946538885073609,0.8792671511987624,0.8976034886853694,0.12874931835668058
2022-01-04,0.9015615103872197,0.8949859225046457,0.8871696566057043,0.8847224809985581,0.12046236024411273
2022-01-05,0.884720561421543,0.879644264982399,0.8620599566212701,0.8580687651983008,0.11282315335282082
2022-01-06,0.8461873527311328,0.8526719872464001,0.8452455443745761,0.8417867178360033,0.11661074537166786
2022-01-07,0.8472468517343363,0.8462472829274492,0.8418265459528376,0.842734601399805,0.10029308061805743
2022-01-10,0.8260004360860846,0.8371640341430606,0.8257965579551647,0.8428460095121101,0.13239493969767446
2022-01-11,0.8440681862501198,0.8520071386159545,0.8406494471203336,0.8589609011531306,0.08337376109776146
2022-01-12,0.8652586757339609,0.8630841377800422,0.86306884483793,0.8614701532963431,0.0812400394444801
2022-01-13,0.8633626635300102,0.8599825620453194,0.8460860576627467,0.8428460095121101,0.09676654178475548
2022-01-14,0.8386033048041173,0.8442534004081788,0.8421627983738751,0.8477531056862301,0.09026021928787699
2022-01-18,0.8395512067507285,0.8373855636261209,0.8327466196181383,0.8295191951648009,0.10709166744160996
2022-01-19,0.8311307706591191,0.8292994034409233,0.8132977914469768,0.8096125079516561,0.11326715184252172
2022-01-20,0.8142899639387122,0.8215455853026172,0.80343332340746,0.8000217415674992,0.10783401242907668
2022-01-21,0.8000141087369579,0.8029915671326626,0.7928961351429005,0.7883118691972946,0.15813740872942006
2022-01-24,0.7754777925567486,0.7806715319425137,0.7502993521021173,0.7839067628208395,0.22127306563350851
2022-01-25,0.7696783841289578,0.7832193418864353,0.7633027770763647,0.7736469380233797,0.14685258049713423
2022-01-26,0.7948837312213051,0.7922468448125999,0.7677864205708658,0.7731448611200757,0.1348113222495902
2022-01-27,0.7890284574834139,0.7892006817820281,0.7703646191288567,0.7705241137589194,0.1567060177801068
2022-01-28,0.8072077550344428,0.8252562687377853,0.7956985289679976,0.8324744281797892,0.2495089046986212
2022-01-31,0.8320233429686263,0.8510105775791321,0.8333073516828395,0.857288385778332,0.14644155377703627
2022-02-01,0.8534923424506251,0.8501240938852008,0.8490006262118,0.8563401537919741,0.09950047769051641
2022-02-02,0.8576189982952283,0.8558842137744631,0.8547176375785992,0.8631987647026698,0.09742037517712322
2022-02-03,0.8561134095096263,0.8578781497200973,0.8479358181044274,0.8468051350167892,0.1046290283779698
2022-02-04,0.8417190951434599,0.8472543439559832,0.8410836767276673,0.8451861025043481,0.09350073602273067
2022-02-07,0.8483077735071087,0.8464224949121055,0.8425989691081011,0.8411104296546619,0.08515503694198681
2022-02-08,0.8419980932542983,0.854186071302913,0.845292466932164,0.8588089018130429,0.0812784531566388
2022-02-09,0.8661192731517713,0.8613953694975156,0.8647662168812422,0.8669046741147215,0.07560570821360393
2022-02-10,0.8554546383182138,0.8549070813869837,0.8459661088550099,0.8436785652098511,0.10694633556394291
2022-02-11,0.8453484539945557,0.8415978613752446,0.8262680368048565,0.8242491297928899,0.1194384747579496
2022-02-14,0.8176539079499621,0.8221884153760006,0.8179622748785318,0.825589075837915,0.09945502146446196
2022-02-15,0.8377547012233639,0.8408768058764178,0.838670450856771,0.8474192297718712,0.061588544646897156
2022-02-16,0.8426682261626919,0.8430395286794892,0.8375480368216692,0.8460792837268462,0.059427773337970724
2022-02-17,0.8380897575959405,0.8351095368095893,0.8286811837192591,0.825589075837915,0.07289161939245833
2022-02-18,0.831333700042042,0.8275120898550665,0.8158858705898937,0.8167676264575714,0.09399259159549593
2022-02-22,0.8043091285535866,0.8061617294144041,0.793213333784959,0.8001296654542434,0.10742154519477272
2022-02-23,0.8074359334180559,0.8031671150889466,0.779744633428908,0.7764011312235128,0.1055751260970116
2022-02-24,0.7350732719881721,0.7848671339495552,0.7362519878666955,0.7913084773908168,0.18742562345054692
2022-02-25,0.7979438559542915,0.7974551713627933,0.7860299844604224,0.8030887311173485,0.10872024878000451
2022-02-28,0.7935885640109064,0.7991187271034856,0.7947845413423749,0.8045960070949285,0.11365384987825254
2022-03-01,0.8027457430700486,0.8056626554076247,0.7922032222515951,0.7938764387347279,0.0951157125047357
2022-03-02,0.801014836661675,0.8098772192366244,0.797702925039673,0.8126359446819961,0.08911421020847603
2022-03-03,0.8237958619409154,0.8184729168600176,0.8122942064573027,0.810793573311111,0.08423822967846603
2022-03-04,0.8015730522864217,0.7998396296115577,0.7929326182496539,0.7937087603796169,0.09553634265287338
2022-03-07,0.7952637062648749,0.7969006027756091,0.7757599819345424,0.7721019453041046,0.11583414815752631
2022-03-08,0.7699145640476375,0.7850333309100048,0.7575773890002806,0.76171738523157,0.1714211905081638
2022-03-09,0.7847664324647867,0.7879721228614218,0.7778363191254014,0.7924803966581748,0.10788907208317082
2022-03-10,0.7776197627777064,0.7712248462829068,0.7585874499379424,0.7677471859870023,0.13011636633812806
2022-03-11,0.7705285576063523,0.7650692320232044,0.7502816796606588,0.746586787311461,0.11671654313723827
2022-03-14,0.7287635372099992,0.7364542006504036,0.7255889690164912,0.7236398519796455,0.13554246323767732
2022-03-15,0.7256927631016432,0.7444955075166693,0.7271605181241534,0.7485969241430961,0.11030497446368455
2022-03-16,0.7600314946276785,0.7690619983863085,0.750057208964477,0.7737210649221846,0.12524774843628184
2022-03-17,0.768741782227581,0.7746074875261861,0.7678471326803797,0.779471692104562,0.08253682234410395
2022-03-18,0.7793506661086251,0.7939061028899408,0.7798007530566968,0.7982313722631083,0.15919826741353593
2022-03-21,0.7961014253108201,0.8042764031922767,0.7980397787615203,0.8060479709917318,0.11486196112564341
2022-03-22,0.8072685386693956,0.8213011649041126,0.8087025921292581,0.8252541546558879,0.09200676273402554
2022-03-23,0.8211156156241592,0.8391575976333141,0.8240791583563107,0.8330145702473444,0.11846532738326272
2022-03-24,0.838257049665601,0.8474758600501777,0.8384458577270746,0.8545656377138847,0.10577071591475294
2022-03-25,0.8540028556538783,0.8537979021799409,0.8527003842186587,0.8581948070579609,0.09042891950710726
2022-03-28,0.844454805841419,0.8562932511988626,0.8484912707932519,0.8631079135211732,0.10615565332200984
2022-03-29,0.8696929309639561,0.8744830346346628,0.8728476702281596,0.8818678549966364,0.12250949098790305
2022-03-30,0.8800780374075361,0.8778100737481886,0.8748676692932267,0.875223523957927,0.10977502529302861
2022-03-31,0.8761139413785297,0.8690483762933443,0.8619603565059202,0.857580886514157,0.12644673642703502
2022-04-01,0.8548403477520656,0.8515797119648927,0.8481546840689347,0.8559056708645487,0.08755605400903906
2022-04-04,0.8578556046840948,0.8715992061848232,0.8621847288063844,0.8789643627312252,0.08390210969707747
2022-04-05,0.8742152545267345,0.8705454004270978,0.8620723271905877,0.860093013143457,0.07899379762600058
2022-04-06,0.8455157018211747,0.8446476738974724,0.8379968976458398,0.8420592713804929,0.10405394309552739
2022-04-07,0.8388156354600773,0.8431505425446457,0.8364257360565639,0.843790234639073,0.08570483319725809
2022-04-08,0.8422772909402902,0.8343884537165203,0.8327777724154617,0.8323445536720123,0.08407353088758564
2022-04-11,0.8251359628812893,0.8191383705549227,0.8120136058263918,0.8081136812210609,0.07714497767122952
2022-04-12,0.8212831111542931,0.8237964226160321,0.8184110824949788,0.8187774148666505,0.08837858762063706
2022-04-13,0.817765569053462,0.8302848238654355,0.8191407950738125,0.8340754298249534,0.07453956764406623
2022-04-14,0.8358004031813968,0.8315603195616641,0.8094319637927558,0.8055452843489547,0.08207905894087954
2022-04-18,0.7983906056173451,0.8056626878238182,0.8011824614628031,0.8043170948387905,0.07198665635685314
2022-04-19,0.8045326735352931,0.8124283741264784,0.8030906332027339,0.8173259736036814,0.06990575355779
2022-04-20,0.8254148126896372,0.8183063147399139,0.8153805729512933,0.8163765221383773,0.07023547125381877
2022-04-21,0.826252416994085,0.8330019812326013,0.814314301843913,0.811854171571803,0.10112329697208715
2022-04-22,0.8125728338687281,0.8127054029928342,0.7895655557261816,0.7860040923971324,0.09736931695137897
2022-04-25,0.7827564571311028,0.78664127251694,0.7725050615520241,0.7920897278671758,0.1152380953905306
2022-04-26,0.7890660348967662,0.7820385925274032,0.7627403072702355,0.7581440506021047,0.11456073359946566
2022-04-27,0.7536662871002155,0.7678974449393734,0.7552202692597425,0.7568599392716906,0.10246041426947762
2022-04-28,0.7723152138468923,0.7941277691658437,0.775142598436116,0.7963329048606951,0.16993025830500458
2022-04-29,0.78677687409543,0.8034445050618937,0.765714767606732,0.762889827132762,0.17238041291219314
2022-05-02,0.758133283612362,0.7592465470376693,0.7433791115399118,0.7646207032857031,0.15846776665398482
2022-05-03,0.7661735039901145,0.7729995162073553,0.7604956445741913,0.7731070572727416,0.10390621036085042
2022-05-04,0.7746604150690835,0.8049971011549255,0.7769946799377341,0.80962104430428,0.1347812315083992
2022-05-05,0.7980000212691432,0.7916881199073402,0.7528073179507162,0.7579768077751887,0.17042403456337774
2022-05-06,0.7555046260760265,0.7672558257624766,0.7497572802201233,0.7621143256285783,0.14737468686822447
2022-05-09,0.7494653228100328,0.7472068146923678,0.7346387504400367,0.7329270552118222,0.17210879595580436
2022-05-10,0.7527646488193258,0.7522608127589205,0.7427319267223407,0.7466260719546585,0.1461616138496798
2022-05-11,0.7414691882293301,0.7450964317740474,0.7027158526267239,0.7018389655403995,0.1898941846281449
2022-05-12,0.6814693730058039,0.6937245871095139,0.6633178674610325,0.6798086428479782,0.2537765080623179
2022-05-13,0.6916465977137525,0.7042769111290381,0.6875412936114285,0.7052497610474558,0.14395954780018277
2022-05-16,0.6970146642928337,0.7010556967653194,0.6935548301697101,0.6964711676415095,0.10018856330955898
2022-05-17,0.7155236224463892,0.7135517319697935,0.7076056346963557,0.7171596279648473,0.08689181690296167
2022-05-18,0.7042839161587742,0.7001670290861677,0.6695002043816791,0.6700798140259765,0.13716032074809426
2022-05-19,0.665309557698704,0.6685112587205673,0.6509537510760832,0.6506779039909453,0.17933969709827619
2022-05-20,0.6608917338409019,0.663179395531271,0.6285287331593339,0.6520195050431117,0.1814692572660737
2022-05-23,0.653622488084102,0.6773968878261438,0.656854705789401,0.6828840816448123,0.14993832198341522
2022-05-24,0.6705097316377555,0.6702327628373748,0.6550563712033317,0.6675078458226705,0.12818079541673194
2022-05-25,0.6572011536466398,0.6692328986911322,0.6607326174007739,0.6684023336297539,0.10953413930636681
2022-05-26,0.6513859157133775,0.6833949844871694,0.6539885192802781,0.6866304080733687,0.10652314450166132
2022-05-27,0.6961201923752254,0.7130518359299367,0.6996249188187023,0.7193961523522922,0.10712655989682078
2022-05-31,0.7166979283004264,0.7184945106742529,0.7085048898184623,0.7149230164717635,0.12751767871059255
2022-06-01,0.7213388563370342,0.724492343891258,0.7132257024190121,0.7141960328085132,0.08040998314758437
2022-06-02,0.7097638322433937,0.7218819835845445,0.7086170417947417,0.7281743973356825,0.07730727560509999
2022-06-03,0.7045635644364447,0.7035549108315096,0.6951286432523418,0.6955766798344262,0.10327206399596399
2022-06-06,0.7052903657715821,0.7068870024671581,0.6976013181715872,0.6998259542226767,0.07610732727154285
2022-06-07,0.6903046362290808,0.7092752048626008,0.6931053582852484,0.7141960328085132,0.0700408417788814
2022-06-08,0.7139575289948186,0.714106643276484,0.7119890878889852,0.7100022447123175,0.047860124149916555
2022-06-09,0.7055699971607068,0.7034436843360563,0.6842814310718126,0.6802561045156174,0.07270547294562267
2022-06-10,0.6675460591490392,0.6635127172151349,0.6535388415856394,0.6494476239454448,0.10786186237039173
2022-06-13,0.6261112025289317,0.6326343518361195,0.6219533135721602,0.6200929364904947,0.15711016204344302
2022-06-14,0.6275649081108388,0.6253588242689243,0.6221778788236518,0.6250130985104675,0.0972123009029303
2022-06-15,0.6340514006486839,0.6445191462416968,0.6259997898759784,0.6399422210875262,0.10801407670482056
2022-06-16,0.621693703486544,0.6170284544085505,0.608464669240198,0.6099165153423953,0.13456899574872244
2022-06-17,0.6104542945138123,0.6208605195642705,0.6127922755011854,0.618303612453772,0.17681831706646006
2022-06-21,0.6291864076405862,0.6429639302455963,0.6325190889765193,0.642402258544693,0.0911560590668445
2022-06-22,0.6368472315788221,0.6468516338962524,0.6358351394883146,0.6394949336311649,0.07900564185391618
2022-06-23,0.6481985507729917,0.6514611669970956,0.645501900872649,0.6558217532919182,0.07744444456893333
2022-06-24,0.6654211690635221,0.6698995175256319,0.66876970590271,0.6747766371875052,0.10414677623324421
2022-06-27,0.6810781233911103,0.6786743561287798,0.675513963041595,0.6747766371875052,0.07388173282334862
2022-06-28,0.6778907618733552,0.6782854562079519,0.6550000651598016,0.6511808519506394,0.06888074767168889
2022-06-29,0.651777554493671,0.6630131325773203,0.6513471790978758,0.6611897254020862,0.06753466717479471
2022-06-30,0.6506029816577334,0.6502393625947029,0.6350482866764247,0.6471550906321109,0.1199087226176256
2022-07-01,0.6438367882248353,0.6539601991704926,0.6456703915808186,0.6595118965833074,0.07523213486286065
2022-07-05,0.653510727714955,0.668233349481792,0.6528081480956232,0.6742174189850051,0.07891697020168319
2022-07-06,0.6735293593810148,0.6821731885873368,0.6761322570839399,0.6818218283769789,0.08005417613871448
2022-07-07,0.6843770978292092,0.6956684828177164,0.6884965311632412,0.7010001382366492,0.0675527536309361
2022-07-08,0.6953929689984719,0.7012222641373438,0.6981634223495587,0.7048582212000666,0.06482233898212306
2022-07-11,0.6976858077240993,0.6961685826653863,0.6913069309821684,0.6927251025298701,0.06257161556389168
2022-07-12,0.6981887498298815,0.7062204481037626,0.6984443502573214,0.6982603174669542,0.08569538982635241
2022-07-13,0.6827000008227553,0.6951134498154263,0.6819774096675202,0.6961919069628154,0.07544661142241335
2022-07-14,0.6887949360052725,0.7089976059819538,0.6883282291719146,0.7128541704394297,0.08657874514886833
2022-07-15,0.7206678509421311,0.7196050491757406,0.7161482245373649,0.7223593990860703,0.08356839057269883
2022-07-18,0.7260359243777088,0.7235481487065085,0.7077178254938481,0.7050260737664558,0.09182893925815759
2022-07-19,0.7102672009101176,0.7216599210879229,0.7088982006077462,0.727000300427349,0.09432823140548251
2022-07-20,0.7281608180184536,0.7354886280724178,0.7283441351643345,0.7384066967512123,0.06526345644341204
2022-07-21,0.7470610131855353,0.7457629936939696,0.7371679423078492,0.7513228951161872,0.06568472682008569
2022-07-22,0.7520376995355589,0.7497060856622098,0.7454297056881465,0.7442777039267136,0.06822771456499112
2022-07-25,0.7443210950612524,0.742819537208099,0.7390788759321705,0.7379035745802401,0.04733785772169234
2022-07-26,0.7345353507941035,0.7319897024045503,0.7307608041307383,0.7303550870085163,0.049762403187441795
2022-07-27,0.736324909103214,0.7555375301467457,0.7384044717634419,0.7593745048588832,0.08734701939204219
2022-07-28,0.7609283107365039,0.7572588345363782,0.7510496650588692,0.7625054299477724,0.0917613951476119
2022-07-29,0.7847495762508896,0.7905257610706313,0.7796569043755437,0.7913572565486673,0.12442617516748779
2022-08-01,0.7834630579571815,0.7903032116960036,0.7874686669844349,0.7857655100518601,0.07007477389128823
2022-08-02,0.7783748284876628,0.7837501117450656,0.7803874211212107,0.777378630704581,0.05739440750770396
2022-08-03,0.7825126567789591,0.8069644674313494,0.7866820275679816,0.8115979938874489,0.09356812007614239
2022-08-04,0.8114223728327685,0.8102970261360656,0.8073647366103376,0.8098090182732823,0.05029923481485951
2022-08-05,0.797032842808149,0.8041341755868157,0.8006000045031316,0.8085209000834733,0.05225657350647887
2022-08-08,0.8147273943571078,0.8150345792236833,0.807353729991301,0.8058333426971895,0.0579864588463498
2022-08-09,0.8015685312340148,0.8039674234429359,0.802007096040007,0.8061133002209958,0.06256185207871802
2022-08-10,0.822062872531697,0.8235436265445397,0.8225495152137927,0.8303018393313841,0.07382187145523467
2022-08-11,0.8353897042516911,0.8327199140748314,0.8298096503214434,0.8261023893686523,0.05298035186640224
2022-08-12,0.8340457635981149,0.8392822207088577,0.8366194170365473,0.8463152529029478,0.0704108938726768
2022-08-15,0.8435648543413796,0.8460670451743937,0.8475940600885465,0.852418222395156,0.04808660499451885
2022-08-16,0.8506203223392461,0.8478468259845602,0.8493388283598775,0.8515224280034874,0.05174455073483031
2022-08-17,0.850564354458947,0.8614165741585169,0.85446035739334,0.8600331715694511,0.08882162576753398
2022-08-18,0.856051924918821,0.8544648755595807,0.857555762857334,0.8577935113790016,0.06120872906792808
2022-08-19,0.8520204342210649,0.8480138900065979,0.8473692100179577,0.8430679546803298,0.07410325189679708
2022-08-22,0.8333177806962015,0.8264353772322226,0.8239000725287235,0.8209510489827238,0.07199129801373899
2022-08-23,0.8187030023196797,0.820039796461552,0.8211423029579057,0.8190472681363304,0.04817527664675182
2022-08-24,0.8200469874289475,0.8167029878944552,0.8188911904347909,0.8207271003848067,0.047686142045264474
2022-08-25,0.8282223163646718,0.8279926918593747,0.8307101612892036,0.834725063680755,0.04348736324918542
2022-08-26,0.8382454132886037,0.8330534787958295,0.8037517156634233,0.7988343174963958,0.08789169381902563
2022-08-29,0.7854978350601562,0.7877280659787897,0.7827029905805516,0.7862923249566454,0.07885326746235337
2022-08-30,0.7909853439674892,0.7858371170426632,0.7708839913994001,0.772462301332725,0.08620341116965112
2022-08-31,0.7807940284226613,0.7748254342096241,0.7676195929061411,0.7629995802379256,0.10234501307586756
2022-09-01,0.760243971661454,0.7628129918127529,0.7537185456543021,0.7671431954860465,0.08031923075260945
2022-09-02,0.7776584998052962,0.7736021124814672,0.7554069586502685,0.7551049348567413,0.0846854293108468
2022-09-06,0.7592920878250113,0.7554163414024353,0.748203120855544,0.7479380570895585,0.07949477645540352
2022-09-07,0.7500526305981938,0.7530802950387065,0.7477526026555876,0.7559446332168819,0.10147830369528708
2022-09-08,0.7490448577695719,0.7513564617085127,0.7425186719908916,0.7475460817139742,0.0974355806048527
2022-09-09,0.7536926182961323,0.7594762886019,0.7541688858980751,0.7638397141262613,0.07039392781647337
2022-09-12,0.7767624578860737,0.7952914519334118,0.7797762645910433,0.7977704092214211,0.12949854580090908
2022-09-13,0.7784985670335707,0.7746032956628435,0.746402233613761,0.7440747477877999,0.15782961886074853
2022-09-14,0.7498848830194118,0.7554720613136525,0.7477529187373264,0.7523054467243184,0.10230387839243095
2022-09-15,0.749100925963496,0.7451278210045464,0.7352023972070239,0.7358438746400033,0.10633043571233187
2022-09-16,0.7298384959727873,0.7234938496979311,0.7182618408649013,0.726493171396982,0.22124777660633738
2022-09-19,0.7191993604929154,0.7413459286026354,0.7223703911593145,0.7476580124601133,0.0919142497105767
2022-09-20,0.7421015253497141,0.7609221998716711,0.7447700535964603,0.7612080785602274,0.1338741877300521
2022-09-21,0.7641638069328904,0.764592862939697,0.7476967701257189,0.7434029019940485,0.1242819636897587
2022-09-22,0.7363899386389146,0.7408454019115212,0.7325571002628701,0.7379155080527857,0.10020248828021651
2022-09-23,0.7297267356667019,0.7241614438296655,0.7193314322999913,0.72498162724309,0.1152116859634215
2022-09-26,0.7211592869720369,0.7369525155243783,0.7254095492943156,0.7268852338782053,0.11090534877329812
2022-09-27,0.7384058791254762,0.7422358594875571,0.7271542538067586,0.73242837542844,0.09666554573320492
2022-09-28,0.7098481267422434,0.7195452104549993,0.6983948788417105,0.7216778845663877,0.1962990309020708
2022-09-29,0.7012249440845637,0.6977445778207216,0.6749822875091782,0.680468119640989,0.16660331071779383
2022-09-30,0.6742353266277141,0.6776124868574231,0.6598993515695966,0.6565038775510738,0.1614608350596829
2022-10-03,0.6570446799914946,0.6774455186723691,0.6581545446550934,0.6803001799689609,0.14447301108603727
2022-10-04,0.6952333475662216,0.6949638182291451,0.6951306059552174,0.7007370792068126,0.10208732109013634
2022-10-05,0.6898578253931298,0.7014150441874341,0.6880955412739795,0.7024167372440108,0.08870798520239785
2022-10-06,0.6996008461654006,0.702304697059001,0.7005334290592853,0.696985439334276,0.07099158115480902
2022-10-07,0.6812904932552042,0.677612275111072,0.6680597782983291,0.6670860803185419,0.09903903297321011
2022-10-10,0.6694195558021576,0.670882979515417,0.6631072046269402,0.6689338522390461,0.081390173036167
2022-10-11,0.6665079090450141,0.6678799926254912,0.6611374899899218,0.6608711800801947,0.08480691267554867
2022-10-12,0.6621962647570272,0.6623741053001717,0.6607997549759224,0.6572876540909642,0.07424314183190832
2022-10-13,0.6390143646282536,0.6803375775008791,0.6394696059703358,0.6833239651218569,0.14273206963957852
2022-10-14,0.6912017248317699,0.6855094960687833,0.6609685232567764,0.6575116026888814,0.1033163998220805
2022-10-17,0.6730594076640037,0.6765000725413934,0.6726749530055409,0.6800763184766827,0.09795912749014889
2022-10-18,0.6978093138575845,0.6976334128670902,0.6745884539604319,0.6875791626935608,0.12018418094523022
2022-10-19,0.6765311774038838,0.6879010564566319,0.6795975012481452,0.6881951737727012,0.06035754522934507
2022-10-20,0.6839783682702874,0.6931285910216283,0.6860695118489313,0.6855633639953893,0.06478104424155247
2022-10-21,0.6831383754160361,0.7040289659042269,0.6860694997669361,0.7072881201061331,0.10003618891799616
2022-10-24,0.707328286896169,0.7172649456146152,0.7049233516482836,0.7194941461961882,0.08312343174019399
2022-10-25,0.7235669352680967,0.7298338162636082,0.7238335973763892,0.7356757607566972,0.08112335779379808
2022-10-26,0.7284385744123316,0.7270531050289628,0.7164045405683688,0.7189343182542148,0.1026702491721445
2022-10-27,0.712256174660808,0.7107028060213811,0.694399223323618,0.6934583577991297,0.1362596792551069
2022-10-28,0.712983831660402,0.7576964172776508,0.7151664662080031,0.754712959481157,0.22522295558622607
2022-10-31,0.7407575238472146,0.7395662615997156,0.7382413432900381,0.741274911232821,0.11827405910813925
2022-11-01,0.7515088474239144,0.74629574664358,0.7225393931421114,0.7262133880844538,0.09016178415047034
2022-11-02,0.7171836009973271,0.7280542549338143,0.6992954863773615,0.6947460404607436,0.11132982029265166
2022-11-03,0.6786028657706242,0.6759439601328698,0.6641202918348232,0.6603112650325823,0.11823452499604258
2022-11-04,0.6800906386760797,0.6765371084471767,0.6407803371643261,0.6587969334982418,0.18689311336574704
2022-11-07,0.6521587070052997,0.6569284357715357,0.6480524734590876,0.6618254223556449,0.09495597548500913
2022-11-08,0.6706677896419653,0.6696294245163794,0.6583124933947666,0.6650782953391602,0.10541394856307908
2022-11-09,0.6599549173389245,0.6535860651387357,0.6419640584943229,0.6391111461856485,0.08142026377735796
2022-11-10,0.6753232915080596,0.6999338335506116,0.669643748696118,0.7064127084339948,0.15174328628347172
2022-11-11,0.7010115595664952,0.7174254656865322,0.6970975861571689,0.7222844882365141,0.11193019460226523
2022-11-14,0.7186793103297848,0.7189295640152693,0.7143479330441218,0.7143205067666709,0.07894946179988409
2022-11-15,0.7369079449629525,0.7373683033864249,0.7207181630181696,0.7241913177802731,0.10534960559521327
2022-11-16,0.719576839314128,0.7166456830963324,0.7135588011828282,0.7171808817407679,0.06429495072561102
2022-11-17,0.704432793470408,0.7256142311154525,0.7071320362149549,0.72800506397343,0.0901779499210038
2022-11-18,0.7374127685830554,0.7324104977496564,0.7286669267721129,0.7312019280310563,0.08127909338517478
2022-11-21,0.7253538802541402,0.7194309613098766,0.7159828796366414,0.7128062623379694,0.05550109166968241
2022-11-22,0.7139679729296704,0.7197094991811126,0.7115292974125154,0.724976575116027,0.0444251379972595
2022-11-23,0.7213717298352396,0.7275642674900338,0.7251155439351011,0.7299683379712731,0.05482453016428744
2022-11-25,0.7149776111857391,0.7111308596072272,0.712600503331227,0.71336722265325,0.017842529069176535
2022-11-28,0.6971976117084826,0.6986525686438381,0.6915167366975374,0.6915503087764245,0.07234214325145503
2022-11-29,0.6924302392187585,0.688458465050148,0.6744356618748486,0.674444677597205,0.09557891785051591
2022-11-30,0.676220565405846,0.7102394566125634,0.6755629344581799,0.7129184544010255,0.13978205660292498
2022-12-01,0.7144165930086697,0.7125233295928943,0.7097252880424816,0.7144887077556161,0.07555032844524182
2022-12-02,0.701796782393141,0.7062285244222533,0.704313405958523,0.7116845159186862,0.06626221295953803
2022-12-05,0.7119488086565529,0.7224948280043475,0.7049900258074873,0.7050666649942384,0.0716705435172139
2022-12-06,0.7080227217057731,0.7023292474533449,0.6832861780212995,0.6842032965477509,0.06510948148050928
2022-12-07,0.6806515628968695,0.680436539669069,0.6724623451663678,0.6731545559776986,0.07310257469506315
2022-12-08,0.6816050707227463,0.681272203817247,0.6786635069576492,0.6827449739392994,0.060949756625124904
2022-12-09,0.6814927724204933,0.6926919107510099,0.6775358663632571,0.6799967910282586,0.0833076575014217
2022-12-12,0.6835120178322311,0.6867313652493958,0.6784379331244561,0.693064553205126,0.07428955840076674
2022-12-13,0.7216520302088549,0.7172027351441879,0.6963648420675097,0.6985608319215687,0.11178054118198032
2022-12-14,0.6983755247364318,0.6987640283008829,0.6790017869867175,0.6858858290710367,0.09322191649531215
2022-12-15,0.6745939650765294,0.6716906341086144,0.6500819127594433,0.6482529701063029,0.11985654399194336
2022-12-16,0.6498029924888338,0.6485724721890649,0.637115939162793,0.6370921245788334,0.217851524280107
2022-12-19,0.6409410112526652,0.6349244128306488,0.6235299041601703,0.625090012789721,0.08890261467733522
2022-12-20,0.6200762474328401,0.6240617538523405,0.6154684674306607,0.6246975147803027,0.08544570069732092
2022-12-21,0.628994519391544,0.6438934537725651,0.6315916234439836,0.6423643675917199,0.09904287434442598
2022-12-22,0.6366784375648509,0.6313593114163725,0.6177798571274373,0.6243049296652452,0.08611682026016007
2022-12-23,0.6174403830534325,0.6194384107402322,0.6140594107041897,0.6222300733438192,0.063649280247077
2022-12-27,0.6200202055989059,0.6138118332797189,0.6088727688320485,0.6119663287926035,0.07196088715828002
2022-12-28,0.6104290390927423,0.6116949189580438,0.5928062224484405,0.5895885852589561,0.09825923461638868
2022-12-29,0.6010062962563394,0.6086311318079638,0.6032918104075109,0.6096108181022591,0.08267815279342114
2022-12-30,0.6033620546650278,0.6056787271965358,0.6016006034563584,0.6114054991357815,0.08480771296121864
2023-01-03,0.6138504867987269,0.6109707747704103,0.5832227282343578,0.5841484461268609,0.14096103745192884
2023-01-04,0.5948365090073349,0.598492536406062,0.588352673795351,0.5913832662924782,0.10414165440495639
2023-01-05,0.5961828333279773,0.5935348577523039,0.586548933716629,0.5838681401804986,0.09109555747019456
2023-01-06,0.5899008990339987,0.6075727410192673,0.5872816940933376,0.6096669141337872,0.10196663801110444
2023-01-09,0.6149161076894829,0.6249530377514319,0.6154684309170129,0.6126392634068427,0.07481470585740285
2023-01-10,0.6137383981390667,0.6129763162942936,0.6054904384079067,0.6158923541544555,0.06377940669701457
2023-01-11,0.61929098375359,0.6255100538887068,0.6186817778629621,0.6313715488419175,0.07268290488972944
2023-01-12,0.6340422969768926,0.6296881170965642,0.6242064684210467,0.630922954800971,0.07575712226236278
2023-01-13,0.6236658171814047,0.6333646211482651,0.6254465672491676,0.6384941769444789,0.05403752923643623
2023-01-17,0.6393707112162661,0.6465671693857586,0.6393710645746407,0.6451123762914827,0.06337990409056417
2023-01-18,0.6505323863809718,0.6539205342493497,0.6444447569886227,0.6410183241519635,0.07302526709934379
2023-01-19,0.6351640103783005,0.6407736655736012,0.6373415210576128,0.6413546390242147,0.05479091816614859
2023-01-20,0.6418946667559413,0.6506337937470119,0.6398784111074229,0.6559366456297838,0.08991257519284084
2023-01-23,0.6578237437115313,0.6801581967227215,0.6606239479175275,0.6741081014080366,0.09237217317093509
2023-01-24,0.6701069816950895,0.6792667822546898,0.6741536006448439,0.6820719957722408,0.06784309727200222
2023-01-25,0.6733601075731193,0.6752001620888053,0.6657538860784202,0.6783143456106119,0.06682545401406487
2023-01-26,0.6861480740992165,0.6853386123259944,0.6831732091759373,0.690091986167973,0.04810805265047412
2023-01-27,0.6860919341037015,0.7019389758950587,0.6898252683999093,0.7011404654211083,0.07443857159251567
2023-01-30,0.6961880574813637,0.6925805954984534,0.6885289288226799,0.6847079866202255,0.06397003474360208
2023-01-31,0.6835121155951169,0.6858401424589697,0.6853156311138586,0.6919428938914819,0.06694581697882876
2023-02-01,0.6906351807622222,0.6984853330689564,0.6799036439886517,0.6983363606898174,0.08581511256258034
2023-02-02,0.7182866627092936,0.7239431066264772,0.7185196295224563,0.7285660242887106,0.1509189920433998
2023-02-03,0.7134072893548049,0.7584813594486239,0.7166032169118821,0.7492053570316419,0.20856885073695908
2023-02-06,0.7388710003664327,0.7346386846259836,0.7332330685995065,0.7336695436788179,0.07332217308290367
2023-02-07,0.728046093267176,0.7465042252591323,0.7324439981184971,0.7500463619763678,0.09487274577533196
2023-02-08,0.7462185709915536,0.7428832221989679,0.735431671341173,0.734735194066573,0.06413777462002837
2023-02-09,0.745657678908688,0.7414905890999997,0.7312036668407715,0.728846330235073,0.05115233933905047
2023-02-10,0.7227075122620221,0.7261215409647195,0.7257231749591235,0.7309245836764207,0.0534629241253958
2023-02-13,0.7310774194089593,0.742412663683369,0.7353213829809353,0.7468770233006714,0.06106291701885905
2023-02-14,0.7376499087707662,0.7396791051023759,0.7349827994138458,0.7432260775468404,0.060276396262409826
2023-02-15,0.7432111931220156,0.7493310285761183,0.7463877457679289,0.7551903854886187,0.06646452517690715
2023-02-16,0.7454579808904067,0.7539615879180523,0.7490412310413677,0.7460907206972494,0.0706165672898598
2023-02-17,0.7389417856621181,0.7353829647733483,0.7349261884220286,0.7395748704760925,0.05617333163245952
2023-02-21,0.7268646798588565,0.7258987728061348,0.7211503036571327,0.7167139084099885,0.05573013342842861
2023-02-22,0.7193932786578383,0.7183666360291836,0.714092560636812,0.7191289993574217,0.04315620503895071
2023-02-23,0.7262465762369983,0.7205425780632597,0.7145443316957549,0.7218813633391354,0.03896734978517932
2023-02-24,0.7095067953687781,0.702968336029131,0.7059624170904231,0.706771670772391,0.05029203224382976
2023-02-27,0.7128774017818278,0.7140151411027293,0.7157300793775165,0.7135683495737443,0.03353228968612636
2023-02-28,0.7091698232210224,0.713512954462389,0.7122295146998079,0.7107036193176963,0.042413059765814
2023-03-01,0.7079338176905765,0.7031913472578741,0.7019536177009251,0.6989076865761413,0.05030707761442525
2023-03-02,0.6941714696436418,0.7002904832914849,0.6956868009636434,0.7022781521723319,0.04511978595879586
2023-03-03,0.7147309267622279,0.7248385392857151,0.7150524528610851,0.7310371241620329,0.07472107243401604
2023-03-06,0.7470307636861937,0.7537941423250336,0.7496622142937497,0.7467646570263372,0.10165180562853716
2023-03-07,0.7465251651263665,0.7411294302648577,0.7365070202781079,0.7342386919241662,0.051432279266406936
2023-03-08,0.7415257594958498,0.7380051902103124,0.7404592488067778,0.7413722953372439,0.037063630233448136
2023-03-09,0.7457387815515981,0.7439748041926513,0.7314256341131,0.7285655016548765,0.047673497531678904
2023-03-10,0.7269204700241196,0.7238898428400955,0.7166330689762834,0.7168258391561276,0.07126399839686774
2023-03-13,0.7134389075710326,0.7361641293946346,0.7171413923896592,0.7278915653257886,0.09668859396050013
2023-03-14,0.7329312342150507,0.7376146738850968,0.730691793533526,0.7397996030247608,0.07946452565707855
2023-03-15,0.7324257237400889,0.73677787145691,0.7296755058683957,0.7420464929832489,0.08502170934936935
2023-03-16,0.7378743970209982,0.7546867310768135,0.7393864009810873,0.7581109504592776,0.08341025412431222
2023-03-17,0.7598946717740325,0.7562490284012564,0.7542919251301734,0.7533366032790222,0.11987687124796066
2023-03-20,0.7542211689067937,0.7622745269183928,0.7535579434545305,0.7668174203961164,0.07937729451905153
2023-03-21,0.7668604346558348,0.7710896387674444,0.767051983112726,0.7773775854369128,0.07985250414988135
2023-03-22,0.7779826683659443,0.786376335387986,0.7742222394178402,0.7692327726604667,0.08267511170787524
2023-03-23,0.7753425813003767,0.7830847573847046,0.7734883242743329,0.7754115240586211,0.06974297545251754
2023-03-24,0.775510944783504,0.776333815237342,0.7744480656104098,0.7828258689462562,0.05625720157067267
2023-03-27,0.781577695349875,0.7787328540341631,0.7745608903144909,0.7717603169878731,0.045363392916735565
2023-03-28,0.7705115228883317,0.766012513791744,0.7638900723271915,0.7682216504027373,0.03512277742663021
2023-03-29,0.7783759086054096,0.7802951677024978,0.7829171633902094,0.7857468694451101,0.04362741324143066
2023-03-30,0.7905093905404628,0.7882174416956711,0.7937573457789149,0.7946778106137002,0.04073998254416897
2023-03-31,0.7956213499912035,0.8023327656951462,0.7973708892508622,0.8089451045454946,0.07154793975257408
2023-04-03,0.805901060482455,0.8095296995503471,0.810412975390282,0.8160786208529333,0.05270345302459166
2023-04-04,0.8189894415158074,0.8125981092547541,0.8154377617181052,0.8130453411853841,0.035580700886988614
2023-04-05,0.80854125595807,0.802611646078482,0.7967497354184438,0.8025416205986718,0.04395713093745944
2023-04-06,0.7955649309286397,0.8021094457405415,0.7978788158960872,0.8075968834647628,0.03415907342284902
2023-04-10,0.7898916646062653,0.7857627980926534,0.7870388063320837,0.7928243768266597,0.03788328281663422
2023-04-11,0.7951156438072122,0.7876036918542666,0.789466305119888,0.7859152446453334,0.03776692128022019
2023-04-12,0.788768091143657,0.7859300517635792,0.7853448818103463,0.781983470311306,0.04175058328821056
2023-04-13,0.7910713359388166,0.8067961447252419,0.7946043815896782,0.8126524076477706,0.07106104595096266
2023-04-14,0.8076984135272558,0.8096969863260299,0.8081544533038187,0.8106861720582009,0.04055559672580725
2023-04-17,0.8105071922734297,0.8045084354248289,0.8093401479738629,0.810798538332535,0.02795862010903412
2023-04-18,0.8161809068157806,0.815778412782959,0.8184867087406136,0.8177637665453895,0.041414303249688006
2023-04-19,0.814495683431959,0.8199627723535619,0.8178656563743196,0.8242795296609073,0.03788856470205605
2023-04-20,0.8161246054243554,0.8183446939381256,0.8179785184746706,0.8187747145918409,0.045469190682305954
2023-04-21,0.8102825615878673,0.8104223305272862,0.8119373628493771,0.8096190408745825,0.054881990675391484
2023-04-24,0.8100018311292201,0.8056802731056629,0.8085498968722034,0.8113604568098448,0.0286523077277665
2023-04-25,0.8110691069229836,0.8096413703504866,0.8076464788159337,0.8025978908414779,0.03947937255682789
2023-04-26,0.7991040076069467,0.8038948231377294,0.8023957143076854,0.8025416205986718,0.0343330555275011
2023-04-27,0.8110688827635302,0.8221941960355514,0.8158894210056995,0.8286605948809933,0.06538974152213374
2023-04-28,0.8296063220043881,0.8293913867804368,0.8310771762658016,0.835794198294071,0.04998200157528232
2023-05-01,0.8340439658392929,0.8327387652559901,0.8353680379803499,0.8352886371652063,0.04549560010941506
2023-05-02,0.8385941627432392,0.8321810333573594,0.8291575576068035,0.8293908885585263,0.03901776778238761
2023-05-03,0.8352798805513904,0.8353610486276386,0.8270120978974111,0.8232683202975389,0.06576379504427901
2023-05-04,0.8093839521964525,0.8137141927107598,0.8109212346513512,0.8139442713800573,0.0915320332745977
2023-05-05,0.843593655038424,0.8542186211713014,0.8473376407123534,0.8576445607362796,0.14309892059069407
2023-05-08,0.8520195933799566,0.8517078913364737,0.8549596098258976,0.857251191670471,0.05108143402869088
2023-05-09,0.8552217047334423,0.8499784501033136,0.8520803538161272,0.8475339478984589,0.034057917314164465
2023-05-10,0.8550531194307291,0.8527121860038527,0.8537740080139671,0.8575882904934735,0.04749887519849086
2023-05-11,0.8597157041841275,0.8558366337378649,0.8552985923701129,0.858655682994009,0.04076078997158826
2023-05-12,0.8597725243287881,0.8542227898245969,0.8500280947577896,0.8533682835999332,0.03438795512446123
2023-05-15,0.8571850128465037,0.8494740282581572,0.8526853927598077,0.8505559038329356,0.021156992199935692
2023-05-16,0.8506035942554739,0.8490829077602944,0.8545511531976011,0.8505559038329356,0.028909519542095752
2023-05-17,0.8490284095648406,0.8479094827327156,0.8467487495815837,0.8540430909854113,0.0542646503095745
2023-05-18,0.8562851419025819,0.8608155043893151,0.8589612756245386,0.8673179032662264,0.06634112112659735
2023-05-19,0.8753542165352313,0.8672401578773445,0.8723040284104788,0.8679364404088983,0.05083606644227724
2023-05-22,0.8617975523356285,0.8578542637959043,0.863879827778617,0.8625365876348494,0.03124731404122015
2023-05-23,0.8570163966480528,0.8504239135340204,0.8516112899893027,0.8476873409287708,0.042733654205205085
2023-05-24,0.8455409733211956,0.8450604363686844,0.8473143795758629,0.8492622108822294,0.03376437253041846
2023-05-25,0.8529663054741103,0.8533290415039718,0.8539293904934933,0.8557308498470382,0.05123428859165567
2023-05-26,0.8580850991349738,0.8637763950137063,0.8619576432390967,0.8694551272251898,0.049276309671500346
2023-05-30,0.8785605213668937,0.8817659308529515,0.8815196568518933,0.8799733944536181,0.05108399494283479
2023-05-31,0.8806419666628571,0.8837773676127716,0.8825939707215764,0.8796923045565047,0.12096638015906157
2023-06-01,0.8827231912155089,0.8880791268474921,0.8835550496732494,0.895666607696149,0.0717912265962458
2023-06-02,0.9014548833162097,0.8973532428207711,0.8967283092817566,0.900503845147776,0.06073944155105607
2023-06-05,0.910455196972058,0.9150635850638635,0.8898307156927059,0.8927979576863454,0.15669305315225324
2023-06-06,0.8954922835474475,0.8880790979601558,0.8863819150073342,0.8907168297589099,0.06530347072691067
2023-06-07,0.8868859081198539,0.8941689328879805,0.8857601825941215,0.882898488917506,0.06065573166997691
2023-06-08,0.8838480889424296,0.8921015497414668,0.8865515208081447,0.8983664469775345,0.0418815100238181
2023-06-09,0.9040987666801641,0.8998673632639802,0.9044741120664375,0.9005602024962212,0.03977691876892375
2023-06-12,0.9028051559664685,0.9091417081333322,0.9063965302612653,0.9164784096043377,0.04837982966399686
2023-06-13,0.911411579291121,0.91059420391342,0.9147075517675123,0.913778483217313,0.04942692343458921
2023-06-14,0.9146178302582284,0.9119350372001644,0.9123329291263234,0.9173782979610399,0.053482451095743136
2023-06-15,0.9179365811195859,0.9238349021551919,0.9222834103236064,0.92896517716895,0.06623948484651081
2023-06-16,0.9335183395552498,0.9264608761598487,0.9250539443078025,0.922834333872256,0.1235767519573787
2023-06-20,0.920467990167023,0.921488543042716,0.9258454323147125,0.9233405047405936,0.04121599246066876
2023-06-21,0.9232242751121549,0.9176336169800638,0.9155555112505835,0.9174345682038461,0.0407623905429282
2023-06-22,0.9166993101666887,0.9267961985609092,0.9216617609378159,0.934534014882695,0.04353073873249795
2023-06-23,0.9268805854507796,0.9296452220681235,0.9292375776635282,0.9327338026410952,0.046526528109473955
2023-06-26,0.9340808557108411,0.932382891490154,0.9304814994744681,0.9248030084197183,0.038478375240825965
2023-06-27,0.9287933088062923,0.9342825117786764,0.9329692911393532,0.940496221662249,0.042707244778095996
2023-06-28,0.9402683663538256,0.9427184085406786,0.9438809297153514,0.9471895060700872,0.04348512244930951
2023-06-29,0.9467375164142262,0.9436684211844877,0.9514571584982845,0.9491020845860214,0.035691140309444855
2023-06-30,0.9610816285526058,0.9683063253303332,0.9645738569613369,0.9737386079978829,0.09789878595063294
2023-07-03,0.9731756522953312,0.9649542447846227,0.967400730188867,0.965245198454084,0.011860073571862209
2023-07-05,0.9607442182114909,0.9599261335297005,0.9609555210066869,0.9588892741861654,0.03660826768723363
2023-07-06,0.9510126092864435,0.9545627719216576,0.9529271197283444,0.9615891134675509,0.03368562442049314
2023-07-07,0.9598440729960955,0.9581941231044606,0.9588070399926949,0.9552330149883546,0.03643972752513737
2023-07-10,0.9477500456466361,0.9432215055384994,0.9407149510174158,0.943589865537638,0.05741873619207112
2023-07-11,0.9471874307100991,0.9393664140163831,0.9382272066213477,0.9406085879365833,0.03615658645510102
2023-07-12,0.9501126546391554,0.9527750293280384,0.9487999685765149,0.9501146876396143,0.05874400926154601
2023-07-13,0.9547252811940403,0.9499257248118929,0.9562063776246117,0.9544456671172643,0.027680280753017594
2023-07-14,0.9532062284987124,0.9498695649885784,0.955358106163096,0.9552891981255216,0.028118677243028675
2023-07-17,0.9626003786922444,0.9674125146364954,0.9676834784944335,0.9738511484834953,0.04237016445390347
2023-07-18,0.970756653047308,0.9674680865010559,0.9711320263851548,0.9723883834874538,0.038797689223145096
2023-07-19,0.9693505056260874,0.9892569108418339,0.9724325141668042,0.9800945322658015,0.09036665728198338
2023-07-20,0.980544533762657,0.9794241137151596,0.9715845097858509,0.9690137368205902,0.0568729413651497
2023-07-21,0.9749758203455725,0.9710439698429887,0.964404306477062,0.9623203653071133,0.0766728091259456
2023-07-24,0.9710944519999005,0.9707087736030031,0.9701711962329043,0.9668764257559876,0.03413938639536769
2023-07-25,0.9706443177803339,0.9680828350056532,0.9739591122766953,0.9717698463447819,0.02118340162704479
2023-07-26,0.972556879414,0.9747870695677969,0.9762207096350122,0.97671971138766,0.03749114283834758
2023-07-27,0.9857761077770686,0.983502628279443,0.9718673520722008,0.9695200819002061,0.03747241615367021
2023-07-28,0.9781819573398913,0.9803180076553106,0.9808566958879483,0.9842006049835055,0.03880281105143292
2023-07-31,0.9860009407630337,0.9795358766196252,0.9871889354341503,0.9876879663472593,0.023649722004766824
2023-08-01,0.9870136988804699,0.9808768514755424,0.9873022213792719,0.9829633564868834,0.017809237185305665
2023-08-02,0.980263438153423,0.9722172063968253,0.9679097592998014,0.965920267156479,0.042160649665504604
2023-08-03,0.9607440538378715,0.9565179866199591,0.9613511631784826,0.957989124512546,0.059520286361419567
2023-08-04,0.9267120479082789,0.9286398406798295,0.9117676013052212,0.9063538598642737,0.14710611099738163
2023-08-07,0.907642613732589,0.9048955537180858,0.8859296677218995,0.8886918849686416,0.11768648936924524
2023-08-08,0.8939172851815866,0.8889172142050459,0.8872300723005331,0.8940354674998845,0.07006453023471258
2023-08-09,0.9005547989395515,0.8926043464189286,0.8840072479459413,0.8849794426336635,0.058149076894488255
2023-08-10,0.8927357888847931,0.8915987025314207,0.88734299679574,0.8837419328201244,0.04903926505605441
2023-08-11,0.8819326065250401,0.8810464013146109,0.8827545617619907,0.8840799898051561,0.04479743089093083
2023-08-14,0.8855939036783593,0.8870324902748241,0.8870572568141653,0.8934861793402322,0.03141489386051245
2023-08-15,0.8907196508620003,0.8858575546299796,0.8855852430446778,0.8821649723313293,0.03133006357949533
2023-08-16,0.8808622879778965,0.8805987568526601,0.8824713907259767,0.8772084872598858,0.0366796531689952
2023-08-17,0.880918617808681,0.8748365699428873,0.8653739036001742,0.8627332721677536,0.0672473646192745
2023-08-18,0.8536560949809933,0.8613541022619262,0.8567685635687792,0.865493127234423,0.05941945036700301
2023-08-21,0.8692590619833371,0.8671165517491759,0.8668461175755438,0.8730970139925628,0.035634480084010794
2023-08-22,0.88046805869141,0.8757876777398708,0.8810561395377283,0.8809258946162879,0.028795238748423643
2023-08-23,0.8886919969264417,0.8974381343719322,0.8928319968430534,0.9028359244212245,0.045895582887267444
2023-08-24,0.9008022540941694,0.8949205536724518,0.8796973352941502,0.8761383944845407,0.049453652975966295
2023-08-25,0.882270483391365,0.8840113495391195,0.878621673201256,0.8886985049972069,0.04385773545724882
2023-08-28,0.8975354280655754,0.8920675353096033,0.8940775756962109,0.8975979139244723,0.031647136761938546
2023-08-29,0.8953385697354554,0.9161792789242185,0.899455821399961,0.919733024700633,0.046345503490926115
2023-08-30,0.9248541353182265,0.9326827422215067,0.9291216381386642,0.9396152352292138,0.05884596565590053
2023-08-31,0.9411890211118905,0.9397875110768183,0.9446338295232697,0.9408543129442553,0.05881491457190559
2023-09-01,0.9504830694024511,0.9442630058116688,0.9491629462601507,0.9498098179030485,0.034761528475204514
2023-09-05,0.9436675688780489,0.9445988192429038,0.9453699668649296,0.9511616974206192,0.03398285051832102
2023-09-06,0.9443434548040013,0.9382771934836824,0.91060881514748,0.9129178795038078,0.09236497059990535
2023-09-07,0.8698786007330517,0.8787529252315742,0.8657137824311407,0.8827847289529476,0.14155532959045058
2023-09-08,0.8877343376921858,0.8901093866599596,0.8897746774615005,0.8862766198099303,0.06642851232175838
2023-09-11,0.8974227586250381,0.8904451220078073,0.8872271393031896,0.8929229542783372,0.055867622506529935
2023-09-12,0.894155654635665,0.8894939862862636,0.8729603176422385,0.8756877970138968,0.10615293235073191
2023-09-13,0.8773701936585685,0.8736620292330868,0.8682048477492439,0.8639163409569061,0.09638576586298246
2023-09-14,0.8632317674531402,0.8669485145894773,0.8659400574816631,0.8725336147193896,0.05897705244864207
2023-09-15,0.8772009213937808,0.8691862002853363,0.8672987919157487,0.8684218801351496,0.13638660456236457
2023-09-18,0.8772010689219116,0.8852982337232789,0.8806032304041966,0.8850938994433339,0.06915956719910739
2023-09-19,0.88305917728009,0.8866968337224137,0.8860382356614913,0.891289549335458,0.04446163102381026
2023-09-20,0.8928600260429924,0.8870883175542854,0.87624383299105,0.8711255520646519,0.0550402871809121
2023-09-21,0.8663298870157827,0.8680674674766897,0.8675253396247391,0.8623390320455548,0.06258361984894129
2023-09-22,0.8670057995120097,0.8724310993866664,0.868601033940632,0.8671828895257473,0.052302029732533326
2023-09-25,0.8643582436879589,0.8718155541925621,0.8691669668118651,0.8744485450875774,0.03541168055349038
2023-09-26,0.8678507659846653,0.8619136107726786,0.8550702387924034,0.8512433415360714,0.06488812246419481
2023-09-27,0.8554586422663497,0.8498296888811361,0.8402939144270682,0.8426257193510317,0.0686220953431537
2023-09-28,0.8369831794978173,0.8441793270369311,0.8321979823166574,0.8440901393542145,0.05161218348501681
2023-09-29,0.8520790586584315,0.8499976135695,0.84759712635407,0.8470190664662192,0.0445163705636364
2023-10-02,0.8475727867713077,0.8568786404397248,0.8509372897374068,0.8613252095130159,0.04500198390817586
2023-10-03,0.8534308378090985,0.8531304358270748,0.8503146460806374,0.8537214969661542,0.04088867562164991
2023-10-04,0.8468406128998136,0.8563752775836819,0.8511639064989005,0.860818428905205,0.04637175286090123
2023-10-05,0.8620488623416689,0.8633121165052633,0.8608447353147757,0.8678587421788936,0.03918134617333004
2023-10-06,0.8621052757210019,0.8775219593558534,0.8636754775131501,0.8823903146194708,0.053168418998845834
2023-10-09,0.8790599765331031,0.8834521634880668,0.8785086215090936,0.8908390389704532,0.029358479802950463
2023-10-10,0.8863262080280967,0.8872003348071038,0.8906805836962282,0.8874595143878046,0.031450746658527234
2023-10-11,0.8868892689863173,0.8879274707884639,0.888698974707685,0.8954010226027811,0.037617908088471264
2023-10-12,0.8974226410649457,0.9018575340362975,0.8968514243267875,0.9005265797195598,0.05233035984525036
2023-10-13,0.9050268291920185,0.8995638401071724,0.891756206797635,0.8900503845147776,0.043821722602100044
2023-10-16,0.8787218417006031,0.883619803788567,0.8825279996079181,0.8893180874075473,0.04556618530550666
2023-10-17,0.8781586138998676,0.8799275641948261,0.8728470964015989,0.8804752971456441,0.05362090051664842
2023-10-18,0.8721317334305774,0.8752284092802658,0.8746022403924314,0.8730970139925628,0.04916330933490019
2023-10-19,0.8747225476030245,0.8766827183078876,0.8750549620102774,0.8709565671249556,0.05642750236124287
2023-10-20,0.8706107215315733,0.8631443483386347,0.8606183730510821,0.8564250817900174,0.06433608540904762
2023-10-23,0.8458266555517286,0.8552562252370144,0.8452758741256539,0.8571009344431637,0.05110912391287194
2023-10-24,0.8578807179746262,0.8533541344984121,0.8538812442520276,0.8595791769788855,0.03164057441944476
2023-10-25,0.8512903720908023,0.8499415098617731,0.8493520488015176,0.84639939695024,0.0529928363228538
2023-10-26,0.8427850536317536,0.8405431538239898,0.8211583716376081,0.822687238579645,0.07454981130064188
2023-10-27,0.8232957141872994,0.8270046512500209,0.8277255697618853,0.8301782364296165,0.05514096311819468
2023-10-30,0.835180759227955,0.8393681583936066,0.8392747754325296,0.8418371520009952,0.04334779342834218
2023-10-31,0.8370397318385883,0.8378578032478774,0.833783343015178,0.8445409110361364,0.03328820255678468
2023-11-01,0.8463336952940421,0.8564871133768373,0.8463516712430676,0.8625644614393354,0.052637349428251906
2023-11-02,0.8717935215156198,0.8763470092246775,0.8765835113225509,0.8828408249844757,0.08528884470600626
2023-11-03,0.8645836441774319,0.870976471888365,0.8646379406272526,0.8776589976248906,0.08928130985636633
2023-11-06,0.876638011073043,0.8855780524327106,0.8808299018871524,0.8921908313823848,0.06369153533045156
2023-11-07,0.8924093912752797,0.9024169866695588,0.8964551487620698,0.9067784998544901,0.07439727685194507
2023-11-08,0.9102653471772628,0.9080673618783486,0.911288115282715,0.9128051648069178,0.04048165032990177
2023-11-09,0.9137014340066054,0.9118157030727023,0.912533741569425,0.9101017541943326,0.047561297480748735
2023-11-10,0.9207556406885344,0.9268970691591023,0.9236402252579545,0.9339579852918645,0.06736020489874066
2023-11-13,0.9311899925500724,0.9238720700383727,0.927495112441787,0.9249343637233585,0.03133790637906107
2023-11-14,0.9417932721012008,0.9355235728805136,0.9393428733684304,0.9398232434951905,0.05771676257556897
2023-11-15,0.9426393435691507,0.9433100175905549,0.9477327873768582,0.9430378771031767,0.04760451290692726
2023-11-16,0.9523405236953031,0.9514887146029527,0.952664768259291,0.9526256818956069,0.04860070850890934
2023-11-17,0.9561759034190782,0.9482397852714439,0.9522114391227285,0.9525129671987167,0.04301439441823153
2023-11-20,0.9541452893942035,0.9568103308673708,0.959637510547934,0.9624388289761787,0.035943710466888254
2023-11-21,0.9627185120201074,0.9546257858595306,0.9588440110989203,0.9578707479491195,0.022545968008740404
2023-11-22,0.9631696375380849,0.9625241126871877,0.9650229729930593,0.9616493034641127,0.024919935420147574
2023-11-24,0.9596729582474015,0.9511528178016393,0.9560664135231249,0.9540922795397653,0.0
2023-11-27,0.9543145435481455,0.9498641667645651,0.9540820006986479,0.9530768020000848,0.026416309565862633
2023-11-28,0.9535248810707693,0.9521608690668406,0.956916399126027,0.9565170392131295,0.022995568498131093
2023-11-29,0.9598420146418845,0.9578187925884254,0.9544789921087473,0.9507082254638879,0.030356275976272495
2023-11-30,0.9538632588419627,0.9479035395115418,0.9500570827485684,0.95397912931468,0.039607898435425504
2023-12-01,0.9566269984346571,0.9548496994839824,0.9559527066118612,0.9612545407080797,0.03466277322352987
2023-12-04,0.9546528375121666,0.9463909975823557,0.9458620383300436,0.9510463695545583,0.030956970400154035
2023-12-05,0.9559502758234883,0.9707587643333904,0.9613381970311432,0.9735493274442952,0.06815248771201368
2023-12-06,0.9798646033750038,0.9727754652971918,0.972279245229936,0.9673456638333817,0.027275976432547366
2023-12-07,0.9752395567935366,0.9741197681946727,0.9806690137949785,0.9783430991820519,0.037500426152119265
2023-12-08,0.9784544687416883,0.9796656069973999,0.9811225949149147,0.9864644805416021,0.04698973345525419
2023-12-11,0.9723068689859407,0.9656613564760841,0.9683677756711233,0.9721958800252224,0.05905371981582545
2023-12-12,0.9721374744447557,0.9725513088235564,0.9700682617477574,0.9808246517320562,0.04585412808956285
2023-12-13,0.9834743945749544,0.9909253049788482,0.9878120988780115,0.9991542042451282,0.07419592497737992
2023-12-14,1.0,1.0,0.9952381821200587,1.0,0.0684777238082906
2023-12-15,0.9972362638208689,0.9931658168467554,0.9999999999999998,0.9969545255429884,0.16724385936804004
2023-12-18,0.9891145675661535,0.9832509143153463,0.9852043772246171,0.9874797838700042,0.05074387353309638
2023-12-19,0.9895092322376915,0.9850432471428077,0.9937075115156115,0.993401399421775,0.026674801837263826
2023-12-20,0.9936830290501626,0.98913263810225,0.9876986366489333,0.981501549652871,0.0451273086440936
2023-12-21,0.9891709255157082,0.9857715935639453,0.9801589773389552,0.9806554925810822,0.03590753755460549
2023-12-22,0.9839817614332604,0.9764165233010318,0.977154345921543,0.9745644565614195,0.020969565296028073
2023-12-26,0.975126901160082,0.9679019760699752,0.9763608672978581,0.9714627118616017,0.0077963829968745665
2023-12-27,0.9688099317274672,0.9657172844532553,0.9664969752475407,0.972026633768609,0.038476774669486014
2023-12-28,0.9781161286452935,0.9722153043859325,0.9782882105112298,0.9744517418645291,0.016008274313598983
2023-12-29,0.9767623836671389,0.9707587176424359,0.9701249342257203,0.9685298649958411,0.02980872052087713
2024-01-02,0.9386913485744648,0.9373723524647226,0.9256810339712875,0.92967177811267,0.09353802933495141
2024-01-03,0.9221656725636858,0.9230318260983155,0.9230732917751516,0.9218324448122626,0.05500555478283528
2024-01-04,0.9104902953976661,0.907402667401263,0.9086175289892982,0.9086351565501742,0.07672386735168986
2024-01-05,0.9095879992255902,0.905554139963368,0.9045926506908657,0.904518108521954,0.06135214025998721
2024-01-08,0.9101520879112099,0.9214633438384061,0.9121323966735839,0.929220570902553,0.0561739718609955
2024-01-09,0.9204735637952282,0.918942434773039,0.9191050513270833,0.9268518201550777,0.030080337477265892
2024-01-10,0.9228988674353875,0.9259446279275931,0.9258510200849679,0.9327736099181267,0.036404354898524574
2024-01-11,0.9352508876299688,0.9295859469803855,0.9241504574933326,0.9293898171591666,0.040142489262967304
2024-01-12,0.9325435853885569,0.9278493686976514,0.9330505995762104,0.9312509162424403,0.026296586829634705
2024-01-16,0.9105469011457208,0.9139568720293221,0.9089010525553218,0.9183357631451339,0.06651126186003356
2024-01-17,0.9055269885613206,0.9065063479331887,0.9053295512301873,0.912977721077814,0.03724385456632599
2024-01-18,0.9327127125988204,0.9412935018279418,0.9366786093013,0.9465347329815836,0.08636282807510968
2024-01-19,0.9509869659389063,0.9570345226337866,0.9536286684315198,0.9630593695485481,0.07179314728185374
2024-01-22,0.9677382969324473,0.9759685384511951,0.9731295682024423,0.9762001262509132,0.05775757714473759
2024-01-23,0.9830795036173978,0.9783212066326594,0.9820296910045723,0.9834753634330353,0.029302139691784385
2024-01-24,0.9853353830373068,0.9818501927010015,0.9849206354457332,0.9796401892526798,0.04734970194960793
2024-01-25,0.984207585839515,0.9812342142258086,0.9779481542821544,0.977779264380684,0.049255662301215045
2024-01-26,0.9788492318912712,0.9727752839317487,0.9713153648007116,0.9679094115291107,0.03288485857911841
2024-01-29,0.9661025103119811,0.9584348939390315,0.957936917456305,0.9640180542115881,0.036968876410123364
2024-01-30,0.960067506051927,0.9561941547264712,0.945975507506069,0.9432071233597901,0.050915934952140515
2024-01-31,0.9380710313595719,0.9298661104893997,0.9282888617075147,0.9226785018840515,0.050289151215417854
2024-02-01,0.9208683062195882,0.9290255187357885,0.9252840868090189,0.9365521654331201,0.06536269186648866
2024-02-02,0.8975743572490431,0.9311541941426549,0.8993772369219393,0.9308559792751296,0.1256502921282781
2024-02-05,0.9443313696371245,0.9419096203846942,0.9367351883633412,0.9411767780199023,0.073018864813984
2024-02-06,0.9370557426202712,0.9422458673362213,0.9420074472778426,0.9503134627078549,0.031119108276890517
2024-02-07,0.9583754769128259,0.9519928693342965,0.9524380673863675,0.950933741963307,0.047041912080936416
2024-02-08,0.9513252290419576,0.9435341129144394,0.9452952724410333,0.9447863485951995,0.027071583472436322
2024-02-09,0.9485091769051879,0.9474130138189976,0.9503399246955244,0.9491344878837362,0.03378309921509583
2024-02-12,0.9472103518158852,0.9400092517591396,0.9434718325457281,0.9395345754074822,0.028383891914057643
2024-02-13,0.9322449308226748,0.9262114380699202,0.9248542479851656,0.9276194821517498,0.051988477807038
2024-02-14,0.9297036326604331,0.9223973317945748,0.9187808493073055,0.9225936609916472,0.04894899283248148
2024-02-15,0.9197077729742988,0.9165641030399825,0.9125939084774459,0.9209560749780952,0.06624156558925275
2024-02-16,0.9189737230105011,0.9185834510097897,0.9144103551204463,0.9122033519469375,0.0411414058362273
2024-02-20,0.9097683068220754,0.9050096234003555,0.9049310733403468,0.9079679273552907,0.04740460154656806
2024-02-21,0.9106153883387276,0.9075896863371153,0.9086772550992486,0.9122596221897434,0.02772685737901001
2024-02-22,0.9193124536820014,0.9192003373347291,0.9188944378617412,0.9238360487209711,0.04520637686828691
2024-02-23,0.9279528776831154,0.9196489342874568,0.9175888281580398,0.9133891210108991,0.03372627893252776
2024-02-26,0.9123097176329005,0.9068606019091789,0.9086205402592185,0.9057091910298962,0.026920169423677476
2024-02-27,0.9058716290635342,0.9133668683081051,0.9024335020342786,0.9140101842171027,0.048450254802954465
2024-02-28,0.9138345104104668,0.9088798798668729,0.9056690878207021,0.9071774436811959,0.03986318956414682
2024-02-29,0.9068316975939199,0.905794913005616,0.9022632519579317,0.9033938360391394,0.1802792324748242
2024-03-01,0.8971183632710309,0.8943528242958354,0.8900597816039544,0.8972387773747981,0.07925196978313379
2024-03-04,0.8779171977569005,0.8739923732647976,0.8696823962048947,0.871488434156804,0.09197171022168073
2024-03-05,0.8474775780383759,0.8467327327840475,0.8460126913082597,0.8433660301770518,0.11377517318582041
2024-03-06,0.8491719135956268,0.8422457795731491,0.8406772384633578,0.8377191458107458,0.07128848713836891
2024-03-07,0.8383857023872685,0.8393854582625118,0.8395991281839941,0.8370418123617361,0.07637414251391177
2024-03-08,0.8375386021102573,0.856043910974454,0.8421533332497582,0.8468110582002425,0.08357975462921244
2024-03-11,0.8597891230959605,0.8598578968074175,0.8598059362906365,0.8582178900523009,0.05776654034424128
2024-03-12,0.8609750424606335,0.8578947633800906,0.8539027486607245,0.8609284433272857,0.0572638008863644
2024-03-13,0.8588291751194601,0.8531833694801048,0.85248379284085,0.8490698816312762,0.045520889136586196
2024-03-14,0.8596196817734161,0.8594652045217448,0.8598059090721188,0.8596296111438774,0.07821223864070519
2024-03-15,0.8497932702389606,0.8499861643205944,0.8498159287535827,0.857483763726651,0.1563828624265718
2024-03-18,0.8746417732750418,0.8785356380195146,0.868149880189437,0.8636955281619936,0.08251889594509657
2024-03-19,0.8676953569151984,0.872365704939144,0.8653684597884244,0.8770223425093027,0.049884846894947626
2024-03-20,0.875488791839891,0.8839200949315578,0.877061284042929,0.8916480761456591,0.04701646299663127
2024-03-21,0.8829997749655258,0.8773015931776385,0.8529377712846986,0.8504249840574905,0.13145972586374433
2024-03-22,0.853125170567461,0.8523980163372349,0.8485104213003347,0.8555637812314003,0.07540579685324474
2024-03-25,0.846404994272212,0.846172236561469,0.8450481051250256,0.8474887400718082,0.04840127731995213
2024-03-26,0.8431858936762682,0.8432555172169167,0.8457859678271857,0.8410511107144901,0.053363208530917194
2024-03-27,0.8455014445982674,0.8554831051037675,0.8487944121450786,0.8613803473825148,0.057980696789525984
2024-03-28,0.8530687800395289,0.8477987180440898,0.8510647076899485,0.851046221474972,0.06662282168242777
2024-04-01,0.8499062875554426,0.8423020254889642,0.8452183350422757,0.8428581171959336,0.035520199290338686
2024-04-02,0.8379903371731621,0.831588976719497,0.8381231883278792,0.8361381784625559,0.04046436415943035
2024-04-03,0.8363525925812085,0.8391049411444471,0.8401099035758208,0.8407122697787073,0.037842948418867595
2024-04-04,0.8448236796698958,0.8460600619005856,0.8414722386067977,0.8360253766600266,0.04746670371455795
2024-04-05,0.8408703758467604,0.8374782662076978,0.8422099106979932,0.8403168972832012,0.02890071639972605
2024-04-08,0.8377079838854593,0.8308037642975088,0.8381800372206221,0.8339358865912454,0.021411162928719037
2024-04-09,0.8358442755415074,0.8357395692114209,0.8388043463554722,0.8408251586868756,0.02933127009017139
2024-04-10,0.8364091558851565,0.8301868224249611,0.8317660410999008,0.830152453160467,0.04107226115434165
2024-04-11,0.8338112397791289,0.8659155730086083,0.837725890433783,0.8711495061153821,0.10727349234582777
2024-04-12,0.8672437442354022,0.8821814934400618,0.8720665080868297,0.8796766255414814,0.12424050889205411
2024-04-15,0.8734557928981901,0.8724780053175023,0.8623602229073224,0.8578791362221571,0.0792018719001935
2024-04-16,0.8530689423405993,0.8563805124855146,0.8383504248657376,0.8391877468846015,0.07948901439857972
2024-04-17,0.8409833763791024,0.8389365819462913,0.83681764791305,0.831394666678513,0.04297998213442271
2024-04-18,0.8320605718909535,0.8276627413981912,0.8285873435176656,0.8259735601285436,0.030530258080924563
2024-04-19,0.8217823423194617,0.81509867727242,0.8145672658795677,0.8144536651570389,0.0705869567200708
2024-04-22,0.8178855298894168,0.8199222301220501,0.8184836831600482,0.8191970027298037,0.03852271106694245
2024-04-23,0.8169255884451749,0.8187445071090875,0.8193351662871342,0.8251829022431706,0.04079776316954099
2024-04-24,0.8236459956399025,0.8313646768753009,0.8266575166934143,0.8371547012699044,0.038739428426371084
2024-04-25,0.8405316425164748,0.8387123288370708,0.8376690961195792,0.8420675464161996,0.04243114622195539
2024-04-26,0.8425081700225532,0.8428067265214785,0.843515402500659,0.8387357557237334,0.03327603821460108
2024-04-29,0.8622174548208081,0.8691125755509956,0.8657658797944099,0.8624531404326694,0.0706189681468697
2024-04-30,0.8619917404400661,0.8632794857414863,0.8481700289127123,0.8445523218748479,0.06704233143062747
2024-05-01,0.840813942829244,0.8504909962150111,0.8431181194987569,0.8387357557237334,0.04215072612319694
2024-05-02,0.8573607009787165,0.8544732924280829,0.853221612513458,0.8597990316117688,0.11230664898142041
2024-05-03,0.9372145386513357,0.9306424259830088,0.9200295854543734,0.9182455217031105,0.22276079669398785
2024-05-06,0.9129308188713261,0.9149373388287911,0.9073149460170287,0.908814942589109,0.08726539025370496
2024-05-07,0.9191429272006246,0.9188636181125911,0.9124235578426039,0.9127113520336947,0.08524242813714784
2024-05-08,0.9157545852570386,0.9085994075912989,0.9131614202321037,0.9146314216345843,0.03362608316664717
2024-05-09,0.9141167444955636,0.9175175037048171,0.9169076207969096,0.9249653733308489,0.03990976619013924
2024-05-10,0.9287480301546664,0.9213375648875759,0.9184235183796319,0.9177841231332282,0.04275318117555242
2024-05-13,0.9318016848749917,0.9326267206093672,0.9325760528621516,0.936048520628314,0.07682182231769452
2024-05-14,0.9435075134465887,0.9393664975241953,0.9420679800698488,0.9425513050036181,0.04536867480215738
2024-05-15,0.9457694980022155,0.9525651928699668,0.9482064314394598,0.9555004293001419,0.07418920257775216
2024-05-16,0.9602465482471283,0.9550928923111903,0.9612226101054193,0.9561791564393758,0.04609149281927677
2024-05-17,0.9548176462507447,0.9534640149978544,0.9584942786346022,0.9563487511185451,0.02758520681542484
2024-05-20,0.9537998700052415,0.9596984453827686,0.9575281280996286,0.9629647728245738,0.032512405628313076
2024-05-21,0.9637525700317888,0.9642476972959595,0.9683841174044356,0.9703723234723654,0.029228193295878904
