Price,Close,High,Low,Open,Volume
Ticker,AAPL,AAPL,AAPL,AAPL,AAPL
Date,,,,,
2015-01-02,24.17176055908203,24.638260409797738,23.734001789774272,24.627205239450436,212818400
2015-01-05,23.490802764892578,24.02141888235011,23.30508805151262,23.94182638039237,257142000
2015-01-06,23.493011474609375,23.751686233274114,23.132633885246175,23.55491637205578,263188400
2015-01-07,23.822433471679688,23.921923238379996,23.590288433669837,23.700833368573225,160423600
2015-01-08,24.737741470336914,24.795225299659375,24.032464357853957,24.149643387144778,237458000
2015-01-09,24.764284133911133,25.038435181479937,24.366321575519045,24.910202614133336,214798000
2015-01-12,24.154075622558594,24.901359002541184,24.05458582559967,24.894726574314905,198603200
2015-01-13,24.368528366088867,24.93894069695725,24.078901144962483,24.636046935190233,268367600
2015-01-14,24.275672912597656,24.428223804239163,23.98825535346539,24.107644107868847,195826400
2015-01-15,23.616823196411133,24.33315400453697,23.581449689319307,24.319889150225293,240056000
2015-01-16,23.43331527709961,23.784849053948268,23.258654074194936,23.663248948514042,314053200
2015-01-20,24.036890029907227,24.092162495323024,23.546070267129856,23.842329872103278,199599600
2015-01-21,24.22039031982422,24.554234731668533,23.937393934915537,24.087735079143307,194303600
2015-01-22,24.85049819946289,24.865974420695785,24.25797736446097,24.377366079735417,215185600
2015-01-23,24.97873878479004,25.14897727337954,24.658157403082065,24.828397578453714,185859200
2015-01-26,25.005264282226562,25.283837994319246,24.938938332440024,25.146761665909416,222460000
2015-01-27,24.129749298095703,24.868190372275148,24.105429276423866,24.854923832502017,382274800
2015-01-28,25.49387550354004,26.115139261615074,25.49387550354004,26.006803997515984,585908400
2015-01-29,26.287586212158203,26.3517024776813,25.549145159911046,25.71717393553082,337745600
2015-01-30,25.902891159057617,26.530785608810817,25.83435214922315,26.177042138049725,334982000
2015-02-02,26.227893829345703,26.347282575936884,25.66411560502197,26.09966297125774,250956400
2015-02-03,26.23231315612793,26.32959155096424,26.002379491164405,26.199149338596126,207662800
2015-02-04,26.433507919311523,26.643544336500607,26.157145544153845,26.199153164948076,280598800
2015-02-05,26.622175216674805,26.68654452657153,26.46902059335366,26.639930924608485,168984800
2015-02-06,26.397993087768555,26.690983441173188,26.29145037133095,26.63993133480039,174826400
2015-02-09,26.573341369628906,26.599975776404712,26.287009642716814,26.313645742931502,155559200
2015-02-10,27.083860397338867,27.112716602829234,26.67101175267262,26.673230158141653,248034000
2015-02-11,27.718669891357422,27.727548592488432,27.190399874855444,27.250328990690907,294247200
2015-02-12,28.069368362426758,28.29577098667342,27.87182193753955,27.980583052789616,297898000
2015-02-13,28.20698356628418,28.25137537106141,27.88957725115445,28.25137537106141,217088800
2015-02-17,28.37346076965332,28.60652202264807,28.17147412459932,28.29799265505498,252609600
2015-02-18,28.571001052856445,28.584318255260847,28.289107850079056,28.329061150731018,179566800
2015-02-19,28.51107406616211,28.63981268474202,28.484439657793157,28.51773266825435,149449600
2015-02-20,28.744131088256836,28.744131088256836,28.422286282404745,28.54880309049723,195793600
2015-02-23,29.5210018157959,29.5210018157959,28.779648146956642,28.859554753512104,283896400
2015-02-24,29.336772918701172,29.654180943439172,29.114810496630156,29.507684932021636,276912400
2015-02-25,28.586544036865234,29.21026140106917,28.444488196431227,29.20138100592295,298846800
2015-02-26,28.94834327697754,29.04822570539494,28.1026668564968,28.58654338774827,365150000
2015-02-27,28.513296127319336,28.98163700453715,28.464464120263223,28.855116789834128,248059200
2015-03-02,28.653135299682617,28.91727118881315,28.477786433344782,28.688650108799695,192386800
2015-03-03,28.713054656982422,28.748569451925118,28.43116147580031,28.624271056502938,151265200
2015-03-04,28.531051635742188,28.75745428150458,28.48222301300734,28.65535345186147,126665200
2015-03-05,28.058273315429688,28.577664620734428,27.913997388365356,28.539931411738248,226068400
2015-03-06,28.100440979003906,28.71527611422263,28.02497457188601,28.499972303950454,291368400
2015-03-09,28.220304489135742,28.759674979569876,27.75862220746112,28.4023136222176,354114000
2015-03-10,27.63654899597168,28.238067116540996,27.47895583760313,28.058278048750278,275426400
2015-03-11,27.1326847076416,27.694249337787312,27.103830203784526,27.689810834670382,275756000
2015-03-12,27.623228073120117,27.723112198365833,26.997293989982648,27.148228533817743,193450800
2015-03-13,27.43233299255371,27.834086099653057,27.20815218137847,27.612123693265776,207309200
2015-03-16,27.73420524597168,27.73420524597168,27.272524673677072,27.496705511084336,143497200
2015-03-17,28.198104858398438,28.260254062443913,27.889577243002098,27.945067845676817,204092400
2015-03-18,28.515512466430664,28.668667078657883,28.049391721515192,28.18922743695817,261083600
2015-03-19,28.30021095275879,28.688645220737833,28.278015047562075,28.57766400131525,183238000
2015-03-20,27.945072174072266,28.499976593329478,27.780820438877107,28.46668358131895,274780400
2015-03-23,28.2358455657959,28.37790141092107,28.08269091981063,28.215869756374822,150838800
2015-03-24,28.12041664123535,28.420063845308313,28.091560445800567,28.240276538927755,131369200
2015-03-25,27.38572120666504,28.14927242977863,27.38572120666504,28.0871232266766,206620800
2015-03-26,27.576616287231445,27.718672129921895,27.21259797865727,27.248112786049493,190291600
2015-03-27,27.35687255859375,27.678717440730964,27.281406136800143,27.649862931240314,158184800
2015-03-30,28.049392700195312,28.05605130210032,27.52334113499331,27.534439933794285,188398800
2015-03-31,27.61878776550293,28.07602987133525,27.603250461715593,27.987244552505132,168362400
2015-04-01,27.57883071899414,27.771938634270164,27.323573596991732,27.705349230812534,162485600
2015-04-02,27.816329956054688,27.869600461828853,27.565513035155764,27.751960652084765,128880400
2015-04-06,28.26692008972168,28.302434897614102,27.596594178425082,27.627668788611327,148776000
2015-04-07,27.96949577331543,28.43783510163955,27.962837169105256,28.331294047397687,140049200
2015-04-08,27.87848472595215,28.05605537189241,27.73864898534564,27.93397534112858,149316800
2015-04-09,28.091564178466797,28.096004375326153,27.669836922529743,27.93397105873809,129936000
2015-04-10,28.211421966552734,28.235837967122855,27.803011945086737,27.95616485641709,160752000
2015-04-13,28.155933380126953,28.5377107169746,28.102662872086338,28.49331552230274,145460400
2015-04-14,28.033857345581055,28.253599690907617,27.947292127923955,28.189230378955582,102098400
2015-04-15,28.140398025512695,28.218084541248,27.969487690895026,28.05827300606639,115881600
2015-04-16,28.004993438720703,28.21141852251583,27.991676237649592,28.029409436310125,113476000
2015-04-17,27.689815521240234,27.998343189969706,27.625446207797804,27.867386157870317,207828000
2015-04-20,28.322410583496094,28.43783032176477,27.783041718415994,27.87182704432072,188217200
2015-04-21,28.169248580932617,28.455578582478893,28.1159763864433,28.433384374933052,129740400
2015-04-22,28.54880714416504,28.604297752600676,28.038294562620575,28.187008986802727,150618000
2015-04-23,28.781862258911133,28.94833404883172,28.44226007842332,28.47777487312358,183083600
2015-04-24,28.917268753051758,28.994956968091703,28.68420749481025,28.96388235945139,178103600
2015-04-27,29.443317413330078,29.5498618270703,29.110373740867793,29.367850993756058,387816800
2015-04-28,28.97942543029785,29.86283529209231,28.759684707945908,29.84508127133755,475696000
2015-04-29,28.553245544433594,29.208034005395504,28.477779134560613,28.890629370817987,253544400
2015-04-30,27.77859878540039,28.553247201201735,27.652080266524873,28.553247201201735,332781600
2015-05-01,28.622053146362305,28.883970560985873,27.811891674772614,27.989460593249742,234050400
2015-05-04,28.56656837463379,28.981640484449706,28.468904348794748,28.74413902280673,203953200
2015-05-05,27.922874450683594,28.511073537103066,27.91843425374517,28.444484130538356,197085600
2015-05-06,27.747526168823242,28.13374035515713,27.381287790009118,28.091566948029953,288564000
2015-05-07,27.919143676757812,28.101913027741823,27.64275942852856,27.809926580057066,175763600
2015-05-08,28.44516944885254,28.44516944885254,28.10860569937123,28.235652694796116,222201600
2015-05-11,28.155414581298828,28.431797212859163,28.00162021107372,28.393906388474424,168143200
2015-05-12,28.055112838745117,28.280230096530865,27.821078092933593,27.994931698159256,192640000
2015-05-13,28.086320877075195,28.349330690934128,28.0551164669998,28.117525287150592,138776800
2015-05-14,28.74161148071289,28.74161148071289,28.342640617582404,28.39836301417201,180814000
2015-05-15,28.70149040222168,28.861971162025597,28.576672789268603,28.76835795231079,152832000
2015-05-18,29.01799774169922,29.136128958323642,28.610109363136893,28.614568107450665,203531600
2015-05-19,28.991252899169922,29.17179293720011,28.89540859934834,29.129443367583054,178532800
2015-05-20,28.989015579223633,29.194073565945473,28.82853482421962,28.97564274981076,145819600
2015-05-21,29.285470962524414,29.33896570286655,28.937763652865918,28.991258393208053,158921600
2015-05-22,29.54178810119629,29.637632404262497,29.287694075917575,29.332274719776624,182384000
2015-05-26,28.890947341918945,29.624255991868104,28.779502547789,29.555160763671573,282790400
2015-05-27,29.430335998535156,29.479371973804785,28.98678795090275,29.051424426835563,183332800
2015-05-28,29.37238883972168,29.410279660533305,29.220825556475184,29.390220414402172,122933200
2015-05-29,29.038053512573242,29.298833906784036,28.95335438588042,29.249797928280298,203538000
2015-06-01,29.096010208129883,29.285467750161875,28.98679646832212,29.038060129885473,128451200
2015-06-02,28.96673583984375,29.12275789002009,28.824086622393153,28.944445517950438,134670400
2015-06-03,29.00238609313965,29.18515714992286,28.953350121857543,29.12274835029554,123934000
2015-06-04,28.832998275756836,29.104923854969762,28.73269863775788,28.88203425896083,153800400
2015-06-05,28.674745559692383,28.90655264729735,28.61010907241382,28.86420307931036,142507200
2015-06-08,28.48529052734375,28.799565668194397,28.26908735110113,28.730467037838547,210699200
2015-06-09,28.400583267211914,28.547691172028777,27.999383136870932,28.240102534870662,224301600
2015-06-10,28.726011276245117,28.82853858245965,28.496433571483404,28.512035774669872,156349200
2015-06-11,28.661367416381836,29.01576099697763,28.636849428987016,28.792871439215535,141563600
2015-06-12,28.344863891601562,28.60341658791102,28.331491062658774,28.57221218670296,147544800
2015-06-15,28.289148330688477,28.360472936450034,28.01945211201157,28.106378922142444,175955600
2015-06-16,28.440706253051758,28.49642864057753,28.16655305871185,28.313659277513487,125976400
2015-06-17,28.37384796142578,28.50312264250904,28.24902862379286,28.467461189265897,131672400
2015-06-18,28.50312042236328,28.59896301497603,28.35601417586037,28.358243547924655,141628800
2015-06-19,28.217819213867188,28.489744761271798,28.17324198008486,28.465226772537775,218867600
2015-06-22,28.442943572998047,28.54324321836797,28.324812350513934,28.416196207326763,136157200
2015-06-23,28.313663482666016,28.442939849048923,28.280229705082498,28.413964815416577,121075600
2015-06-24,28.55438232421875,28.931066233444163,28.333722130888372,28.353781375503665,221123600
2015-06-25,28.418424606323242,28.79733625420246,28.418424606323242,28.72155460483171,127752400
2015-06-26,28.251251220703125,28.527633793977195,28.197758203410935,28.45630920408349,176267200
2015-06-29,27.756444931030273,28.188851350839126,27.74530147000696,27.96373235180831,196645600
2015-06-30,27.957040786743164,28.11083514495422,27.829993790985686,27.98824519268271,177482800
2015-07-01,28.217819213867188,28.293602551912105,28.081856440164884,28.284686765053145,120955200
2015-07-02,28.18216323852539,28.23788564182807,28.032825905284497,28.1799338662497,108844000
2015-07-06,28.084089279174805,28.13535463481475,27.827765902000436,27.847826850037865,112241600
2015-07-07,28.014991760253906,28.117520762647978,27.587042475701974,28.05956899589914,187787200
2015-07-08,27.319580078125,27.780961513755635,27.312893661748337,27.745300059575833,243046400
2015-07-09,26.762353897094727,27.651682914753206,26.57289807936976,27.604876303351464,314380000
2015-07-10,27.47783088684082,27.604877896696575,27.01644946152121,27.179159625272575,245418000
2015-07-13,28.008310317993164,28.030598939773252,27.70963734449888,27.867888769804207,165762000
2015-07-14,27.99715805053711,28.166554593992238,27.87011106807386,28.093000630326042,127072400
2015-07-15,28.266860961914062,28.340414943131908,27.990478314913677,28.02168272503407,134596800
2015-07-16,28.643539428710938,28.656915660711643,28.384988393612666,28.471915195978795,144889600
2015-07-17,28.890947341918945,28.890947341918945,28.59896252546252,28.770588460709696,184658800
2015-07-20,29.437026977539062,29.637626229005697,29.13166595565219,29.191847091502144,235600800
2015-07-21,29.14280891418457,29.62647883373871,29.046968039348684,29.610878333636787,307025600
2015-07-22,27.91023826599121,27.97264708701165,27.190304050904626,27.190304050904626,461802400
2015-07-23,27.896867752075195,28.32704311851331,27.874577427989657,28.12867147784543,203998000
2015-07-24,27.749755859375,28.0261384937987,27.616022436299836,27.93252526769736,168649200
2015-07-27,27.364151000976562,27.55137911884512,27.219274144908685,27.435475593375916,177822000
2015-07-28,27.500118255615234,27.618251172130954,27.315121179871685,27.500118255615234,134472400
2015-07-29,27.413183212280273,27.52685735035633,27.25270247629341,27.448846353838324,148046800
2015-07-30,27.274995803833008,27.319573035194047,27.127887879419315,27.263850645736564,134513200
2015-07-31,27.0365047454834,27.335175944468048,26.949577951718467,27.32626015786236,171540000
2015-08-03,26.399044036865234,27.31957744718031,26.193984318156094,27.08108564980745,279904000
2015-08-04,25.55206298828125,26.234104603576604,25.2422465878358,26.171695789172148,496554400
2015-08-05,25.721460342407227,26.176155333337917,24.98592397756085,25.175379798653793,397250400
2015-08-06,25.777433395385742,26.084174951835017,25.55129714288187,25.96550902150507,211612000
2015-08-07,25.864748001098633,26.02819462000205,25.63637233539987,25.6542846212377,154681600
2015-08-10,26.80512046813965,26.86557229297756,26.09088392567654,26.09088392567654,219806400
2015-08-11,25.410234451293945,26.460318721771483,25.374411587789787,26.377475680840618,388331200
2015-08-12,25.802059173583984,25.84236096646408,24.54598862173229,25.19529452559621,404870000
2015-08-13,25.781911849975586,26.06178496665311,25.645333632380158,25.981181372393188,194143200
2015-08-14,25.963260650634766,26.041624756211473,25.5266594137007,25.596067377467296,171718000
2015-08-17,26.231950759887695,26.341660553614933,25.860278406144253,25.981183808872476,163538800
2015-08-18,26.08416748046875,26.294632554406007,25.974457726446122,26.068494658465518,138242800
2015-08-19,25.750572204589844,26.088657778492845,25.676685274580443,25.994620799322885,193146000
2015-08-20,25.222166061401367,25.602792823510995,24.99378863756761,25.542340980854984,274006400
2015-08-21,23.679506301879883,25.05424298213673,23.654877329740913,24.72511190737963,513102000
2015-08-24,23.088411331176758,24.360154736085217,20.5986596770011,21.24124891448916,648825200
2015-08-25,23.22722625732422,24.87735855766184,23.173491104077257,24.87735855766184,414406400
2015-08-26,24.55942726135254,24.604206278523865,23.5205383474457,23.977289788865253,387098400
2015-08-27,25.282621383666992,25.354268844332243,24.633315310519915,25.128132560857356,338464400
2015-08-28,25.365463256835938,25.36994047557424,24.97364085114489,25.114696302238023,212657600
2015-08-31,25.24679183959961,25.643091378068043,25.076628524882036,25.08334520563764,224917200
2015-09-01,24.11834144592285,25.049758115006753,24.03773786680285,24.662414750878053,307383600
2015-09-02,25.152755737304688,25.152755737304688,24.43404178394238,24.680331491377068,247555200
2015-09-03,24.71167755126953,25.251272036892868,24.637790637820085,25.18634126824426,212935600
2015-09-04,24.46538543701172,24.729585703954335,24.295223827137335,24.398216919917026,199985200
2015-09-08,25.146041870117188,25.202016499305916,24.700484300073743,25.020659247361674,219374400
2015-09-09,24.66242027282715,25.528906380060143,24.577337749033934,25.47069399960268,340043200
2015-09-10,25.204256057739258,25.363223800249006,24.606447425721583,24.689288783978565,251571200
2015-09-11,25.57145118713379,25.57145118713379,25.022900465893834,25.02961714855396,199662000
2015-09-14,25.817731857299805,26.171491847516478,25.716978229754055,26.102083868905392,233453600
2015-09-15,26.034910202026367,26.09088481175147,25.61845896901484,25.956546090053127,173364800
2015-09-16,26.064023971557617,26.09313016022468,25.84684216352134,26.028199393312086,148694000
2015-09-17,25.506513595581055,26.081932601991664,25.46173458433275,25.896098167922393,256450400
2015-09-18,25.401288986206055,25.59160411407062,25.047530586977455,25.12365527155503,297141200
2015-09-21,25.795345306396484,25.831169885401756,25.448303665385104,25.450541420415476,200888000
2015-09-22,25.39008903503418,25.564729583421176,25.193057271143285,25.385610108649438,201384800
2015-09-23,25.596073150634766,25.685632880726555,25.367697461699983,25.441582658931672,143026800
2015-09-24,25.748327255249023,25.86027650418489,25.15947482080196,25.356504883973493,200878000
2015-09-25,25.683401107788086,26.126720964965,25.52891056982775,26.070746330424043,224607600
2015-09-28,25.175148010253906,25.65205120264022,25.175148010253906,25.49084400853499,208436000
2015-09-29,24.418363571166992,25.41471266435041,24.149686123684695,25.262461655254562,293461600
2015-09-30,24.696002960205078,24.973636596352218,24.344482415888265,24.666895064629845,265892000
2015-10-01,24.534799575805664,24.543755721351502,24.026548992392478,24.420610855358852,255716400
2015-10-02,24.71391487121582,24.854972014083216,24.080283438653904,24.18327653973538,232079200
2015-10-05,24.8034725189209,24.935573506011238,24.420606335797018,24.601963551958388,208258800
2015-10-06,24.92214012145996,25.018416539507857,24.577336245386334,24.769889081482127,192787200
2015-10-07,24.8034725189209,25.02513152847477,24.49673270474276,25.018414847610984,187062400
2015-10-08,24.516889572143555,24.671380107855576,24.22806025713033,24.671380107855576,247918400
2015-10-09,25.103496551513672,25.139319417702776,24.51464249435338,24.6288311899875,211064400
2015-10-12,24.987079620361328,25.244563312866365,24.95125673807594,25.240086093159626,121868800
2015-10-13,25.02960968017578,25.177381779236768,24.78108224664574,24.812427895180186,132197200
2015-10-14,24.67585563659668,24.969162150603427,24.530321257235492,24.91766644770048,177849600
2015-10-15,25.04528045654297,25.099015605606812,24.738538968726402,24.837054832184776,150694000
2015-10-16,24.861684799194336,25.076627112314732,24.747496108152056,25.027369178601997,156930400
2015-10-19,25.016183853149414,25.020661072198596,24.653467614596753,24.80795814905237,119036800
2015-10-20,25.472930908203125,25.5624906474361,24.8124310342536,24.9288574995095,195871200
2015-10-21,25.470693588256836,25.878188785928117,25.457258516805933,25.524428749430527,167180800
2015-10-22,25.860271453857422,25.860271453857422,25.54681327641116,25.59831067247697,166616400
2015-10-23,26.661828994750977,26.69541410535258,26.04610823049042,26.128949567336736,237467600
2015-10-26,25.81101417541504,26.449124444276887,25.730410593220945,26.437930546211405,265335200
2015-10-27,25.647573471069336,26.093131001043727,25.522189151379532,25.837886851554078,279537600
2015-10-28,26.704374313354492,26.711092703494916,25.985660307234276,26.180452624265197,342205600
2015-10-29,26.98648452758789,27.022309105664743,26.480473465616694,26.57674988393586,204909200
2015-10-30,26.75587272644043,27.14097844820156,26.74467711732942,27.08948103778508,197461200
2015-11-02,27.132020950317383,27.172322749614242,26.780500365198655,27.046940133228464,128813200
2015-11-03,27.443241119384766,27.64922734474677,27.02455027826429,27.044702033033463,182076000
2015-11-04,27.315616607666016,27.723111803484766,27.23053579384363,27.568621294076515,179544400
2015-11-05,27.189695358276367,27.58769302350806,27.023301736159723,27.39881233945184,158210800
2015-11-06,27.221179962158203,27.38982266316055,27.122244077458635,27.2324234951006,132169200
2015-11-09,27.11099624633789,27.38981832077774,26.994071413676664,27.19869029971431,135485600
2015-11-10,26.25653648376465,26.548851106859324,26.09688830871263,26.2857689753872,236511600
2015-11-11,26.108137130737305,26.40269914710894,25.905765559537567,26.16660041031104,180872000
2015-11-12,26.02043914794922,26.26778137968767,26.00469923453464,26.141862072371055,130102400
2015-11-13,25.260414123535156,25.98670240087447,25.244674214887997,25.9035047605844,183249600
2015-11-16,25.67414665222168,25.687637509762354,24.959102038708117,25.044546995667467,152426800
2015-11-17,25.563976287841797,25.86978174661462,25.48077863424922,25.840549257652057,110467600
2015-11-18,26.37346649169922,26.418437186317135,25.970972427437328,26.029435702858247,186698800
2015-11-19,26.708499908447266,26.926611356339105,26.254289766076003,26.45216320271426,173183200
2015-11-20,26.825428009033203,26.9648381846964,26.724241377915583,26.802940947325766,137148400
2015-11-23,26.476900100708008,26.92211751965151,26.384707947819734,26.81868183550105,129930000
2015-11-24,26.730981826782227,26.836664821225764,26.33523500423496,26.382454737077932,171212800
2015-11-25,26.539867401123047,26.80969678941925,26.515132997641164,26.80519868941027,85553200
2015-11-27,26.490398406982422,26.625313957938484,26.443178650356796,26.598330504642774,52185600
2015-11-30,26.600566864013672,26.850158112475725,26.47689490647962,26.53086007180281,156721200
2015-12-01,26.38470458984375,26.715244466828874,26.276774251759907,26.701753603448843,139409600
2015-12-02,26.146358489990234,26.557847004045957,26.101387798895118,26.38470624073377,133546400
2015-12-03,25.90350914001465,26.26103243333327,25.68315038169898,26.20706726820804,166278000
2015-12-04,26.76471519470215,26.814183984713008,25.88327660248548,25.923750911083282,231108000
2015-12-07,26.5960750579834,26.951349387744692,26.490392035729663,26.7534759244012,128336800
2015-12-08,26.584829330444336,26.668025277025105,26.27677479127488,26.42517943806766,137238000
2015-12-09,25.997955322265625,26.46340903533202,25.876532390745435,26.45216550415493,185445600
2015-12-10,26.12162208557129,26.29476283556294,25.973217443957356,26.092391310160515,116850800
2015-12-11,25.44930076599121,25.9462342457726,25.37509758672638,25.901263557714888,187544800
2015-12-14,25.291900634765625,25.336871321031932,24.68703512601002,25.224442889844447,257274800
2015-12-15,24.844430923461914,25.363851372691848,24.812951104177856,25.170474359648928,213292400
2015-12-16,25.035564422607422,25.181721739036185,24.464429451891355,24.974853819286913,224954000
2015-12-17,24.50490379333496,25.24018504378991,24.50490379333496,25.188467206019784,179091200
2015-12-18,23.841567993164062,24.62631780286891,23.792099219021278,24.48915672300215,385813200
2015-12-21,24.13389015197754,24.142884633341986,23.738141549551425,24.122646621391503,190362400
2015-12-22,24.11140251159668,24.221581895661817,23.93601271496503,24.149627767116172,131157600
2015-12-23,24.42170524597168,24.4756704154377,24.104656229874962,24.120396142449295,130629600
2015-12-24,24.291288375854492,24.509399823075448,24.273299413800387,24.509399823075448,54281600
2015-12-28,24.01921272277832,24.214838833050326,23.87530445160877,24.19235177181853,106816800
2015-12-29,24.450939178466797,24.606090990672588,24.02820881795496,24.05069416517501,123724800
2015-12-30,24.13163948059082,24.441941346956686,24.10015965569233,24.414959620199003,100855200
2015-12-31,23.66843032836914,24.06642616133184,23.56949277452739,24.06192977957606,163649200
2016-01-04,23.68866729736328,23.693165394769228,22.935397240889355,23.07256004790502,270597600
2016-01-05,23.09505271911621,23.80110327006872,23.027596676308974,23.778617922466307,223164000
2016-01-06,22.643089294433594,23.018601623728564,22.456459369988686,22.61160946546592,273829600
2016-01-07,21.68744468688965,22.514918047091673,21.682948304264993,22.1888762678676,324377600
2016-01-08,21.802120208740234,22.285562784635363,21.75714952445672,22.15964349622422,283192000
2016-01-11,22.1551513671875,22.2743252566143,21.88757109170476,22.254088957891458,198957600
2016-01-12,22.476696014404297,22.640842309858193,22.224855663255948,22.609362480404904,196616800
2016-01-13,21.898813247680664,22.753270149750488,21.878576950229252,22.557644030110175,249758400
2016-01-14,22.377761840820312,22.593626012174315,21.527802884882284,22.02698556453409,252680400
2016-01-15,21.840351104736328,21.970768524584226,21.44235512788156,21.631234109298173,319335600
2016-01-19,21.734668731689453,22.18213348140118,21.473833904788066,22.12816830586096,212350800
2016-01-20,21.76389503479004,22.078694972485735,21.00612682165017,21.383886403780675,289337600
2016-01-21,21.653722763061523,22.008995404035435,21.347917205004382,21.824612792458826,208646000
2016-01-22,22.804983139038086,22.813977619619987,22.119170721005172,22.1776322715049,263202000
2016-01-25,22.359769821166992,22.829719900561372,22.308051981335268,22.8274708513021,207178000
2016-01-26,22.483434677124023,22.6835571250423,22.05170996131301,22.469943815855405,300308000
2016-01-27,21.006132125854492,21.7279226012767,20.988143161324587,21.59525784779332,533478800
2016-01-28,21.156780242919922,21.2534687572687,20.774524283227525,21.08932421707389,222715200
2016-01-29,21.88756561279297,21.88756561279297,21.215244091450444,21.314181657388275,257666000
2016-02-01,21.682947158813477,21.745906805363436,21.45134486663825,21.69194163910943,163774000
2016-02-02,21.244482040405273,21.595258278117893,21.19950962818435,21.455846373516206,149428800
2016-02-03,21.664962768554688,21.77514217326002,21.154538341615158,21.361406285496777,183857200
2016-02-04,21.83903694152832,22.004073903550463,21.520269281773988,21.671740451478744,185886800
2016-02-05,21.255762100219727,21.911385847563288,21.181157989441367,21.82095468847609,185672400
2016-02-08,21.47957420349121,21.635566145722503,21.034202280013222,21.054548380153207,216085600
2016-02-09,21.475059509277344,21.689833751804365,21.23541837692217,21.316806256746773,177324800
2016-02-10,21.312284469604492,21.782525185625524,21.273851781953166,21.685311977263783,169374400
2016-02-11,21.18341064453125,21.4140101116225,20.932465078783302,21.203758468018282,200298800
2016-02-12,21.24897003173828,21.364269748252703,21.027415607661247,21.294186452346917,161405600
2016-02-16,21.848087310791016,21.895563287216117,21.38915114718392,21.481841846443086,196231600
2016-02-17,22.182682037353516,22.203028145099864,21.737309947373852,21.854869261180895,179452800
2016-02-18,21.762176513671875,22.35675851231295,21.723742105717225,22.345453970297296,156084000
2016-02-19,21.712432861328125,21.875208559116185,21.65817487034225,21.703389575358738,141496800
2016-02-22,21.90234375,21.906866256857242,21.685309991289156,21.77347990186447,137123200
2016-02-23,21.4072322845459,21.816431114118785,21.375581641641404,21.79382375844853,127770400
2016-02-24,21.72600746154785,21.789308769194246,21.097513443013995,21.246725146607297,145022800
2016-02-25,21.875213623046875,21.875213623046875,21.53383682920604,21.714699140801,110330800
2016-02-26,21.90912628173828,22.160070203651877,21.834520446256214,21.974687104013064,115964400
2016-02-29,21.859386444091797,22.207545243210323,21.85034315679682,21.897819121472434,140865200
2016-03-01,22.727519989013672,22.781777984759973,22.024420397887784,22.076418865566318,201628400
2016-03-02,22.77725601196289,22.808906651561315,22.52631042312505,22.72299801905567,132678400
2016-03-03,22.946819305419922,22.994295276313494,22.709437726121145,22.738828844886864,147822800
2016-03-04,23.28819465637207,23.455491170685054,22.917428476094212,23.143505499426116,184220400
2016-03-07,23.030460357666016,23.24749403060449,22.824729497741757,23.148019617029657,143315600
2016-03-08,22.840560913085938,23.00559789558876,22.698133012307633,22.784041658436184,126247600
2016-03-09,22.86090660095215,22.964901812789783,22.668739773273074,22.903860057578832,108806800
2016-03-10,22.872211456298828,23.114113796134067,22.641613657275727,22.926471182400185,134054400
2016-03-11,23.11863899230957,23.123159774261975,22.946819955991838,23.114116485526203,109632800
2016-03-14,23.17741584777832,23.265587474386763,23.010119332204216,23.039510449350633,100304400
2016-03-15,23.64313507080078,23.778780937290975,23.478098087936687,23.502966698023478,160270800
2016-03-16,23.95738410949707,24.03424947487254,23.645396691646013,23.64991919833335,153214000
2016-03-17,23.9189510345459,24.07042223430001,23.729045427903444,23.855648015777817,137682800
2016-03-18,23.946073532104492,24.077198595692938,23.781038301062566,24.04102545063523,176820800
2016-03-21,23.943817138671875,24.33719065610366,23.769736873745998,23.948337919980663,142010800
2016-03-22,24.126941680908203,24.255805523092,23.785564871854984,23.794608160320802,129777600
2016-03-23,23.993549346923828,24.206062260782247,23.941552607254522,24.072677670053565,102814000
2016-03-24,23.889558792114258,24.02068388043272,23.713218988776717,23.844344077095183,104532000
2016-03-28,23.781051635742188,24.007128744628925,23.751660507694776,23.96417354199438,77645600
2016-03-29,24.343975067138672,24.36884367884167,23.710958682603724,23.713219935894237,124760400
2016-03-30,24.768991470336914,24.96341779615798,24.551957793222076,24.563262331284133,182404400
2016-03-31,24.640132904052734,24.845863811631762,24.615264294898548,24.805169880727707,103553600
2016-04-01,24.866212844848633,24.86847409817385,24.461534741180458,24.59265983674843,103496000
2016-04-04,25.121679306030273,25.363581650581384,24.929512457462184,24.963424355728954,149424800
2016-04-05,24.825519561767578,25.03351175238245,24.73734965290633,24.757697483706366,106314800
2016-04-06,25.08550453186035,25.090027037913124,24.68760851591967,24.920469282378427,105616400
2016-04-07,24.538394927978516,24.963419017519364,24.44344301300084,24.857162563926547,127207600
2016-04-08,24.56553077697754,24.816474692097593,24.454751790988905,24.622050034176734,94326800
2016-04-11,24.646913528442383,25.006376851669792,24.603960071767485,24.635610713456614,117630000
2016-04-12,24.967947006225586,24.981511075678288,24.565530180707952,24.719260900720705,108929200
2016-04-13,25.329669952392578,25.397492024631045,25.049334925845812,25.049334925845812,133029200
2016-04-14,25.343236923217773,25.40879947460225,25.1691583538963,25.234720905280778,101895600
2016-04-15,24.83456039428711,25.38845013024312,24.807432255678037,25.345494944337705,187756000
2016-04-18,24.29876136779785,24.631093172522302,24.176679557461316,24.617529101873007,243286000
2016-04-19,24.16988754272461,24.416310590207257,24.016155147793057,24.38918073527925,129539600
2016-04-20,24.219627380371094,24.43666108435248,23.977725069438975,24.108850137937278,122444000
2016-04-21,23.95738410949707,24.174417860054238,23.855648407003102,24.174417860054238,126210000
2016-04-22,23.891820907592773,24.072683223858203,23.652179804647325,23.74034970949823,134732400
2016-04-25,23.756175994873047,23.88503983986078,23.62731214988531,23.73808941754787,112126400
2016-04-26,23.59113311767578,23.805907289033218,23.491660416832097,23.491660416832097,224064800
2016-04-27,22.114856719970703,22.316065154282096,21.631051976252184,21.70339656246717,458408400
2016-04-28,21.43888282775879,22.128416659063998,21.30775775071809,22.067376626555074,328970800
2016-04-29,21.192462921142578,21.41401919677417,20.914389105876253,21.248982185608373,274126000
2016-05-02,21.169849395751953,21.269323824191165,20.88951440858666,21.244455217081363,192640400
2016-05-03,21.518009185791016,21.644611755356102,21.178893681743983,21.29645296422147,227325200
2016-05-04,21.2941951751709,21.680786674377792,21.210546056401967,21.522531724666095,164102000
2016-05-05,21.2077579498291,21.396544718750324,21.080384580596473,21.380623047596245,143562000
2016-05-06,21.089487075805664,21.25552714546316,20.89160192224227,21.237332185801375,174799600
2016-05-09,21.105411529541016,21.32831499891088,21.059919786064714,21.1531765586917,131745600
2016-05-10,21.248708724975586,21.282827102134387,20.95074515080972,21.228238739879952,134747200
2016-05-11,21.041723251342773,21.282823400083267,21.0303498824906,21.262353418548294,114876400
2016-05-12,20.548141479492188,21.103128389042162,20.350258111337364,21.08948173891615,305258800
2016-05-13,20.589086532592773,20.85065835989076,20.470811496382066,20.470811496382066,177571200
2016-05-16,21.35333251953125,21.469334282624654,20.846112220421773,21.014427313211556,245039200
2016-05-17,21.264625549316406,21.53984405433573,21.15544884972697,21.505727420296754,187667600
2016-05-18,21.50800132751465,21.655846442176664,21.355607906626723,21.417021320337167,168249600
2016-05-19,21.426115036010742,21.526195112774182,21.28281998228032,21.526195112774182,121768400
2016-05-20,21.65811538696289,21.705880397930738,21.498896948404816,21.526191984100123,128104000
2016-05-23,21.933338165283203,22.10620328824832,21.760473042318086,21.80596477748378,152074400
2016-05-24,22.2677001953125,22.310915184552552,22.026598281485057,22.113031730630478,140560800
2016-05-25,22.658916473388672,22.686209780582036,22.31546123010262,22.442834624557907,152675200
2016-05-26,22.838613510131836,22.91139858220537,22.43601972449619,22.67257164256843,225324800
2016-05-27,22.82495880126953,22.852253846495472,22.574760293695583,22.61797701480352,145364800
2016-05-31,22.713504791259766,22.836329879454723,22.47695296236566,22.654366400203152,169228800
2016-06-01,22.395063400268555,22.640713508980472,22.365495080552662,22.52243675945316,116693200
2016-06-02,22.226755142211914,22.2540484501803,21.978829937727227,22.199460098911132,160766400
2016-06-03,22.272249221801758,22.351857610166164,22.16534578514125,22.242680887647182,114019600
2016-06-06,22.433734893798828,23.175233684369644,22.188086467543354,22.28816481330216,93170000
2016-06-07,22.52471923828125,22.715781075657503,22.50879756311093,22.574759284625802,89638000
2016-06-08,22.504247665405273,22.645267711132405,22.44510927524069,22.522442624790106,83392400
2016-06-09,22.66573715209961,22.74307049388891,22.395066985172754,22.404165331618344,106405600
2016-06-10,22.479225158691406,22.597500190611726,22.39961679727079,22.41098842871252,126851600
2016-06-13,22.140323638916016,22.545192340893063,22.08573528288135,22.44738726302582,152082000
2016-06-14,22.167612075805664,22.39961555661814,22.00612034148782,22.135768733001132,127727600
2016-06-15,22.094825744628906,22.383692568504436,22.069805728849705,22.24949414429491,117780800
2016-06-16,22.18808937072754,22.233579376085263,21.851457430949985,21.937889135262647,125307200
2016-06-17,21.683141708374023,21.983380247009613,21.676318381298827,21.976556919934417,244032800
2016-06-20,21.630823135375977,21.965179990517978,21.614901463004077,21.835531591109053,137647600
2016-06-21,21.815065383911133,21.915143740976294,21.53529682349623,21.594435217670487,142185600
2016-06-22,21.733179092407227,22.037965899988716,21.68768735858985,21.892395822437525,116876400
2016-06-23,21.858280181884766,21.90149690056784,21.664945061213388,21.821888525624615,128960800
2016-06-24,21.24415397644043,21.530745828211515,21.073563877703485,21.132702264491982,301245600
2016-06-27,20.934823989868164,21.164552550722714,20.811998870262745,21.153179179611314,181958400
2016-06-28,21.287370681762695,21.303294091522243,20.957563824914264,21.130428958218253,161779600
2016-06-29,21.47161102294922,21.505729395454093,21.296470853912698,21.373805947279248,146124000
2016-06-30,21.744552612304688,21.783219287907485,21.44886412581391,21.480707474584726,143345600
2016-07-01,21.810508728027344,21.942432130665885,21.68313536566291,21.719527011196217,104106000
2016-07-05,21.605804443359375,21.699061198215826,21.485254382950593,21.696786177642384,110820800
2016-07-06,21.728633880615234,21.75820394800162,21.464788707162878,21.517102043514402,123796400
2016-07-07,21.821882247924805,21.949255611191305,21.749097221010814,21.767292176240367,100558400
2016-07-08,21.990198135375977,22.03796314842133,21.846903096239924,21.946981427478377,115648400
2016-07-11,22.058441162109375,22.210834590412393,22.001577787190417,22.006126093637636,95179600
2016-07-12,22.158519744873047,22.222206447769825,22.090284735483287,22.101656369381995,96670000
2016-07-13,22.03341293334961,22.215374624130522,22.02658787322161,22.15623798567594,103568800
2016-07-14,22.470129013061523,22.51561901394798,22.13577212701593,22.15169380085942,155676000
2016-07-15,22.467851638793945,22.586128405240313,22.404164950091495,22.499694983145172,120548000
2016-07-18,22.706682205200195,22.774917210646212,22.426913650407556,22.449658652222894,145975600
2016-07-19,22.715774536132812,22.74534285712758,22.595222761311202,22.645262793249994,95119600
2016-07-20,22.736244201660156,22.84997091439475,22.686204170403826,22.745342546918753,105104000
2016-07-21,22.61570167541504,22.972803602596557,22.5474649309773,22.706683422887863,130808000
2016-07-22,22.44056510925293,22.586135223181515,22.36095498901132,22.577036874144397,113254800
2016-07-25,22.140323638916016,22.481503900964643,22.044793582022212,22.34730716418514,161531600
2016-07-26,21.98792266845703,22.283612821681754,21.93105931093935,22.022041030034032,224959200
2016-07-27,23.41632843017578,23.734763558922886,23.37083844121127,23.716566869204346,369379200
2016-07-28,23.732501983642578,23.75752201234678,23.386773359789792,23.3890483811264,159479200
2016-07-29,23.702924728393555,23.78025980674225,23.582374672907697,23.698376422764657,110934800
2016-08-01,24.121444702148438,24.144189705395952,23.748421095825154,23.748421095825154,152671600
2016-08-02,23.764339447021484,24.12598963346021,23.655161017241863,24.12144132758002,135266400
2016-08-03,24.06230354309082,24.07367517574286,23.830300024735596,23.839398372056618,120810400
2016-08-04,24.21094512939453,24.24067362932674,24.07601971797031,24.14462609594638,109634800
2016-08-05,24.579133987426758,24.61801012849132,24.281841949882754,24.302422820540578,162213600
2016-08-08,24.782669067382812,24.782669067382812,24.505959589461646,24.588284833417777,112148800
2016-08-09,24.88327980041504,24.91301004531006,24.700332365617083,24.750643477224642,105260800
2016-08-10,24.69805145263672,24.903868897021987,24.64316738237836,24.860418063003667,96034000
2016-08-11,24.682043075561523,24.910728732985522,24.663747804231658,24.816966775969792,109938000
2016-08-12,24.739208221435547,24.79866696582525,24.647733632697385,24.647733632697385,74641600
2016-08-15,25.0365047454834,25.05022532562946,24.716344499122467,24.730065079268527,103472800
2016-08-16,25.013633728027344,25.208017910453925,24.97475758943519,25.070805135862713,135177600
2016-08-17,24.977046966552734,25.011350162991647,24.77580247796874,24.949604060454995,101424000
2016-08-18,24.945030212402344,25.063945978389675,24.93130788748355,24.979333407599857,87938800
2016-08-19,25.00905990600586,25.0845265804378,24.78037428268447,24.87413448098516,101472400
2016-08-22,24.81468391418457,24.9496076294832,24.663750526155635,24.89472355416963,103280800
2016-08-23,24.892433166503906,24.999915703376054,24.819253826785246,24.832974407753408,85030800
2016-08-24,24.704904556274414,24.869558463882164,24.624864946946378,24.82839498698023,94700400
2016-08-25,24.59971046447754,24.670602443725805,24.396180415569614,24.55854698578084,100344800
2016-08-26,24.455638885498047,24.686610087776163,24.311565839318675,24.563121397811965,111065200
2016-08-29,24.428199768066406,24.56998549165305,24.30699665914969,24.382463338384497,99881200
2016-08-30,24.240678787231445,24.355021611699517,24.12633596276337,24.19494235533743,99455600
2016-08-31,24.2635498046875,24.371032351254886,24.15835460339883,24.162929293956257,118649600
2016-09-01,24.40761947631836,24.423627401559532,24.15377827268476,24.272694039514473,106806000
2016-09-02,24.636308670043945,24.698053034948686,24.428203867184916,24.629446634180532,107210000
2016-09-06,24.629438400268555,24.766651155933022,24.585989322725293,24.6751765670676,107521600
2016-09-07,24.780372619628906,24.871847211765008,24.485367975974665,24.65916952655998,169457200
2016-09-08,24.130903244018555,24.531103035721326,24.066871556503333,24.52653009149851,212008000
2016-09-09,23.584348678588867,24.17664537470225,23.584348678588867,23.929664472583937,186228000
2016-09-12,24.11261558532715,24.176647288411548,23.44713950384346,23.47458241005094,181171200
2016-09-13,24.68661880493164,24.878715686091734,24.524252179218525,24.58599829073664,248704800
2016-09-14,25.560192108154297,25.848336490600545,24.835259079485677,24.864989328027217,443554800
2016-09-15,26.4292049407959,26.465795488414944,25.95353829014835,26.038152622967388,359934400
2016-09-16,26.280548095703125,26.55725745562229,26.079305400688995,26.326286261433125,319547600
2016-09-19,25.974117279052734,26.56869963689273,25.89865059368618,26.342301325526172,188092000
2016-09-20,25.971824645996094,26.09760242933149,25.729418457821776,25.852908896533055,138057200
2016-09-21,25.967254638671875,26.067875131988767,25.713413443397382,26.03585928256072,144012800
2016-09-22,26.211952209472656,26.28513155432334,26.070166465503682,26.15020610131955,124296000
2016-09-23,25.775165557861328,26.2508322421979,25.509891047768583,26.166217903386066,209924800
2016-09-26,25.81403350830078,25.93066366912903,25.509882943782042,25.53046381318725,119477600
2016-09-27,25.8620548248291,25.882637437011933,25.69054061714738,25.841473957379012,98429600
2016-09-28,26.058727264404297,26.21652090998505,25.939811502552825,25.999270255845023,118564400
2016-09-29,25.653953552246094,26.024424893860175,25.56705364261295,25.878066233039693,143548000
2016-09-30,25.852914810180664,25.926094152296972,25.56705773242428,25.717989362218418,145516400
2016-10-03,25.731706619262695,25.852911470148342,25.67682255594942,25.775157447782696,86807200
2016-10-04,25.841482162475586,26.141059848699363,25.756867831715706,25.855202745132157,118947200
2016-10-05,25.852914810180664,25.992413203704434,25.770587832208175,25.932954443005826,85812400
2016-10-06,26.04500389099121,26.147911717233303,25.871202339482174,26.001553066930768,115117200
2016-10-07,26.083885192871094,26.19822802011634,25.95810912974117,26.141056606493716,97433600
2016-10-10,26.53896141052246,26.69904061352427,26.234809180086568,26.303413805059147,144944000
2016-10-11,26.596139907836914,27.142698433019806,26.57326994867143,26.916298399358585,256164000
2016-10-12,26.833969116210938,26.980329514362847,26.699045441387863,26.836256460876704,150347200
2016-10-13,26.75164794921875,26.856843138239455,26.46350354336801,26.708197117656685,140769600
2016-10-14,26.900291442871094,27.023781898930597,26.785948621860403,26.957462853376438,142608800
2016-10-17,26.88199806213379,26.948315363311753,26.70590913977948,26.83168694146113,94499600
2016-10-18,26.86370086669922,27.03292774205229,26.85912617711156,27.026067452403673,98214000
2016-10-19,26.783662796020508,26.930021466102616,26.024426540694705,26.813391301128977,80138400
2016-10-20,26.769939422607422,26.843118754782015,26.602999888927684,26.724202994273142,96503200
2016-10-21,26.66474151611328,26.735635240937782,26.59156219141872,26.712765284375394,92770800
2016-10-24,26.90486717224121,26.92544804334645,26.756221150237725,26.779089366376784,94154800
2016-10-25,27.042076110839844,27.06723167005647,26.827111057437026,26.973469723024884,192516000
2016-10-26,26.43376350402832,26.458919055645712,25.912360697290357,26.141046261279456,264536800
2016-10-27,26.1799259185791,26.49551139030277,26.093024281707976,26.388028888740596,138248000
2016-10-28,26.00613021850586,26.34687131993518,25.944384121128103,26.040433412078734,151446800
2016-10-31,25.9649715423584,26.122765215168037,25.88721750621552,25.990127105986986,105677600
2016-11-01,25.496164321899414,26.017567359342415,25.276626292698843,25.946675361452602,175303200
2016-11-02,25.51903533935547,25.69283695248327,25.43671009601425,25.475586244623532,113326800
2016-11-03,25.245498657226562,25.62016944650457,25.18113820298895,25.50983774029462,107730400
2016-11-04,25.01793670654297,25.34203982636608,24.85014005529243,24.94668073850706,123348000
2016-11-07,25.378812789916992,25.401798411417044,25.160445001440227,25.302958660645363,130240000
2016-11-08,25.528228759765625,25.679937069138873,25.215619292291446,25.355833910218443,97016800
2016-11-09,25.486848831176758,25.587987683875674,24.836347061719003,25.256989077727034,236705600
2016-11-10,24.77658462524414,25.535120808105646,24.32605969000553,25.535120808105646,228538000
2016-11-11,24.923694610595703,25.024833469275595,24.491558879883993,24.62257887695074,136575600
2016-11-14,24.298477172851562,24.781182360897954,23.92380636217132,24.758196733598787,204702000
2016-11-15,24.620275497436523,24.75129547166917,24.401909458278958,24.496151034422876,129058000
2016-11-16,25.282278060913086,25.337445673715806,24.503053505407852,24.526039133896795,235362000
2016-11-17,25.27307891845703,25.36502316958602,25.015637119724733,25.24089869361549,110528000
2016-11-18,25.298364639282227,25.408698095771,25.206422138180844,25.220213162607894,113715600
2016-11-21,25.682233810424805,25.741996090147072,25.286874711014445,25.312159426931917,117058400
2016-11-22,25.698318481445312,25.840830391494627,25.606374238828955,25.732796037947203,103862000
2016-11-23,25.56730079650879,25.631661245999794,25.360426670508605,25.597181932717977,109705600
2016-11-25,25.69601821899414,25.714407417415273,25.502935142953227,25.54430996255553,45903600
2016-11-28,25.64545440673828,25.852328549976207,25.604079578090698,25.613274179311368,108776000
2016-11-29,25.620174407958984,25.75119443051266,25.300669409912466,25.46386966581678,114115200
2016-11-30,25.404102325439453,25.79026682920152,25.346637379961116,25.652351310791705,144649200
2016-12-01,25.167354583740234,25.50065241975659,25.061619262770336,25.36963237489264,148347600
2016-12-02,25.261587142944336,25.30525930339659,25.020233701415115,25.09378875204552,106112000
2016-12-05,25.080001831054688,25.291472417001383,24.882322271328984,25.284576903890887,137298000
2016-12-06,25.27307891845703,25.367322258129196,25.09838677037175,25.169642731993623,104782000
2016-12-07,25.521331787109375,25.558110194681575,25.091495109178005,25.114480737065133,119994800
2016-12-08,25.771873474121094,25.843129429005632,25.422485703604107,25.482249724240802,108273200
2016-12-09,26.192520141601562,26.364914969441042,25.81555025835451,25.81555025835451,137610400
2016-12-12,26.043107986450195,26.433868824113034,25.8569204135273,26.040808898127786,105497600
2016-12-13,26.477542877197266,26.645339498140288,26.14654430459981,26.16723083854187,174935200
2016-12-14,26.477542877197266,26.70969994199189,26.429272544308564,26.4430635669366,136127200
2016-12-15,26.622356414794922,26.83152963095171,26.486740002844183,26.521217562702347,186098000
2016-12-16,26.65683937072754,26.778664775381205,26.583284310161684,26.771769262467373,177404400
2016-12-19,26.81084442138672,26.980940166427025,26.60626935883651,26.61776304923679,111117600
2016-12-20,26.882095336914062,27.00851889278205,26.820033980018344,26.833825002952814,85700000
2016-12-21,26.90738296508789,26.98553619546714,26.84302251282898,26.847620690099358,95132800
2016-12-22,26.730396270751953,26.780965707187985,26.580987050470345,26.744187297528654,104343600
2016-12-23,26.783262252807617,26.783262252807617,26.569492575616366,26.569492575616366,56998000
2016-12-27,26.953359603881836,27.07748410155773,26.776366582612287,26.783262095756886,73187600
2016-12-28,26.838422775268555,27.12804477467143,26.709700132954477,27.01311490877457,83623600
2016-12-29,26.83153533935547,26.91888143239691,26.75568118414808,26.76717312198213,60158000
2016-12-30,26.622356414794922,26.939562241325184,26.532711251782224,26.813140429900198,122345200
2017-01-03,26.698213577270508,26.739588407476482,26.37870862600418,26.617763005673037,115127600
2017-01-04,26.6683292388916,26.780961786716674,26.606267873790532,26.629253499617192,84472400
2017-01-05,26.8039493560791,26.86141430165792,26.620060828750496,26.645345545100454,88774400
2017-01-06,27.102764129638672,27.160229067489293,26.771765526438056,26.843021488191795,127007600
2017-01-09,27.35101318359375,27.452152042252223,27.10966148046446,27.111958815476992,134247600
2017-01-10,27.37859535217285,27.440656713931567,27.192409513205952,27.300442124142183,97848400
2017-01-11,27.525707244873047,27.567082073301073,27.261368160676803,27.29354838793295,110354400
2017-01-12,27.4107723236084,27.42226601138382,27.171717998142032,27.330321770252056,108344800
2017-01-13,27.36250877380371,27.49582786880538,27.309640252099264,27.378598888463156,104447600
2017-01-17,27.583171844482422,27.63833769713795,27.174021742713133,27.201603792195478,137759200
2017-01-18,27.580873489379883,27.698102463870374,27.51651303395479,27.583172578128174,94852000
2017-01-19,27.53260040283203,27.603856363706946,27.4383588178385,27.445254329705012,102389200
2017-01-20,27.583171844482422,27.686608037422893,27.521110479456304,27.686608037422893,130391600
2017-01-23,27.601560592651367,27.76935723654545,27.53030287404862,27.58317139083835,88200800
2017-01-24,27.576276779174805,27.60615791782872,27.468242407108608,27.47973609703981,92844000
2017-01-25,28.01531410217285,28.065883542932227,27.647538742592733,27.67971897695029,129510400
2017-01-26,28.029102325439453,28.144032216222865,27.950949087787432,27.967039202349472,105350400
2017-01-27,28.031396865844727,28.12334112004273,27.950946301055517,28.075070781169206,82251600
2017-01-30,27.957839965820312,27.957839965820312,27.734877487763406,27.796938846873953,121510000
2017-01-31,27.893482208251953,27.902676809319985,27.725685561410188,27.847510956602637,196804000
2017-02-01,29.594446182250977,29.994403455449152,29.194490662743725,29.199087086643175,447940000
2017-02-02,29.543872833251953,29.74155235484266,29.371478023982664,29.417451025335552,134841600
2017-02-03,29.67030143737793,29.69558615399653,29.45883085628691,29.49330842104774,98029200
2017-02-06,29.948429107666016,29.996701204576585,29.628924154671164,29.68179442923557,107383600
2017-02-07,30.233455657958984,30.36217656964027,29.98520668226717,30.005893220062706,152735200
2017-02-08,30.350677490234375,30.392054065860123,30.162194333707124,30.192077221248987,92016400
2017-02-09,30.569992065429688,30.57691747290408,30.26987815871774,30.392231720882286,113399600
2017-02-10,30.500734329223633,30.690038192895667,30.484576219386202,30.579228151222217,80262000
2017-02-13,30.770837783813477,30.89319487594774,30.646176919165736,30.722359928568,92141600
2017-02-14,31.17023277282715,31.186390889422167,30.76161594986976,30.81240464074985,132904800
2017-02-15,31.283342361450195,31.45879543989374,31.07788035321102,31.285653179380226,142492400
2017-02-16,31.246408462524414,31.37337663728283,31.1286694692627,31.320280662969946,90338400
2017-02-17,31.33182716369629,31.357221505579854,31.188697339946398,31.188697339946398,88792800
2017-02-21,31.558048248291016,31.569591765153948,31.39183146870776,31.449545530435646,98028800
2017-02-22,31.65271759033203,31.655024885940847,31.421861216256996,31.495733424214876,83347600
2017-02-23,31.518817901611328,31.738130734589046,31.465721926226674,31.71504721261627,83152800
2017-02-24,31.548828125,31.548828125,31.230245250034194,31.37568587079479,87106400
2017-02-27,31.611154556274414,31.728893535232476,31.46109935565045,31.659635933949133,81029600
2017-02-28,31.625015258789062,31.72889992032576,31.558064939126574,31.645791486578673,93931600
2017-03-01,32.27140808105469,32.35451650915443,31.76583562625202,31.832782418776734,145658400
2017-03-02,32.07979965209961,32.38452819956247,32.03362556445187,32.31988870396161,104844000
2017-03-03,32.26910400390625,32.28064752724133,31.99438435243972,32.038247627559755,84432400
2017-03-06,32.167510986328125,32.26678101161187,31.99667960539202,32.17443639244245,87000000
2017-03-07,32.20907974243164,32.315271693433274,32.0405520664607,32.10288426884158,69785200
2017-03-08,32.08903121948242,32.27371699576687,32.047478769177225,32.07748769797936,74828800
2017-03-09,32.015159606933594,32.040553948462716,31.638866120296644,32.02901394806746,88623600
2017-03-10,32.12135696411133,32.17214565013795,32.00592877270334,32.14675130712464,78451200
2017-03-13,32.13520431518555,32.18830029117781,32.047481294543644,32.05440670347357,69686800
2017-03-14,32.08671569824219,32.239078166222065,32.052085142611126,32.15828058159084,61236400
2017-03-15,32.42608642578125,32.49303322137834,32.09595999363327,32.18368653915024,102767200
2017-03-16,32.479183197021484,32.555366221686945,32.379913126364556,32.486108606301194,76928000
2017-03-17,32.317569732666016,32.550733291659334,32.29448269718321,32.550733291659334,175540000
2017-03-20,32.65694046020508,32.66617316416422,32.37298461657809,32.412229772933976,86168000
2017-03-21,32.28294372558594,32.966279914613274,32.257549392013594,32.806988506076536,158119600
2017-03-22,32.647705078125,32.689261053486796,32.26448268602448,32.28526243499958,103440800
2017-03-23,32.53227233886719,32.684638356177594,32.460707442957485,32.61076264260119,81385200
2017-03-24,32.46763229370117,32.72157565152801,32.40068551168565,32.666168867296385,89582400
2017-03-27,32.523048400878906,32.601538725765934,32.00131072025473,32.17907112168971,94300400
2017-03-28,33.19715118408203,33.2525544658913,32.463025996807076,32.529976325778776,133499200
2017-03-29,33.271018981933594,33.35643823436015,33.05632424825825,33.16944161532169,116760000
2017-03-30,33.227134704589844,33.358724443408796,33.12786821888693,33.287159577420844,84829200
2017-03-31,33.16481399536133,33.3056364669168,33.01475529996669,33.1786648085328,78646800
2017-04-03,33.174049377441406,33.27100860006439,33.023994192507935,33.176360194881575,79942800
2017-04-04,33.421077728271484,33.4487793654904,33.051706126605545,33.070175058947704,79565600
2017-04-05,33.24793243408203,33.58036614090385,33.19945105075871,33.29410299945432,110871600
2017-04-06,33.16481399536133,33.36335053685614,33.11633262667388,33.31025105624911,84596000
2017-04-07,33.0909538269043,33.284872347499096,33.07479571148253,33.18098767736538,66688800
2017-04-10,33.05171203613281,33.215621638358044,32.989379818656815,33.15098212489749,75733600
2017-04-11,32.69618225097656,33.09325540952474,32.33373613194622,32.99860347139208,121517600
2017-04-12,32.73543167114258,32.81622928141407,32.55305317900341,32.68926110490339,81400000
2017-04-13,32.56228256225586,32.86932187096987,32.56228256225586,32.76081912568794,71291600
2017-04-17,32.74235916137695,32.75390268431767,32.52073549771646,32.661558023380536,66328400
2017-04-18,32.59691619873047,32.7908346889943,32.57613997247114,32.64539758259062,58790000
2017-04-19,32.47686767578125,32.78159973031379,32.423771704796266,32.75389809720652,69313600
2017-04-20,32.883174896240234,32.99398494389246,32.58767908744237,32.60152990307541,93278400
2017-04-21,32.84393310546875,32.93858152950958,32.74697386352734,32.883178261307776,69283600
2017-04-24,33.16020202636719,33.23176692273539,33.054006568067706,33.12788228211742,68537200
2017-04-25,33.36566925048828,33.45108497600299,33.21330320828219,33.222539435282336,75486000
2017-04-26,33.169429779052734,33.38182066395403,33.10017571070166,33.35180821927697,80164800
2017-04-27,33.19483184814453,33.280251089997954,33.08402179036965,33.224844299816404,56985200
2017-04-28,33.16251754760742,33.31257630802334,33.07479451864811,33.264094918328645,83441600
2017-05-01,33.83891677856445,33.9820465569213,33.46493070087719,33.49725044187994,134411600
2017-05-02,34.05361557006836,34.187512662605755,33.8989422534962,34.06054097807995,181408800
2017-05-03,33.949737548828125,34.0490076206691,33.30564982001212,33.61037839972,182788000
2017-05-04,33.82737350463867,33.96819598915599,33.66115668610716,33.825066209760145,93487600
2017-05-05,34.38835906982422,34.39297365997338,33.88047234638502,33.88047234638502,109310800
2017-05-08,35.32331848144531,35.48260987982308,34.404511464349625,34.404511464349625,195009600
2017-05-09,35.549564361572266,35.755026336086395,35.424899981815805,35.52185920907765,156521600
2017-05-10,35.38103103637695,35.53801513333868,35.1155477321782,35.46645025251574,103222800
2017-05-11,35.687042236328125,35.71486175851826,35.30687511293667,35.339328274550724,109020400
2017-05-12,36.18541717529297,36.25959427924951,35.85392818328043,35.86088217624112,130108000
2017-05-15,36.09270095825195,36.312919047116495,35.942026354589,36.16456126267978,104038800
2017-05-16,36.03938293457031,36.17614953767241,35.865526004045456,36.14833356066949,80194000
2017-05-17,34.829345703125,35.83076353031466,34.70417024329082,35.60590823681501,203070800
2017-05-18,35.360172271728516,35.54562033107779,35.033324002179796,35.06577714728135,134272800
2017-05-19,35.480716705322266,35.6939807515945,35.381040443999204,35.55489734948363,107843200
2017-05-22,35.69629669189453,35.833063258380626,35.44594235450977,35.69861351031507,91865600
2017-05-23,35.65226364135742,35.90725169611106,35.53867583458658,35.90725169611106,79675600
2017-05-24,35.545616149902344,35.73801817934661,35.39030443539057,35.661520731221025,76712000
2017-05-25,35.668487548828125,35.779758533636475,35.47376863110609,35.636034395874454,76942400
2017-05-26,35.608219146728516,35.75426010657202,35.53867566408264,35.69862461302962,87710400
2017-05-30,35.622108459472656,35.798282124297906,35.54329420445556,35.56415617717304,80507600
2017-05-31,35.41117858886719,35.73803046949931,35.323093482019345,35.69166932845386,97804800
2017-06-01,35.508522033691406,35.543295526640684,35.28598724217365,35.50620521567881,65616400
2017-06-02,36.034751892089844,36.034751892089844,35.44132070084321,35.60126967008821,111082800
2017-06-05,35.68239212036133,35.80293390712862,35.57344503933726,35.77743475102646,101326800
2017-06-06,35.80292510986328,36.118185718240646,35.64761339254073,35.675429360679935,106499600
2017-06-07,36.01620864868164,36.1576124586108,35.80989851981409,35.9350775185732,84278400
2017-06-08,35.928104400634766,36.055596613968014,35.79133430261688,35.98837351124916,85003200
2017-06-09,34.534934997558594,35.974471743082624,33.84878171909158,35.974471743082624,259530800
2017-06-12,33.70969772338867,33.86500948267044,33.035132016753906,33.78387837463687,289229200
2017-06-13,33.98091506958008,34.18027115410295,33.647109203669395,34.11304803197316,136661600
2017-06-14,33.64943313598633,34.19186595717574,33.34344321400546,34.19186595717574,126124800
2017-06-15,33.447750091552734,33.49179440836366,32.965590036801295,33.22289840705595,128661600
2017-06-16,32.97950744628906,33.49644115327569,32.96327909877355,33.329538187742344,201444400
2017-06-19,33.922969818115234,34.015695654119625,33.30172263396618,33.30172263396618,130165600
2017-06-20,33.61465835571289,34.04582370587389,33.59843354738136,34.04582370587389,99600400
2017-06-21,33.81401824951172,33.860382934814176,33.52193983260215,33.73288712449016,85063200
2017-06-22,33.75837326049805,34.00640725294083,33.640148310575654,33.79082640541002,76425200
2017-06-23,33.9090576171875,34.11305089394243,33.63784121266299,33.64247838816975,141757600
2017-06-26,33.80242156982422,34.37267026030625,33.70042494885919,34.115361889100086,102769600
2017-06-27,33.31793975830078,33.881238028549696,33.29244060142321,33.61465529080629,99047600
2017-06-28,33.804744720458984,33.86965103011628,33.1858144223585,33.494121161794965,88329600
2017-06-29,33.30634307861328,33.6424692374205,32.98181162398346,33.54510980103156,125997600
2017-06-30,33.38516616821289,33.6030674095259,33.32953067985804,33.48484243891286,92096400
2017-07-03,33.264625549316406,33.681882883841496,33.171903269256724,33.58452342864035,57111200
2017-07-05,33.401390075683594,33.563655824273084,33.08381257222072,33.30866780138332,86278400
2017-07-06,33.08613586425781,33.26462999119196,33.01195873773074,33.15336253283698,96515200
2017-07-07,33.4222526550293,33.55438561225656,33.125537127404115,33.125537127404115,76806800
2017-07-10,33.626243591308594,33.83255364767231,33.23448545866642,33.406025548221365,84362400
2017-07-11,33.735198974609375,33.809379630463184,33.468619759032514,33.54975087210322,79127200
2017-07-12,33.78387451171875,33.885867589830724,33.57061046945743,33.814007302855764,99538000
2017-07-13,34.25444030761719,34.42134318454011,33.714324544398146,33.72823252795388,100797600
2017-07-14,34.54884719848633,34.616073858148916,34.152455383178136,34.300813153683656,80528400
2017-07-17,34.66939163208008,34.9800151850504,34.439902733258485,34.497855047042286,95174000
2017-07-18,34.7899284362793,34.801519604796255,34.46307658459224,34.58593518919041,71475200
2017-07-19,35.00783157348633,35.100553852405646,34.75979399482843,34.882652606104216,83692000
2017-07-20,34.8502082824707,35.174743415150814,34.81543830335063,35.1191079114296,68974800
2017-07-21,34.8339729309082,34.87338007436318,34.51175825242053,34.76906663143788,105010400
2017-07-24,35.25586700439453,35.33700165449248,34.74820419505378,34.905836319982505,85972800
2017-07-25,35.40654373168945,35.661531767224204,35.18864248543714,35.18864248543714,75415600
2017-07-26,35.57344436645508,35.68239144541838,35.480718556415695,35.547945210835245,63124000
2017-07-27,34.90119171142578,35.69629908680656,34.14549501172972,35.640663606834835,129905200
2017-07-28,34.65549087524414,34.824710676412685,34.58363055709569,34.74589636212917,68854800
2017-07-31,34.47697830200195,34.847874404325744,34.33789491647606,34.748194617761186,79383600
2017-08-01,34.78297805786133,34.82238520521248,34.402811036036134,34.56275998166212,141474400
2017-08-02,36.42649841308594,37.03152058096427,36.19932638207736,36.92256997140216,279747200
2017-08-03,36.062557220458984,36.442724148827494,35.93506145911916,36.40563382968727,108389200
2017-08-04,36.25265121459961,36.48677730148422,36.09038543472271,36.17847408828248,82239600
2017-08-07,36.81361770629883,36.83911685924383,36.31754617029138,36.40795161489137,87481200
2017-08-08,37.1080207824707,37.5136869220667,36.68844665545762,36.76494412337966,144823600
2017-08-09,37.33518981933594,37.38387130849785,36.883162579094225,36.917932544832915,104526000
2017-08-10,36.145999908447266,37.235125628594886,35.985422861011024,37.211852254669694,163217200
2017-08-11,36.6486701965332,36.90233718028284,36.320538361530964,36.4438794270249,105028400
2017-08-14,37.20022201538086,37.28400119660953,36.94422908634365,37.07688093621345,88490800
2017-08-15,37.607479095458984,37.74710868888899,37.26770700451105,37.388722159631754,117862000
2017-08-16,37.456214904785156,37.81925687380376,37.270038534488236,37.68660856251723,110686400
2017-08-17,36.73710250854492,37.400354541802336,36.73244712399428,37.356137266116114,111762400
2017-08-18,36.653316497802734,37.118755437457374,36.47179559541881,36.73709564898126,109712400
2017-08-21,36.58584213256836,36.74408972257525,36.09712965562986,36.65332923983164,105474000
2017-08-22,37.18393325805664,37.235131848429745,36.77434808609071,36.8232172080712,86418400
2017-08-23,37.23047637939453,37.344510248792105,36.97448697912045,37.01870426625459,77596400
2017-08-24,37.065242767333984,37.40734078109702,36.897684411571745,37.33519473960121,79275600
2017-08-25,37.202545166015625,37.365448131007646,37.06524149202365,37.15367250100886,101920400
2017-08-28,37.57722854614258,37.70056963184427,37.21883842650392,37.26771109773419,103864000
2017-08-29,37.9123420715332,37.961211187597634,37.23512734077837,37.25840071577374,118067600
2017-08-30,38.014739990234375,38.14040698504185,37.8425262445174,38.11946307774369,109078400
2017-08-31,38.16600799560547,38.28702316158408,38.04499282962685,38.082228811623146,107140400
2017-09-01,38.17763900756836,38.38475924397722,38.07989723262444,38.35217865232924,66364400
2017-09-05,37.71918487548828,38.224185869992446,37.365450167215954,38.107826095654566,117874000
2017-09-06,37.67961883544922,37.93095634650661,37.35613884039739,37.86579516412337,86606800
2017-09-07,37.528343200683594,37.75641085470924,37.318897082760316,37.721500801043646,87714000
2017-09-08,36.91628646850586,37.502736909548986,36.89301310374294,37.43524983336355,114446000
2017-09-11,37.58420944213867,37.71220591205249,37.209530803492086,37.35148987902946,126323200
2017-09-12,37.43525314331055,38.156684902545834,36.94887031550586,37.84251220555239,286856000
2017-09-13,37.15367126464844,37.22581730126111,36.7487415581457,37.20486984494482,179629600
2017-09-14,36.8348388671875,37.09548354744911,36.79062159799653,37.00007125979313,95042800
2017-09-15,37.20720672607422,37.46087021016209,36.76969278946842,36.87907127361987,196458400
2017-09-18,36.92560577392578,37.35148292120562,36.769684121809895,37.26072245054061,113077600
2017-09-19,36.939571380615234,37.18160168941418,36.872084276845705,37.12109233670527,83242400
2017-09-20,36.320533752441406,36.830186470137654,35.799240798625455,36.74640730882827,211805600
2017-09-21,35.69684982299805,36.25770476231295,35.54790946058853,36.25770476231295,150046800
2017-09-22,35.34775924682617,35.436193779476454,35.03824193356741,35.266306014014894,186581600
2017-09-25,35.03593063354492,35.333811387669186,34.712450585659106,34.90560824749289,177549200
2017-09-26,35.638668060302734,35.82018900645393,35.30122545789439,35.32216936298457,146640000
2017-09-27,35.8923225402832,36.00635635792153,35.73174553926787,35.79225487357351,102016800
2017-09-28,35.67124938964844,35.90396892040085,35.53627163568985,35.81320844544814,88022000
2017-09-29,35.866729736328125,35.869059204079036,35.373365511571414,35.654957681052196,105199200
2017-10-02,35.794586181640625,35.94352652149234,35.54092277566186,35.899309247767675,74795200
2017-10-03,35.95050811767578,36.09246715768579,35.81785984643047,35.84112966630654,64921200
2017-10-04,35.717803955078125,35.80623854123986,35.480432514885095,35.752714026414296,80655200
2017-10-05,36.16229248046875,36.17392916873495,35.85044912063934,35.88070024890902,85135200
2017-10-06,36.14134979248047,36.18556707877376,35.9691360329747,36.064551908552986,69630400
2017-10-09,36.267005920410156,36.474126132756396,36.185556226261895,36.260024619512244,65051600
2017-10-10,36.28097915649414,36.769691668700844,36.094806343290436,36.318215139542396,62468000
2017-10-11,36.4322395324707,36.53230721599602,36.24606321665989,36.29726179228331,67622400
2017-10-12,36.30424499511719,36.62306960009468,36.24140973064828,36.38569824724422,64500400
2017-10-13,36.53463363647461,36.60212072543048,36.3996559075453,36.47412429704772,65576800
2017-10-16,37.20720672607422,37.235131938702196,36.68823951794495,36.74641941159917,96486000
2017-10-17,37.34449768066406,37.43758405834157,37.05592422823548,37.18392066080533,75989200
2017-10-18,37.17927169799805,37.40035809744781,37.142039271107095,37.33286744361,65496800
2017-10-19,36.299591064453125,36.55558396623373,36.07618230564295,36.47878609569955,170336800
2017-10-20,36.362430572509766,36.71150990600586,36.29494346381537,36.446209754589574,95896400
2017-10-23,36.343814849853516,36.69754959082178,36.18789316395103,36.51137322446907,87937200
2017-10-24,36.56024169921875,36.63471010659891,36.35079197948656,36.371735886154255,71028800
2017-10-25,36.39965057373047,36.66495060867652,36.13435053878442,36.51601030047903,84828400
2017-10-26,36.63238525390625,36.73012703888052,36.48577080093559,36.59049388833527,68002000
2017-10-27,37.94491958618164,38.072916036230644,36.93258822336097,37.069891892041646,177816800
2017-10-30,38.79899978637695,39.11317256791725,38.10084120608133,38.140403099509236,178803200
2017-10-31,39.33890151977539,39.48086055249378,38.850192715266076,39.073601439893864,144187200
2017-11-01,38.83857727050781,39.54837282227368,38.54069644075355,39.53208074437138,134551200
2017-11-02,39.12247848510742,39.21323895548593,38.46388182014831,38.7710732897482,165573600
2017-11-03,40.14410400390625,40.55368894610176,39.82295003554959,40.493183169157604,237594400
2017-11-06,40.55138397216797,40.723597727661854,39.962603760125596,40.11387005611356,140105200
2017-11-07,40.681697845458984,40.78409500021298,40.40010922090348,40.47225170238434,97446000
2017-11-08,41.01448440551758,41.01448440551758,40.569989325102334,40.646787183316825,97638000
2017-11-09,40.93070983886719,40.9819084167544,40.293057083101544,40.75151481626194,117930400
2017-11-10,40.795257568359375,40.9610840243685,40.701836521792075,40.8980228578541,100582000
2017-11-13,40.63176345825195,40.75554793191091,40.498634742929674,40.521991783303974,67928400
2017-11-14,40.017520904541016,40.51733106061269,39.980151054943036,40.414565756110754,99130000
2017-11-15,39.48967361450195,39.77928451865942,39.32618502497111,39.69753844200202,116632400
2017-11-16,39.961456298828125,40.1412919576405,39.774610677253996,39.98013765358011,94550000
2017-11-17,39.739566802978516,40.02917763400583,39.620454481494164,39.94743157799027,87598000
2017-11-20,39.69986343383789,39.835326394556844,39.60177030306551,39.7722652519949,65049600
2017-11-21,40.43790054321289,40.568691381024394,39.88670803830507,39.88670803830507,100525200
2017-11-22,40.86298370361328,40.87232438112121,40.41689062220264,40.48929245518663,102355600
2017-11-24,40.865325927734375,40.989110420539795,40.790586238003414,40.89568937216065,56106800
2017-11-27,40.6597785949707,40.89100040556646,40.484611528581425,40.88399400801354,82867200
2017-11-28,40.42155838012695,40.8419565345033,40.138953913985674,40.70883140262639,105715200
2017-11-29,39.58308029174805,40.38651371324103,39.041232082418645,40.31878402349336,166665600
2017-11-30,40.13662338256836,40.20435309391894,39.34019610378886,39.80497053343879,166108800
2017-12-01,39.94976806640625,40.09457169512323,39.35419935159291,39.692854953731334,159037200
2017-12-04,39.6578369140625,40.3164634359694,39.61813279428302,40.28376571592841,130169600
2017-12-05,39.62044906616211,40.059535590399356,39.330838274718865,39.48498612647652,109400800
2017-12-06,39.47332000732422,39.75125237053263,38.87775473048756,39.12065153613966,114240000
2017-12-07,39.54573440551758,39.80731618867309,39.449975515689395,39.47800111708906,102693200
2017-12-08,39.557395935058594,39.93809352249656,39.428942929726325,39.81898119319847,93420800
2017-12-11,40.32814407348633,40.37952671678825,39.42194497938085,39.51770386587847,141095200
2017-12-12,40.1015739440918,40.262728192300656,40.04552277169399,40.206673456120264,77636800
2017-12-13,40.234710693359375,40.5313243770046,40.17164954795385,40.28842759896534,95273600
2017-12-14,40.22303009033203,40.435566987462984,40.089901408464364,40.265068475900904,81906000
2017-12-15,40.63176345825195,40.67847397521654,40.279094956817715,40.55235522303376,160677200
2017-12-18,41.2039680480957,41.386141526801474,40.83962109068416,40.84429321069244,117684400
2017-12-19,40.76487731933594,40.96340141618116,40.659777794328534,40.87932108341863,109745600
2017-12-20,40.72050857543945,40.970411756114494,40.46359543289187,40.84195518484071,93902400
2017-12-21,40.87464904785156,41.11054297391652,40.662115719522824,40.67846279226364,83799600
2017-12-22,40.87464904785156,40.970407897763415,40.75553672776954,40.797575112345655,65397600
2017-12-26,39.837677001953125,40.047876126138675,39.629808592684284,39.891393922350005,132742000
2017-12-27,39.84468078613281,39.88671918269649,39.63681595429407,39.727902710632755,85992800
2017-12-28,39.956787109375,40.13662634516373,39.8166519919685,39.93810218946852,65920800
2017-12-29,39.52470016479492,39.84233662230938,39.522365886617536,39.82598954750075,103999600
2018-01-02,40.23237991333008,40.2417241547698,39.531711484275874,39.74191415126249,102223600
2018-01-03,40.22536087036133,40.76721266246271,40.162303297491356,40.29542840399965,118071600
2018-01-04,40.41221618652344,40.514981452143,40.19033857963591,40.297772401850075,89738400
2018-01-05,40.872318267822266,40.958732886034994,40.4168845770232,40.50797131518301,94640000
2018-01-08,40.72050857543945,41.01478798653484,40.6224118746243,40.72050857543945,82271200
2018-01-09,40.71585464477539,40.886349680750854,40.50098335855503,40.76723729623949,86336000
2018-01-10,40.70649719238281,40.70883503455394,40.405211346362094,40.44258118326222,95839600
2018-01-11,40.937721252441406,40.98676961148585,40.753213463964485,40.77656694044623,74670800
2018-01-12,41.360469818115234,41.423530994877446,41.02414829376354,41.14793280428395,101672400
2018-01-16,41.150264739990234,41.89764381804615,41.138586218001876,41.549643819986485,118263600
2018-01-17,41.82991409301758,41.86494609519848,40.88868295405535,41.140920497326974,137547200
2018-01-18,41.867271423339844,42.06346128496343,41.63138101025512,41.892962740708185,124773600
2018-01-19,41.68043518066406,41.9420169476055,41.43520049226432,41.715467180242186,129700400
2018-01-22,41.33943557739258,41.52160907619025,41.246014549623844,41.40950313011101,108434400
2018-01-23,41.34877395629883,41.909310783105305,41.297394888530555,41.40950082837842,130756400
2018-01-24,40.69016647338867,41.40952008586623,40.45193812211329,41.39784156166724,204420400
2018-01-25,39.96378707885742,40.86064170736339,39.82832410416899,40.757876446304344,166116000
2018-01-26,40.05720901489258,40.171652797102226,39.71855335232489,40.171652797102226,156572000
2018-01-29,39.22809600830078,39.74191887120787,39.02023115887901,39.74191887120787,202561600
2018-01-30,38.996864318847656,39.09028533816567,38.466690946570125,38.66054294724928,184192800
2018-01-31,39.10430908203125,39.34020310209103,38.8871035476071,38.97351819285742,129915600
2018-02-01,39.186058044433594,39.382244392587005,38.94782972808462,39.04358862317785,188923200
2018-02-02,37.48575210571289,38.9571561721517,37.3923310960717,38.77031058908623,346375200
2018-02-05,36.549198150634766,38.275177718301975,36.43475436997214,37.158779760529875,290954000
2018-02-06,38.076656341552734,38.237810644644064,35.967644731061384,36.16149675044778,272975200
2018-02-07,37.26153564453125,38.163062260948806,37.15176756499472,38.090660445947215,206434400
2018-02-08,36.23622131347656,37.6025256911204,36.20819572666382,37.43669932031879,217562000
2018-02-09,36.6794548034668,37.02652618717998,35.23253859813122,36.8342311855885,282690400
2018-02-12,38.15685272216797,38.43357083958652,36.937406518800216,37.169571058398745,243278000
2018-02-13,38.53911209106445,38.63526140008167,37.90828388171339,37.97863712192877,130196800
2018-02-14,39.249671936035156,39.28953793684467,38.196731451859186,38.234250078417645,162579600
2018-02-15,40.567604064941406,40.59105275486671,39.63191438389785,39.81717442105685,204588800
2018-02-16,40.43627166748047,40.99675003968103,40.28149888137807,40.41985794427395,160704400
2018-02-20,40.30026626586914,40.865428738385795,40.19942580241765,40.347167225893934,135722000
2018-02-21,40.11735153198242,40.832599250578035,40.10327802296101,40.53008500542689,149886400
2018-02-22,40.45268630981445,40.79272266748071,40.26742630638958,40.28853119697347,123967600
2018-02-23,41.15621566772461,41.19139048910668,40.696577724555915,40.72706495529602,135249600
2018-02-26,41.96995544433594,42.06844851198474,41.32271375193818,41.35554477448778,152648800
2018-02-27,41.833946228027344,42.32406784199246,41.7800103071155,42.00044873820776,155712400
2018-02-28,41.7706298828125,42.35690081010692,41.75421615757141,42.037969282526205,151128400
2018-03-01,41.03895568847656,42.15990516330248,40.490207082637184,41.869113560517185,195208000
2018-03-02,41.322723388671875,41.34382828416562,40.4409695860293,40.523048950701295,153816000
2018-03-05,41.46577072143555,41.68151798734125,40.92640076751445,41.08821211152215,113605600
2018-03-06,41.43059539794922,41.80111907072272,41.30396244619029,41.7213870796777,95154000
2018-03-07,41.045989990234375,41.23828852566568,40.86776495945233,41.02488510072984,126814000
2018-03-08,41.493900299072266,41.53611007662612,41.05537091124757,41.151516597335615,95096400
2018-03-09,42.20680618286133,42.211497351161306,41.59943049643695,41.733101955639185,128740800
2018-03-12,42.61486053466797,42.77198071041247,42.26075419037637,42.27951171073103,128828400
2018-03-13,42.20447540283203,43.03228973656736,42.033285279377445,42.81888624202116,126774000
2018-03-14,41.84566879272461,42.333446569678834,41.69792739335634,42.286545617307205,117473600
2018-03-15,41.89492416381836,42.26779523875993,41.75891244094542,41.8597493351985,90975200
2018-03-16,41.7471809387207,42.00513799817259,41.65337544393605,41.894918778246705,157618800
2018-03-19,41.10930633544922,41.61818892484768,40.72471286068983,41.58301411063388,133787200
2018-03-20,41.09525680541992,41.46108936805779,41.02490356376313,41.09525680541992,78597600
2018-03-21,40.16424560546875,41.06006563057241,40.16189823187742,41.04833949755598,148219600
2018-03-22,39.596736907958984,40.494900752679506,39.538109819601516,39.866420083077934,165963200
2018-03-23,38.6798095703125,39.847660204185324,38.6798095703125,39.48886269872853,164115200
2018-03-26,40.51600646972656,40.593394650495185,39.03156826403004,39.41381799919569,150164800
2018-03-27,39.47712707519531,41.07412805446802,39.144125712586984,40.72940056098567,163690400
2018-03-28,39.04095458984375,39.87111626930547,38.7384403503099,39.22152704663509,166674000
2018-03-29,39.3458137512207,40.27681225973409,39.139445242034746,39.35284871600534,153594000
2018-04-02,39.087867736816406,39.61785913761096,38.56960605280243,39.07848897303303,150347200
2018-04-03,39.48886489868164,39.57328805633437,38.66574179530286,39.31298361843127,121112000
2018-04-04,40.243988037109375,40.33778996897688,38.63995138530053,38.66574745331124,138422000
2018-04-05,40.52304458618164,40.85838981728814,40.354198283789394,40.47145246165548,107732800
2018-04-06,39.48652648925781,40.44800880545494,39.44431311551647,40.09390240110896,140021200
2018-04-09,39.87814712524414,40.59105096146025,39.83124616915198,39.83828113365013,116070800
2018-04-10,40.628570556640625,40.80445181446158,40.22521591910616,40.5699434707003,113634400
2018-04-11,40.43861389160156,40.785685191415006,40.26507645253841,40.38936557162659,89726400
2018-04-12,40.8372802734375,41.0389575795323,40.579319680183765,40.666090195176274,91557200
2018-04-13,40.97564697265625,41.23595140956656,40.7692820378696,40.98737310695765,100497200
2018-04-16,41.23125076293945,41.31801768833088,40.99908625921456,41.04598720325553,86313600
2018-04-17,41.79878234863281,41.96293752806813,41.36963150776399,41.38839261088725,106421600
2018-04-18,41.70497512817383,41.93479594830305,41.479849056526675,41.697940162079504,83018000
2018-04-19,40.52304458618164,41.13042036873271,40.49021355951167,40.748170603828946,139235200
2018-04-20,38.862728118896484,40.152524178994675,38.79471868641738,40.00713013182585,261964400
2018-04-23,38.75015640258789,39.14412866582664,38.48046968538976,39.12302377564878,146062000
2018-04-24,38.21078872680664,39.0057718403514,37.80743410382036,38.85099548025622,134768000
2018-04-25,38.37729263305664,38.792373442463585,38.08650454957621,38.135749302540106,113528400
2018-04-26,38.51095962524414,38.86506592809909,38.311626106242954,38.48750736007461,111852000
2018-04-27,38.06540298461914,38.53676355292393,37.66908323921262,38.45937535604153,142623200
2018-04-30,38.754844665527344,39.22386131751476,37.952826620026435,38.02083603841994,169709600
2018-05-01,39.655372619628906,39.678821313082864,38.757205001282635,39.024544439194806,214277600
2018-05-02,41.40714645385742,41.68386462519915,40.75755723807973,41.09290250453425,266157600
2018-05-03,41.482181549072266,41.62523178453475,40.907636811934324,41.24532940570239,136272800
2018-05-04,43.109683990478516,43.20817709910858,41.78236545254622,41.80112655585403,224805200
2018-05-07,43.421566009521484,44.010180667150244,43.32541672929725,43.42625360003483,169805600
2018-05-08,43.63028335571289,43.67014934958215,43.072152284915745,43.38170505375531,113611200
2018-05-09,43.93749237060547,43.946871131806425,43.43564455597334,43.74754114603787,92844800
2018-05-10,44.56596374511719,44.64335192738503,44.00548895079558,44.026597421096504,111957200
2018-05-11,44.3964729309082,44.74252983037608,44.12810264072007,44.60834648133808,104848800
2018-05-14,44.292884826660156,44.61775540501517,44.22461674459871,44.49533983182012,83115200
2018-05-15,43.890342712402344,44.038653857301725,43.574890568370826,43.9703821652857,94780800
2018-05-16,44.29994583129883,44.36586467071861,43.78674803552611,43.80322864340894,76732400
2018-05-17,44.01980972290039,44.47180154910727,43.8714986140111,44.2575751900698,69176000
2018-05-18,43.8597297668457,44.21284873798185,43.81735721452309,44.06689404605473,73190800
2018-05-21,44.17048263549805,44.556559289964575,44.000985217233485,44.25758417828784,73603200
2018-05-22,44.05982971191406,44.46473973224768,43.970371760969364,44.347033414525384,60962800
2018-05-23,44.34231948852539,44.37527711033402,43.73024526395209,43.86914143424903,80233600
2018-05-24,44.292884826660156,44.455320115837665,43.83618734256598,44.43884309966214,92936000
2018-05-25,44.39411544799805,44.64600510130118,44.17517982802782,44.311719588330504,69844000
2018-05-29,44.234031677246094,44.43413384930617,43.99155695605987,44.16341076203586,90056400
2018-05-30,44.139862060546875,44.257568359375,43.97036470286548,44.191653119400144,74762000
2018-05-31,43.99155807495117,44.31171940312337,43.819707856715965,44.073953934274336,109931200
2018-06-01,44.7849006652832,44.78960633163015,44.19872191503412,44.255222240202905,93770000
2018-06-04,45.159210205078125,45.53351546579196,45.0462131360557,45.1144812257264,105064800
2018-06-05,45.50761795043945,45.65592906665708,45.28397665552099,45.451121214441805,86264000
2018-06-06,45.665348052978516,45.688890756479125,45.18039853460859,45.58295577495082,83734400
2018-06-07,45.542938232421875,45.71714131505994,45.27927359062222,45.70301712912846,85388800
2018-06-08,45.12861251831055,45.19923704461529,44.674267745149045,45.00384407842098,106627200
2018-06-11,45.01795196533203,45.19215858819263,44.77783369179471,45.04620392089214,73234000
2018-06-12,45.2651481628418,45.34283477544598,44.99913069472254,45.055631029010755,67644400
2018-06-13,44.89319610595703,45.406397601947454,44.83199010402392,45.298106191637146,86553600
2018-06-14,44.9167366027832,45.09800535821275,44.78019682784647,45.093296099183995,86440400
2018-06-15,44.45532989501953,44.766076358692345,44.318790108749276,44.73547156063329,246876800
2018-06-18,44.43178176879883,44.54477882716092,44.06924430139088,44.22932676017291,73939600
2018-06-19,43.71377944946289,43.86444341520715,43.18645377330186,43.5843017620001,134314000
2018-06-20,43.904457092285156,44.06924522085797,43.72318835479916,43.869146633345196,82514800
2018-06-21,43.659629821777344,44.33997220811124,43.53721424311076,44.08101686710727,102847600
2018-06-22,43.53252410888672,43.822080777679254,43.48073301793347,43.815018682741396,108801600
2018-06-25,42.8851203918457,43.532505154775784,42.546125613973516,43.174676934564935,126652400
2018-06-26,43.417144775390625,43.91151267999617,42.97221509809014,43.07815364344223,98276800
2018-06-27,43.353599548339844,44.08808595262717,43.32299475079041,43.60548924535381,101141200
2018-06-28,43.6690559387207,43.836200536589885,43.268855066330175,43.33947959489621,69460800
2018-06-29,43.57724380493164,44.06690263809954,43.05933659804087,43.85502905884016,90950800
2018-07-02,44.06453323364258,44.092785191156864,43.17938306061224,43.273550265473915,70925200
2018-07-03,43.29709243774414,44.24580509220455,43.20763448482043,44.208138207593315,55819200
2018-07-05,43.645503997802734,43.883273073933445,43.381842978525576,43.61254637039309,66416800
2018-07-06,44.25052261352539,44.35881043686303,43.598428471363974,43.65021954934719,69940800
2018-07-09,44.86494827270508,44.88848738506367,44.56362033446113,44.610702151290674,79026400
2018-07-10,44.810791015625,45.02972301512193,44.77076771152323,44.89553969751991,63756400
2018-07-11,44.22933578491211,44.67661844327326,44.165773355065014,44.375290498082336,75326000
2018-07-12,44.97088623046875,45.06034420283532,44.56597611317417,44.61776719274296,72164400
2018-07-13,45.041500091552734,45.16155924279147,44.94027079014177,44.98264693253363,50055600
2018-07-16,44.94264602661133,45.352261885881234,44.82729249349138,45.086247938408306,60172400
2018-07-17,45.06975173950195,45.16862462279862,44.54007326976923,44.66955094745963,62138000
2018-07-18,44.82258224487305,45.152162221330066,44.711937974676225,45.147452960949956,65573600
2018-07-19,45.17097854614258,45.32870458400602,44.65542428942272,44.65542428942272,81147200
2018-07-20,45.0673942565918,45.30045046027843,44.76841921206279,45.147433688320305,82704800
2018-07-23,45.107421875,45.189817746404486,44.62482518272859,44.88848622384331,63957600
2018-07-24,45.434654235839844,45.59002749067055,45.21101287382696,45.30517652348092,74791600
2018-07-25,45.86309814453125,45.870160237270106,45.30045841417882,45.448769545919404,66839600
2018-07-26,45.71949005126953,46.13146216817286,45.578241031486534,45.813653669717006,76304000
2018-07-27,44.9591064453125,45.95019527251233,44.751945758003224,45.903113461401674,96096000
2018-07-30,44.70722198486328,45.24631543024671,44.50947619991051,45.17569090930291,84118000
2018-07-31,44.79667663574219,45.23219152416159,44.57303531146427,44.799033061459376,157492000
2018-08-01,47.43564224243164,47.49684822958433,46.449262804191136,46.87771549059434,271742800
2018-08-02,48.822227478027344,49.05528728580015,47.16492406575627,47.21906796740019,249616000
2018-08-03,48.9634895324707,49.14004906023397,48.37260134727077,48.73749175640409,133789600
2018-08-06,49.21772766113281,49.260100216675234,48.74690233050748,48.9658343850344,101701600
2018-08-07,48.756309509277344,49.318945546288,48.67391365266562,49.27657299747852,102349600
2018-08-08,48.78927230834961,48.9211028192217,48.14659677179215,48.50677784332198,90102000
2018-08-09,49.172996520996094,49.384866473630254,48.77750139273708,49.32601330988609,93970400
2018-08-10,49.02653884887695,49.39743474598381,48.823373747053296,48.98637876656086,98444800
2018-08-13,49.34308624267578,49.83446227625625,49.06668789966988,49.44703165810567,103563600
2018-08-14,49.55098342895508,49.74233587521669,49.19898706423124,49.6478419970933,82992000
2018-08-15,49.66673278808594,49.78485191739147,49.21551684900846,49.42576875498392,115230400
2018-08-16,50.39433670043945,50.5100911163555,49.957294569943286,50.0234409803836,114001600
2018-08-17,51.40070724487305,51.48811422410156,50.356534848545735,50.422681255211984,141708000
2018-08-20,50.89989471435547,51.77869768428093,50.81720988532367,51.523563547511685,121150800
2018-08-21,50.8006706237793,51.30858501340553,50.56207129400101,51.216452242034755,104639200
2018-08-22,50.80304718017578,51.11251877669157,50.51719725085432,50.57862151592245,76072400
2018-08-23,50.9069938659668,51.27552504663343,50.696741917780805,50.70855094931436,75532800
2018-08-24,51.06526565551758,51.24007966949176,50.81721474938912,51.16921107177788,73905600
2018-08-27,51.48575973510742,51.67475103752438,51.105416045700416,51.29912951726357,82100400
2018-08-28,51.90155792236328,52.09999724503598,51.71729232206568,51.738552905628325,91107200
2018-08-29,52.67641830444336,52.7969021517309,51.83304939698359,52.007863442521426,109019200
2018-08-30,53.16068649291992,53.92373493613474,52.53937881923874,52.7401827486312,195175200
2018-08-31,53.77490997314453,54.06784307418902,53.38984050098003,53.51032070176032,173360400
2018-09-04,53.94737243652344,54.14108594690396,53.53868123150636,53.95918507117456,109560400
2018-09-05,53.59538650512695,54.25685452207199,53.17724727411682,54.09621419473242,133332000
2018-09-06,52.70476150512695,53.70877419122638,52.279531881836945,53.44418486745145,137160000
2018-09-07,52.279518127441406,53.241005795895745,52.14013844458319,52.409449867694455,150479200
2018-09-10,51.577903747558594,52.40946349671516,51.13850040561501,52.19684688336243,158066000
2018-09-11,52.881935119628906,52.98824161403199,51.15975621240195,51.50230096312733,142996000
2018-09-12,52.22519302368164,53.15360764020319,51.93461737319087,53.139433921586026,197114800
2018-09-13,53.486698150634766,53.94500089042822,52.57954421881991,52.80396981483061,166825600
2018-09-14,52.87957000732422,53.58828477062552,52.56773738592069,53.33078593842304,127997200
2018-09-17,51.471588134765625,52.66931411966583,51.327482666276865,52.480322809477535,148780400
2018-09-18,51.55663299560547,52.40945315642441,51.29204372483906,51.450322907548866,126286800
2018-09-19,51.58734893798828,51.88264677017388,50.86209933658958,51.61806106604274,108495200
2018-09-20,51.97951126098633,52.51104741962864,51.77162040987671,52.02912288853213,106435200
2018-09-21,51.41961669921875,52.29369747504303,51.33220609833967,52.15667886190373,384986800
2018-09-24,52.1590461730957,52.27007844864043,51.17629770710372,51.221183555265625,110773600
2018-09-25,52.48977279663086,52.63860403474346,51.90153830739901,51.913350939817505,98217600
2018-09-26,52.07163619995117,52.85831002869763,51.91571808512725,52.20865482164101,95938800
2018-09-27,53.14179992675781,53.493796258750265,52.80870308957469,52.87485312376238,120724800
2018-09-28,53.32843017578125,53.35205184075627,52.92210004922642,53.10400092790325,91717600
2018-10-01,53.68751907348633,54.19779470761167,53.472544942795494,53.85052409033559,94403200
2018-10-02,54.16469955444336,54.334791363610535,53.53866970452893,53.68513624948041,99152800
2018-10-03,54.823814392089844,55.15454651217673,54.28282676137159,54.34661210049897,114619200
2018-10-04,53.85997009277344,54.88996920159424,53.562307534511866,54.51907334874778,128168000
2018-10-05,52.98588562011719,53.95918984709933,52.10944356396356,53.852883335249984,134322000
2018-10-08,52.863033294677734,53.10635839957943,52.0196610265491,52.494502207825064,118655600
2018-10-09,53.59538650512695,53.689883995953785,52.503966620229605,52.83233774084261,107564000
2018-10-10,51.11251449584961,53.47253621494058,51.03928120567304,53.262284289555225,167962400
2018-10-11,50.66130828857422,51.8543125557885,50.15812310540931,50.677846701655014,212497600
2018-10-12,52.47087860107422,52.652783065490866,51.225901996474846,52.071635376118714,161351600
2018-10-15,51.348758697509766,52.404744221133875,51.32749811495075,52.24646498756588,123164000
2018-10-16,52.48031997680664,52.6787628243834,51.20699609467612,51.719632607771864,116736000
2018-10-17,52.253543853759766,52.59608862651848,51.816501609567986,52.51576847933284,91541600
2018-10-18,51.032196044921875,51.91100276572367,50.31875540497844,51.46687363023819,130325200
2018-10-19,51.809410095214844,52.270073962346146,51.36528103115512,51.5141122823474,132314800
2018-10-22,52.1259651184082,52.766172321422964,51.72199975513701,51.922800092090434,115168400
2018-10-23,52.61735153198242,52.74019644792127,50.720358416207795,50.987308828331614,155071200
2018-10-24,50.81249237060547,52.97171017320504,50.68256059159632,52.586644215954536,163702000
2018-10-25,51.9251708984375,52.298427786327714,51.20464347576049,51.431433794182205,119423200
2018-10-26,51.09833908081055,52.01730581697299,50.240792997824286,51.003841608951056,189033600
2018-10-29,50.13920593261719,51.899180119940304,48.68633857706264,51.78106099858024,183742000
2018-10-30,50.389617919921875,50.83374336526925,49.43757808963061,49.88170353497799,146640000
2018-10-31,51.70310974121094,52.07872773863771,51.17393470003853,51.23535895942081,153435600
2018-11-01,52.49686050415039,52.52993371263148,51.21881079657871,51.747985736985505,233292800
2018-11-02,49.01471710205078,50.47230685045314,48.530427909312415,49.50373206968647,365314800
2018-11-05,47.623268127441406,48.284735950815005,46.815333742036444,48.26347537336716,264654800
2018-11-06,48.13827133178711,48.362696958228696,47.64689531758217,47.70122910815629,127531600
2018-11-07,49.59822463989258,49.62421099408189,48.223319767020705,48.65799732372377,133697600
2018-11-08,49.42517852783203,49.81158807286182,49.01268833706429,49.77839945640611,101450400
2018-11-09,48.4721794128418,48.83725414465748,47.94590026761649,48.72820739840714,137463200
2018-11-12,46.03042984008789,47.37694685707779,45.9403449234574,47.17544226481076,204542000
2018-11-13,45.57052993774414,46.743988758610655,45.38562145044577,45.42829458759235,187531600
2018-11-14,44.283294677734375,46.1039337207125,44.07704775470096,45.9664369777863,243204000
2018-11-15,45.37614059448242,45.5088950350297,44.30698624887807,44.66021072748847,185915200
2018-11-16,45.878719329833984,46.2200900127269,44.913876541520615,45.16042002511673,147713200
2018-11-19,44.060447692871094,45.207829618939165,43.854204422517,45.04188654984463,167701200
2018-11-20,41.955326080322266,43.01973815578726,41.60684386740584,42.28484285652294,271300800
2018-11-21,41.90791702270508,42.735266618961745,41.85339364940584,42.607250817126655,124496800
2018-11-23,40.843505859375,41.8652485061949,40.79846701261189,41.47172379819083,94496000
2018-11-26,41.3958740234375,41.474105123012755,40.36228084364672,41.30579268655663,179994000
2018-11-27,41.3057746887207,41.43141753463873,40.50924447872487,40.65859140621429,165549600
2018-11-28,42.894100189208984,42.97706991484424,41.46935188841063,41.89606521990837,184250000
2018-11-29,42.564579010009766,43.335032251064035,42.12601187203321,43.30184364075627,167080000
2018-11-30,42.334632873535156,42.74949235818661,41.96718517795777,42.74000782999921,158126000
2018-12-03,43.81389617919922,43.842342523740484,42.958100347142334,43.72855352828848,163210000
2018-12-04,41.88658142089844,43.237837196394814,41.787015586628954,42.896466554735234,165377200
2018-12-06,41.41957092285156,41.43379409773715,40.40020118769581,40.717864151099256,172393600
2018-12-07,39.94266891479492,41.36504416362529,39.89762645314932,41.12798162215356,169126400
2018-12-10,40.205810546875,40.32196888310216,38.71942732261499,39.11532135314505,248104000
2018-12-11,39.97585678100586,40.724971648959276,39.589443688075356,40.69415597889754,189126800
2018-12-12,40.087276458740234,40.75579093217634,40.06831102170334,40.39545486304984,142510800
2018-12-13,40.52585983276367,40.90990379062537,40.193973565267406,40.41681303799591,127594400
2018-12-14,39.22910690307617,40.08253346781374,39.1816951199879,40.063568031120994,162814800
2018-12-17,38.86402893066406,39.90947548035415,38.57718169854426,39.22199202280071,177151600
2018-12-18,39.368980407714844,39.71508971376303,38.97071343268076,39.205406665323395,135366000
2018-12-19,38.1410026550293,39.69613277653148,37.71428923942484,39.35239272020422,196189200
2018-12-20,37.17851638793945,38.43020623587975,36.815811012529885,38.02482772479942,259092000
2018-12-21,35.7324333190918,37.4938097578085,35.47166671241152,37.185627752379936,382978400
2018-12-24,34.80790328979492,35.92683909289453,34.75100696144994,35.12082405247148,148676800
2018-12-26,37.259124755859375,37.273347931699135,34.7818215521374,35.15638085749842,234330000
2018-12-27,37.017311096191406,37.16429231852565,35.575974156047664,36.94382229366778,212468400
2018-12-28,37.03628158569336,37.57915685691389,36.6380182335606,37.337352040383294,169165600
2018-12-31,37.394248962402344,37.77828914637844,37.09554782616534,37.58152679042015,140014000
2019-01-02,37.43690872192383,37.65737872294249,36.56214753787914,36.71860965250056,148158800
2019-01-03,33.70792770385742,34.54475829394252,33.66288523639479,34.132268116287044,365248800
2019-01-04,35.14689254760742,35.21564271315385,34.0895955946681,34.262650244247524,234428400
2019-01-07,35.06865310668945,35.282011522303684,34.58741653180372,35.2511922404592,219111200
2019-01-08,35.73717498779297,35.99083362118485,35.20852657958671,35.455070009455085,164101200
2019-01-09,36.344058990478516,36.63327559109025,35.471670542086514,35.865191626259296,180396400
2019-01-10,36.4602165222168,36.50051671678858,35.763252130392665,36.15203452087651,143122800
2019-01-11,36.10224533081055,36.43650431282502,35.91733687635287,36.2421149502893,108092800
2019-01-14,35.55938720703125,35.860457698224735,35.37447868293772,35.7608918481196,129756800
2019-01-15,36.28715896606445,36.36301708581701,35.571229196224785,35.62338323611761,114843600
2019-01-16,36.73047637939453,36.95331578127012,36.27057439974284,36.289539840039474,122278800
2019-01-17,36.948577880859375,37.375291294712916,36.332213658927785,36.55505308712287,119284800
2019-01-18,37.17615509033203,37.42744084338128,36.97701977635849,37.33735590651915,135004000
2019-01-22,36.34169387817383,37.15481678323688,36.18048944437783,37.078958639376545,121576000
2019-01-23,36.488670349121094,36.77788697397383,35.96239115421121,36.543193727393664,92522400
2019-01-24,36.199462890625,36.62143408279441,35.9718847914244,36.53372206719508,101766000
2019-01-25,37.398983001708984,37.48669859655838,36.58349094638172,36.85848072889009,134142000
2019-01-28,37.052879333496094,37.0599909210056,36.42703431164568,36.93197511125913,104768400
2019-01-29,36.66883850097656,37.48670730390051,36.53371471002909,37.041028491557945,166348800
2019-01-30,39.174583435058594,39.38793826706386,37.984528510908085,38.70045837079162,244439200
2019-01-31,39.45669174194336,40.06357129642498,39.011012986557645,39.37846066569241,162958400
2019-02-01,39.47565841674805,40.058830287377425,39.33578875751876,39.5799665216834,130672400
2019-02-04,40.59696578979492,40.69416231326555,39.65582708181052,39.68664637395677,125982000
2019-02-05,41.29154586791992,41.504904295289336,40.85772466190439,40.9786252386463,144406400
2019-02-06,41.3057746887207,41.62106827364478,40.97625793139639,41.40296757255128,112958400
2019-02-07,40.523468017578125,41.23465558231685,40.38122905771558,40.86957727340358,126966800
2019-02-08,40.57109069824219,40.630610517833716,40.09731162648508,40.23301855889848,95280000
2019-02-11,40.337764739990234,40.7615491383027,40.29491221963111,40.723455587227264,83973600
2019-02-12,40.685367584228516,40.71155645006401,40.402052662772235,40.497286553447424,89134000
2019-02-13,40.51632308959961,41.06390606505326,40.4544237953591,40.804400566797696,89960800
2019-02-14,40.66392517089844,40.773439560677936,40.32585316707472,40.404419733377416,87342800
2019-02-15,40.57347106933594,40.87821226167595,40.41395838528309,40.77107731063168,98507200
2019-02-19,40.69489288330078,40.816315650930065,40.352061743881706,40.404439480348884,75891200
2019-02-20,40.95677947998047,41.2639037947893,40.70917861976395,40.75679375063616,104457600
2019-02-21,40.72583770751953,41.03772095743167,40.54489877740289,40.90201766804449,68998800
2019-02-22,41.180572509765625,41.18771459739539,40.80202733418214,40.84964246264774,75652800
2019-02-25,41.48054122924805,41.87099100234358,41.41387933868056,41.463877573006464,87493600
2019-02-26,41.504356384277344,41.73529354904754,41.22818358043654,41.356748410721536,68280800
2019-02-27,41.63290023803711,41.6638516903601,41.12341099696412,41.23769160578765,111341600
2019-02-28,41.22341537475586,41.642437125778045,41.16865817149294,41.50197125824247,112861600
2019-03-01,41.6567268371582,41.69957935859273,41.1615215591532,41.49245157272372,103544800
2019-03-04,41.86623764038086,42.3185867630682,41.41864748708526,41.82814408844058,109744800
2019-03-05,41.7900505065918,41.90194804483561,41.554350741031215,41.8876638710685,78949600
2019-03-06,41.549591064453125,41.780528223893675,41.41150466571953,41.58530149826311,83241600
2019-03-07,41.06867218017578,41.53054652391406,40.95439515303267,41.39483960253065,99185600
2019-03-08,41.166290283203125,41.204383840899425,40.35443904470858,40.54966580330091,95997600
2019-03-11,42.59238052368164,42.64475825441138,41.74720201003653,41.78053296297351,128044000
2019-03-12,43.070919036865234,43.48993721924746,42.704274948579794,42.85426604222394,129870400
2019-03-13,43.261375427246094,43.63992050434659,43.073290814457465,43.389936603936654,124130000
2019-03-14,43.742305755615234,43.8303975608462,43.463753429758704,43.78277879788824,94318000
2019-03-15,44.311309814453125,44.59938731167194,43.744683657393075,44.00895177597191,156171600
2019-03-18,44.76366424560547,44.85175241081099,44.23274487113642,44.235127988769825,104879200
2019-03-19,44.408931732177734,44.994608411166446,44.263703213231885,44.84223780381357,126585600
2019-03-20,44.7969970703125,45.11364294068705,43.98038327138836,44.33750218240909,124140800
2019-03-21,46.44688415527344,46.74210375942547,45.189825893725065,45.23982413911908,204136800
2019-03-22,45.485042572021484,47.06588868608585,45.42076015573601,46.50640098152946,169630800
2019-03-25,44.935081481933594,45.70645597035694,44.42559200356954,45.59455842593482,175381200
2019-03-26,44.4708251953125,45.920730708925866,43.944672043567564,45.63027370922542,199202000
2019-03-27,44.870792388916016,45.17791299458407,44.41368070712132,44.937454282127696,119393600
2019-03-28,44.93031311035156,45.1302987940568,44.64699824203542,44.9850703167183,83121600
2019-03-29,45.22315979003906,45.254111259812014,44.88746712386078,45.194591438126565,94256000
2019-04-01,45.5302734375,45.63502524757183,44.849366691628894,45.62550367676558,111448000
2019-04-02,46.19213104248047,46.29688647998632,45.48503547211655,45.494557042435,91062800
2019-04-03,46.5087776184082,46.78256727145678,45.98500042210558,46.008809797501385,93087200
2019-04-04,46.58973693847656,46.75162911226927,45.98263402115057,46.37546339734885,76457200
2019-04-05,46.9016227722168,46.92543215567878,46.64687617382077,46.770678428779675,74106400
2019-04-08,47.63965606689453,47.670603896938765,46.744475824121956,46.76352259873422,103526800
2019-04-09,47.49680709838867,48.2943739839882,47.432524688138955,47.69203381366528,143072800
2019-04-10,47.763450622558594,47.792022598466595,47.18253676070273,47.301576367384655,86781200
2019-04-11,47.36585998535156,47.85392311180823,47.24444089123429,47.81821268200921,83603200
2019-04-12,47.346832275390625,47.64919402303287,46.713544057566324,47.4253988853828,111042800
2019-04-15,47.43252944946289,47.58014105940189,47.142072464719895,47.277779385224925,70146400
2019-04-16,47.43729782104492,47.942024745778596,47.273022532160425,47.487296069627796,102785600
2019-04-17,48.36104965209961,48.42056947744496,47.28493019267118,47.506342199211,115627200
2019-04-18,48.53483200073242,48.603873379039385,48.21580670422305,48.35865206262389,96783200
2019-04-22,48.69435119628906,48.79196456564161,48.172957030939074,48.28961717719952,77758000
2019-04-23,49.396690368652344,49.46097279452284,48.54436606939777,48.67054780323138,93292000
2019-04-24,49.320499420166016,49.63476214823507,49.294310556760166,49.36811454468543,70162400
2019-04-25,48.872920989990234,49.46335666793391,48.83482742810948,49.24194465100578,74172800
2019-04-26,48.63958740234375,48.80624213673832,48.12057279202839,48.78243276062449,74596400
2019-04-29,48.713401794433594,49.03718976166445,48.534842333816606,48.66340354702817,88818800
2019-04-30,47.77536392211914,48.42531927458395,47.403960863567825,48.34437319932044,186139600
2019-05-01,50.12043380737305,51.260831567980475,49.81330960741805,49.96806326588228,259309200
2019-05-02,49.79427719116211,50.62755462484601,49.55143895467689,49.95855246647943,127985200
2019-05-03,50.41328811645508,50.434714380027714,50.05140658953269,50.2085397880018,83569600
2019-05-06,49.634769439697266,49.72047812954347,48.44913559082613,48.63721663178776,129772400
2019-05-07,48.2967643737793,49.38240534277165,47.81346371111648,49.01576483871082,155054800
2019-05-08,48.30628204345703,48.88719603885827,48.03249233826774,48.06820277536153,105358000
2019-05-09,47.78727340698242,48.01582748157981,46.8206721107276,47.71108629358228,139634400
2019-05-10,47.12525177001953,47.52437848755979,46.07128168416476,47.182612149934656,164834800
2019-05-13,44.3863525390625,45.28497649247843,43.700434952267486,44.86195605399725,229722400
2019-05-14,45.08900833129883,45.3375626885166,44.31227095065522,44.55126706777633,146118800
2019-05-15,45.62913513183594,45.827502333135364,44.458055696511366,44.51780472171754,106178800
2019-05-16,45.42837905883789,45.99957959112661,45.132022582428725,45.38775015951254,132125600
2019-05-17,45.17027282714844,45.624364058228416,44.63492013264827,44.67554904096242,131516400
2019-05-20,43.7578010559082,44.05893851702306,43.086222506583134,43.860571289289304,154449200
2019-05-21,44.5966682434082,44.93126128361247,44.14257352108455,44.26685249892783,113459200
2019-05-22,43.6837043762207,44.38396480563618,43.62873629745547,44.133018185582294,118994400
2019-05-23,42.93804931640625,43.148363449235205,42.49590497882846,42.971508631637576,146118800
2019-05-24,42.77312088012695,43.53073787708317,42.689470808761115,43.067084983480726,94858800
2019-05-28,42.596275329589844,43.16030629063083,42.519798471322034,42.76118322768103,111792800
2019-05-29,42.39313507080078,42.863957742691476,42.06331924159227,42.16369717944017,113924800
2019-05-30,42.61300277709961,42.835267386171125,42.223437990733274,42.5293526884522,84873600
2019-05-31,41.84104919433594,42.53891737233829,41.8219290686219,42.118281900211706,108174400
2019-06-03,41.41802215576172,42.522182898713545,40.69386431177502,41.96771387923834,161584400
2019-06-04,42.93325424194336,42.97866407912439,41.7095955198849,41.92947146858037,123872000
2019-06-05,43.626338958740234,44.211882220098055,43.29174593521329,44.04219341380124,119093600
2019-06-06,44.26686096191406,44.32660999100133,43.53314113426265,43.75540941879875,90105200
2019-06-07,45.44510269165039,45.86812677005471,44.39830235170156,44.575157115158966,122737600
2019-06-10,46.02587890625,46.69267655873653,45.79644099815194,45.84185085004158,104883600
2019-06-11,46.55883026123047,46.843236207404864,46.2696470186837,46.570780795743644,107731600
2019-06-12,46.41065216064453,46.83606491698479,46.21945455574318,46.353291785136825,73012800
2019-06-13,46.401092529296875,47.03204210337555,46.269647588406826,46.53254111697809,86698400
2019-06-14,46.06410598754883,46.26725046842475,45.48095496613412,45.779700067531756,75046000
2019-06-17,46.338951110839844,46.59467867410405,45.92787754991537,46.10234367212921,58676400
2019-06-18,47.428775787353516,47.86852774049729,46.65443074959841,46.85518660036521,106204000
2019-06-19,47.2901611328125,47.77054566831844,47.156323888998976,47.72274352684957,84496800
2019-06-20,47.670166015625,47.94501008519834,47.32839967976791,47.88764970557996,86056000
2019-06-21,47.50764083862305,48.002364478306184,47.35707214014717,47.51242178135948,191202400
2019-06-24,47.45984649658203,47.837460776342034,47.361857219276544,47.45028461027407,72881600
2019-06-25,46.740474700927734,47.62236735366942,46.67355242975676,47.42400012897621,84281200
2019-06-26,47.75142288208008,48.03582883274254,47.16588314960564,47.266261076876305,104270000
2019-06-27,47.73707962036133,48.17444289617968,47.69645072327974,47.86852455047612,83598800
2019-06-28,47.3021125793457,47.67972689411709,47.09418711775815,47.48374832133551,124442400
2019-07-01,48.16965866088867,48.872307690511114,47.95456000971146,48.556831127500786,109012000
2019-07-02,48.45167922973633,48.54727985958251,48.12425573364212,48.13620626822179,67740800
2019-07-03,48.85319519042969,48.86036478190862,48.44212159394522,48.58312842208585,45448000
2019-07-05,48.81016540527344,49.01331351953692,48.492300200743436,48.599851347583254,69062000
2019-07-08,47.80400848388672,48.13382067409461,47.4192245563178,47.992813828081516,101354400
2019-07-09,48.0955696105957,48.16009592269418,47.51480727417549,47.60801559399719,82312000
2019-07-10,48.57118225097656,48.69068031541606,48.17205915336362,48.24137007294178,71588400
2019-07-11,48.21744918823242,48.84839856333695,48.20789095159312,48.59028241259555,80767200
2019-07-12,48.58791732788086,48.7552139011244,48.32502010793259,48.384769144576126,70380800
2019-07-15,49.04439926147461,49.20213394156513,48.75521232885727,48.776721106125294,67789600
2019-07-16,48.87470626831055,49.25949016524323,48.6357101496391,48.896215043761046,67467200
2019-07-17,48.5998649597168,49.01571589595333,48.58074483151867,48.76716152296089,56430000
2019-07-18,49.15194320678711,49.20452264524316,48.68350920421264,48.75520876999739,74162400
2019-07-19,48.41822052001953,49.35269617512712,48.36325243642237,49.18300733429522,83717200
2019-07-22,49.5247802734375,49.5271689219853,48.662004064763416,48.6715623057463,89111600
2019-07-23,49.91194534301758,49.92867682071002,49.54150065350668,49.821129303572306,73420800
2019-07-24,49.87132263183594,49.98603975456587,49.51282843236224,49.63232649885347,59966400
2019-07-25,49.47697448730469,50.00754613010088,49.40766357491906,49.92389603495717,55638400
2019-07-26,49.6490478515625,50.124647725241516,49.50564874230592,49.58690653571559,70475600
2019-07-29,50.11270523071289,50.3421431129715,49.81635237266849,49.821133316221555,86693600
2019-07-30,49.89760971069336,50.2274255237216,49.54628512206538,49.89282876718518,135742800
2019-07-31,50.91572570800781,52.90656358701365,50.49987484291198,51.723533663924655,277125600
2019-08-01,49.81396484375,52.108329298697655,49.41006442126026,51.1212740510541,216071600
2019-08-02,48.75997543334961,49.33595314572935,48.188775016309386,49.12085815816069,163448400
2019-08-05,46.20750427246094,47.47657295728015,46.02586855255384,47.31883830566207,209572000
2019-08-06,47.08224868774414,47.33797635747295,46.37481837190816,46.917340735757136,143299200
2019-08-07,47.56978225708008,47.69406125048899,46.32222596704192,46.702228891752036,133457600
2019-08-08,48.61897659301758,48.64287766257979,47.653433919438044,47.847020183801895,108038000
2019-08-09,48.218345642089844,48.642973433081345,47.81050558062374,48.292715357100306,98478800
2019-08-12,48.095985412597656,48.47263670436005,47.776912437595854,47.889667686680966,89927600
2019-08-13,50.132774353027344,50.893270127420344,48.09598664589979,48.22553694677137,188874000
2019-08-14,48.640567779541016,49.525814703624334,48.60218223590696,48.7389293623607,146189600
2019-08-15,48.39826202392578,49.213934627282455,47.90165870212019,48.81089743333585,108909600
2019-08-16,49.540199279785156,49.698536872745386,48.90205346135486,49.007611856661676,110481600
2019-08-19,50.46385192871094,51.03482145803666,50.38708082456592,50.52862342960461,97654400
2019-08-20,50.466243743896484,51.18355856408945,50.456649187325645,50.590994943201196,107537200
2019-08-21,51.013214111328125,51.2555159650545,50.76371542654577,51.09718202117652,86141600
2019-08-22,50.97004318237305,51.445052429028564,50.55980542800198,51.14517220703567,89014800
2019-08-23,48.61418533325195,50.87168465912164,48.22074260469428,50.2431331866759,187272000
2019-08-26,49.53780746459961,49.70573963141325,49.19474263893695,49.38666668414398,104174400
2019-08-27,48.97882843017578,50.03200742242358,48.8276876557246,49.86647298576687,103493200
2019-08-28,49.30751419067383,49.35309657831332,48.777327912856805,48.96445291216257,63755200
2019-08-29,50.142372131347656,50.21674550325925,49.578599495883154,50.02002231545943,83962000
2019-08-30,50.077598571777344,50.48783265913524,49.708144094052756,50.418262059397264,84573600
2019-09-03,49.34828567504883,49.65536271132292,48.99322853822822,49.52341468933475,80092000
2019-09-04,50.185546875,50.255117463865645,49.73692731137663,49.993622833766814,76752400
2019-09-05,51.16676712036133,51.33230160289125,50.74213566439076,50.859690039390394,95654800
2019-09-06,51.16196060180664,51.44025031008519,50.98203247914074,51.35148694097706,77449200
2019-09-09,51.380279541015625,51.92486307314199,50.63657875407816,51.5410149078116,109237600
2019-09-10,51.98723220825195,52.00642498087169,50.79011275885333,51.30590525316312,127111600
2019-09-11,53.640174865722656,53.668965856636916,52.23433622087792,52.315906424379826,177158400
2019-09-12,53.52021789550781,54.31909918340094,53.46504096397798,53.930455617643666,128906800
2019-09-13,52.47903823852539,52.96844114444219,52.0640050410945,52.77891845703125,159053200
2019-09-16,52.754913330078125,52.810093912094956,52.19353858053524,52.23432184073489,84632400
2019-09-17,52.94685745239258,52.97564844630967,52.56780836820528,52.76933068303424,73274800
2019-09-18,53.443450927734375,53.462643699876494,52.64456963297275,53.03321320207144,101360000
2019-09-19,53.00922393798828,53.68095264649306,52.86767770380978,53.26112037335412,88242400
2019-09-20,52.234336853027344,53.39307449871104,52.171963083144945,53.10998931926708,221652400
2019-09-23,52.471832275390625,52.74052373300916,52.21513309590776,52.52700920101302,76662000
2019-09-24,52.22233963012695,53.37628179948727,52.10478892590082,53.026020089457724,124763200
2019-09-25,53.0260124206543,53.13876766068672,52.092785451052755,52.43105117115003,87613600
2019-09-26,52.75252151489258,53.00442159553428,52.49822371066928,52.778911116876884,75334000
2019-09-27,52.49583435058594,53.00922914863513,52.12637986394513,52.9084661718078,101408000
2019-09-30,53.7313346862793,53.877676369428805,52.96843755851151,52.99482716237936,103909600
2019-10-01,53.88007354736328,54.75092680553321,53.78651107289727,53.995230177972914,139223200
2019-10-02,52.529415130615234,53.63777114984615,52.28231048438784,53.5130199648798,138449200
2019-10-03,52.97562789916992,53.00921432850663,51.610572912831074,52.40225355586011,114426000
2019-10-04,54.46064758300781,54.57580422718632,53.712147699084255,54.13198002178577,138478800
2019-10-07,54.472633361816406,55.16115707118716,54.17995001859924,54.28311070218234,122306000
2019-10-08,53.8344841003418,54.712534075004065,53.817692715154585,54.175151178670255,111820000
2019-10-09,54.46543884277344,54.64776467881045,54.13197222093732,54.46543884277344,74770400
2019-10-10,55.19953918457031,55.283507092490474,54.53020828720955,54.68134539656082,113013600
2019-10-11,56.66776657104492,57.010827782874266,55.73213809572937,55.88567662071718,166795600
2019-10-14,56.5861930847168,57.12837882948465,56.29830882465834,56.353485756513194,96427600
2019-10-15,56.45424270629883,57.013216118499486,56.34868430138051,56.7109382267624,87360000
2019-10-16,56.22633743286133,56.4350565436216,55.945650001818564,55.98643327019431,73903200
2019-10-17,56.444664001464844,56.653379499285926,56.022433896491215,56.399081614435445,67585200
2019-10-18,56.71574020385742,56.996427616238385,56.20714092357815,56.27911289972252,97433600
2019-10-21,57.69934844970703,57.8145050826637,56.93405725098848,56.9820373510636,87247200
2019-10-22,57.56741714477539,58.10480024451939,57.48584692943755,57.855301471159365,82293600
2019-10-23,58.33989715576172,58.3542944816092,57.869687009535255,58.080803860863966,75828800
2019-10-24,58.43585205078125,58.72853540039477,58.011220689350694,58.65896114841544,69275200
2019-10-25,59.15556716918945,59.19155132829628,58.26792252496766,58.33509539573167,73477200
2019-10-28,59.74814224243164,59.79612235070389,59.189165012473325,59.357097221749996,96572800
2019-10-29,58.366275787353516,59.9160581205968,58.19354817678271,59.72893318688571,142839600
2019-10-30,58.35908126831055,58.84848777636585,57.86728069727359,58.71893748749666,124522000
2019-10-31,59.67856216430664,59.776923756110406,56.919664109777756,59.313910448417545,139162000
2019-11-01,61.37228012084961,61.398666062574364,59.77451763685892,59.86567872270404,151125200
2019-11-04,61.77532196044922,61.859289881741645,61.26672630639548,61.7345350313778,103272000
2019-11-05,61.686546325683594,61.94084410214537,61.49222457803436,61.66734989653974,79897600
2019-11-06,61.71294021606445,61.772916252605114,61.264320634147275,61.600184974516274,75864400
2019-11-07,62.425201416015625,62.646579148556874,62.10757536886867,62.259169952428614,94940400
2019-11-08,62.59603500366211,62.668219386425065,61.804378670750026,62.24712668600199,69986400
2019-11-11,63.09172821044922,63.15669416268931,62.14847721788769,62.15328706288794,81821200
2019-11-12,63.03398132324219,63.23370373676255,62.78373717264483,62.93532441370302,87388800
2019-11-13,63.637935638427734,63.71252861529015,62.819814143525335,62.834251020126196,102734400
2019-11-14,63.19760513305664,63.73660151760766,63.06766588203988,63.46469473113416,89182800
2019-11-15,63.94832992553711,63.95313976898309,63.28661295972906,63.447827162802454,100206400
2019-11-18,64.27079010009766,64.3501929351306,63.580199124620194,63.95797391868933,86703200
2019-11-19,64.07585906982422,64.48732464483736,63.85929862735795,64.46326074161394,76167200
2019-11-20,63.329959869384766,64.02536082433262,62.65861548872396,63.89542888738664,106234400
2019-11-21,63.04601287841797,63.52726176608309,62.846290477802796,63.450260181670615,121395200
2019-11-22,62.99066162109375,63.32753434710897,62.76447407435324,63.18556681769094,65325200
2019-11-25,64.0951156616211,64.11196113080011,63.16871031932938,63.21442953951619,84020400
2019-11-26,63.59463882446289,64.28522983057158,63.16391899690021,64.23229215710982,105207600
2019-11-27,64.44882202148438,64.48251295368617,63.84004273806557,63.9050086659621,65235600
2019-11-29,64.30684661865234,64.48731485051012,63.982002332654126,64.15044228636317,46617600
2019-12-02,63.563358306884766,64.54751146820787,63.392516996208215,64.31169685356114,94487200
2019-12-03,62.43000793457031,62.4492546568916,61.669633895576865,62.15569257438953,114430400
2019-12-04,62.98102569580078,63.3588077517284,62.72596442902417,62.81981146620402,67181600
2019-12-05,63.90503692626953,63.97963726009609,63.21926313205803,63.47432445651237,74424400
2019-12-06,65.1394271850586,65.20921031494399,64.31889712610206,64.36221509760516,106075600
2019-12-09,64.22747039794922,65.161086935307,63.7438129866393,64.96859034566656,128042400
2019-12-10,64.60285949707031,64.98545151813082,63.972417225633926,64.6317332581653,90420400
2019-12-11,65.15386962890625,65.23327979738657,64.60765485527283,64.68224783580021,78756800
2019-12-12,65.31989288330078,65.58458117297278,64.32371175724688,64.43439691719212,137310400
2019-12-13,66.20780944824219,66.2439016435434,65.19237407521152,65.31990472745893,133587600
2019-12-16,67.3411636352539,67.56494998316613,66.64817129927935,66.65298114531323,128186000
2019-12-17,67.47351837158203,67.8007641738192,67.08610909977908,67.27139466844547,114158400
2019-12-18,67.31227111816406,67.83202073279126,67.16308515663923,67.32670799551974,116028400
2019-12-19,67.37965393066406,67.6587791659251,67.12219135736983,67.25453186379887,98369200
2019-12-20,67.24006652832031,68.01246860786885,67.02831593302761,67.91141049674324,275978000
2019-12-23,68.33732604980469,68.39748214667952,67.46385834825841,67.50235913145113,98572000
2019-12-24,68.40230560302734,68.55149892131642,68.07746848987897,68.50337109692963,48478800
2019-12-26,69.75941467285156,69.77626014178544,68.50576371301644,68.53463746360407,93121200
2019-12-27,69.73295593261719,70.73636302317358,69.32870865807601,70.050581938303,146266000
2019-12-30,70.14683532714844,70.4283691578937,68.63090426605163,69.65114955957583,144114400
2019-12-31,70.65935516357422,70.66657360200388,69.66557519453796,69.76423208192604,100805600
2020-01-02,72.27153015136719,72.33168624316235,71.02990753552221,71.28256018375274,135480400
2020-01-03,71.56891632080078,72.32688174170664,71.34513738245916,71.50154177990413,146322800
2020-01-06,72.13920593261719,72.17770672514841,70.44280652658847,70.69305800640377,118387200
2020-01-07,71.7999267578125,72.40388908002937,71.5809576466451,72.14882777323544,108872000
2020-01-08,72.95490264892578,73.25568310862707,71.50393800505775,71.50393800505775,132079200
2020-01-09,74.50452423095703,74.69702078802769,73.67918441118903,73.92942846672628,170108400
2020-01-10,74.6729736328125,75.23604124225797,74.17247806619659,74.73794692643483,140644800
2020-01-13,76.26829528808594,76.29476778625667,74.87026834030729,74.98817927043977,121532000
2020-01-14,75.23843383789062,76.41509065064128,75.11572039023919,76.20574860255036,161954400
2020-01-15,74.91600036621094,75.91699875877144,74.48528063092401,75.03872116096186,121923600
2020-01-16,75.85445404052734,75.96514658164989,75.09648844399511,75.45742514170341,108829200
2020-01-17,76.6942138671875,76.69661511764261,75.7966822559434,76.10227258526983,137816400
2020-01-21,76.17448425292969,76.7640097522044,76.03732655340609,76.32367023769899,110843200
2020-01-22,76.4463882446289,76.99741293025565,76.35254118737379,76.65813158547017,101832400
2020-01-23,76.81453704833984,76.89393987673444,75.95309750344295,76.49931964228543,104472000
2020-01-24,76.59317779541016,77.8011100438605,76.40308239971039,77.05998987501128,146537600
2020-01-27,74.34091186523438,75.01946709734743,73.36156878763045,74.60800142643146,161940000
2020-01-28,76.44395446777344,76.61479570938447,75.12052047129349,75.21917734131473,162234000
2020-01-29,78.04413604736328,78.8887302471814,77.33188970578509,78.07060855632155,216229200
2020-01-30,77.93102264404297,77.98396030536023,76.69902690059489,77.12974662934549,126743200
2020-01-31,74.47565460205078,77.64467359137022,74.18209256314945,77.22358092411761,199588400
2020-02-03,74.27115631103516,75.43336937211463,72.72153400074473,73.22202971123758,173788400
2020-02-04,76.72310638427734,76.91320175349885,75.4670464773754,75.8712937858949,136616400
2020-02-05,77.34871673583984,78.14518291668757,76.74715573258482,77.84680366564679,118826800
2020-02-06,78.25346374511719,78.2558723391088,77.06237729988993,77.61821910965085,105425600
2020-02-07,77.18978118896484,78.00260869481056,76.70015470961765,77.75417767052507,117684000
2020-02-10,77.55640411376953,77.55640411376953,75.69920332307832,75.7787945932457,109348800
2020-02-11,77.08849334716797,78.1232241451145,76.87141886050789,78.05086843646208,94323200
2020-02-12,78.91917419433594,78.92399545470602,77.53712126556233,77.53712126556233,113730400
2020-02-13,78.357177734375,78.68279311833038,77.99056323907321,78.1931665675849,94747600
2020-02-14,78.37649536132812,78.62492647846962,77.8699832442395,78.32583899712654,80113600
2020-02-18,76.94136810302734,77.12226473649841,75.88251627530599,76.06341290877705,152531200
2020-02-19,78.0556869506836,78.28482562119284,77.18256041371585,77.18256041371585,93984000
2020-02-20,77.2549057006836,78.30410746194534,76.75080805425196,77.81689526489554,100566000
2020-02-21,75.50625610351562,77.2911088758147,74.89121045948235,76.84971694338334,129554000
2020-02-24,71.91966247558594,73.36683527541466,69.76096746559567,71.6977667682717,222195200
2020-02-25,69.48358917236328,72.96886672904328,69.01326241271661,72.58778111739974,230673600
2020-02-26,70.58585357666016,71.84730854807512,69.10250289246999,69.10973846221914,198054800
2020-02-27,65.97178649902344,68.98190880585912,65.8367176160919,67.8000523998572,320605600
2020-02-28,65.9332046508789,67.15124645876003,61.835295069493725,62.04996261815576,426510000
2020-03-02,72.07159423828125,72.70593929469655,66.98478432238063,68.08463471713216,341397200
2020-03-03,69.78267669677734,73.32342450844571,68.93366391267253,73.24383324028676,319475600
2020-03-04,73.01953125,73.17872118058433,70.70164577624014,71.50000237914564,219178400
2020-03-05,70.65096282958984,72.25008221702244,70.28675540458299,71.27806500786156,187572800
2020-03-06,69.71273040771484,70.14447238483373,67.83140857783133,68.01712645055636,226176800
2020-03-09,64.19903564453125,67.07408305455473,63.43444235913468,63.615339057877456,286744800
2020-03-10,68.82274627685547,69.08806288839563,64.97085254951412,66.84494692684842,285290000
2020-03-11,66.43247985839844,67.82900397076429,65.57141009124467,66.90522837411211,255598800
2020-03-12,59.8719482421875,65.12277445766078,59.816474316666195,61.73156686549944,418474000
2020-03-13,67.04512023925781,67.51545445631106,61.01040718580854,63.89028601752773,370732000
2020-03-16,58.41996383666992,62.488927074911565,57.88692016083435,58.35725065107087,322423600
2020-03-17,60.988685607910156,62.1343603897057,57.50099755431687,59.69828839419459,324056000
2020-03-18,59.495697021484375,60.298878525080625,57.192279125756,57.83144944633274,300233600
2020-03-19,59.039833068847656,60.98386817289122,58.51643928547833,59.669353459047855,271857200
2020-03-20,55.29165267944336,60.74025764199119,54.99256896191713,59.618696461531016,401693200
2020-03-23,54.11703872680664,55.113177422037836,51.28058067981566,55.01187574325441,336752800
2020-03-24,59.54633712768555,59.74170486400554,56.51209775923422,57.008959824529704,287531200
2020-03-25,59.21831512451172,62.288732546346424,58.92405634525676,60.47976645109919,303602000
2020-03-26,62.334556579589844,62.392441135780366,59.420914919993635,59.459507077687796,252087200
2020-03-27,59.7537727355957,61.71468959022156,59.58734725663957,60.962160830090674,204216800
2020-03-30,61.45902633666992,61.630276765400616,60.154157765040964,60.4773625403671,167976400
2020-03-31,61.333595275878906,63.31139742053906,60.78125926146835,61.649564437343955,197002000
2020-04-01,58.106407165527344,59.99014337906341,57.67707948194542,59.454689089589124,176218400
2020-04-02,59.07601547241211,59.1290787799157,57.139215789585435,57.968928946530895,165934000
2020-04-03,58.226993560791016,59.26172040581901,57.638476083102184,58.56225508385467,129880000
2020-04-06,63.306575775146484,63.46093704952722,60.14932793269973,60.51594239996791,201820400
2020-04-07,62.57334899902344,65.53282259895241,62.46963669694467,65.31574075275601,202887200
2020-04-08,64.17487335205078,64.48842448399525,63.00748829000569,63.371688404036405,168895200
2020-04-09,64.63796997070312,65.13966065726305,63.84444219472263,64.80922404965942,161834800
2020-04-13,65.90668487548828,66.01522581864997,64.1170106330232,64.71517825448223,131022800
2020-04-14,69.23516845703125,69.5246060143818,67.06440885901065,67.5347430495296,194994800
2020-04-15,68.6032485961914,69.06151866956002,67.68670844945419,68.1136219235753,131154400
2020-04-16,69.1483383178711,69.51254587742164,68.10155073366812,69.3147638013278,157125200
2020-04-17,68.21006774902344,69.21103471741856,66.7773662410789,68.66593066550611,215250000
2020-04-20,66.79425811767578,67.93993657233999,66.77496571925322,67.04028220194732,130015200
2020-04-21,64.72962951660156,66.8714465476712,64.02051421953927,66.63748663863089,180991600
2020-04-22,66.59407806396484,67.02822701343717,65.65341709963987,65.99349627232849,116862400
2020-04-23,66.33599853515625,67.95683260093587,66.29740637160167,66.53860187329087,124814400
2020-04-24,68.25109100341797,68.26074088442513,66.81115357242885,66.85939561676216,126161200
2020-04-27,68.29931640625,68.62975298338314,67.52266679021487,67.96887246841614,117087600
2020-04-28,67.19224548339844,68.94091302319053,67.10059736775176,68.76001638114307,112004800
2020-04-29,69.39917755126953,69.86709736755677,68.47298779881385,68.67559111709774,137280800
2020-04-30,70.86322784423828,71.03930319142114,69.54871691757756,69.93703810047037,183064000
2020-05-01,69.72237396240234,72.11744313333922,68.94572428038448,69.04220099303798,240616800
2020-05-04,70.7088623046875,70.8366956047244,69.05908623299008,69.746494769706,133568000
2020-05-05,71.7701187133789,72.59983166411055,71.02241133373455,71.16713007829493,147751200
2020-05-06,72.5105972290039,73.14011388910748,72.08609083522563,72.46959075931778,142333600
2020-05-07,73.26070404052734,73.60561913010429,72.8337907414733,73.13528505567275,115215200
2020-05-08,75.00445556640625,75.05766251679151,73.59206160601275,73.9185584660756,133838400
2020-05-11,76.18466186523438,76.67802725492889,74.3054951964832,74.5134886448119,145946400
2020-05-12,75.31402587890625,77.31653072784458,75.19310165522488,76.86668877782286,162301200
2020-05-13,74.4046630859375,76.41200935037834,73.33085553739997,75.49298094886383,200622400
2020-05-14,74.86174011230469,74.92220219963244,72.92453247252323,73.64524321049535,158929200
2020-05-15,74.4191665649414,74.46511834982786,72.60530362666714,72.63916594421597,166348400
2020-05-18,76.17255401611328,76.54500254054776,75.0503815134759,75.73965078498989,135178400
2020-05-19,75.7323989868164,77.03353696378241,75.70095751911882,76.18948854925284,101729600
2020-05-20,77.20526885986328,77.27539958314759,76.54985436932522,76.58855099973772,111504800
2020-05-21,76.62967681884766,77.60674654641333,76.39266269950214,77.06742188839526,102688800
2020-05-22,77.12305450439453,77.20528209037693,76.26690893879248,76.36848115298238,81803200
2020-05-26,76.60064697265625,78.41692345166804,76.54501918320653,78.23795799610525,125522000
2020-05-27,76.93441009521484,77.07952064739223,75.7203334826103,76.45797571424978,112945200
2020-05-28,76.96826171875,78.22345564249268,76.33462002234297,76.610323390573,133560800
2020-05-29,76.8932876586914,77.66961902448975,76.53777018415474,77.21010850014466,153532400
2020-06-01,77.83890533447266,77.95982952875313,76.71672526884876,76.84732546524727,80791200
2020-06-02,78.19925689697266,78.22344321190015,77.13270462012565,77.57287045767401,87642800
2020-06-03,78.62975311279297,78.89095352620157,77.94773883188212,78.5185049118518,104491200
2020-06-04,77.95259094238281,78.75068784203134,77.58014227825346,78.45321898447096,87560400
2020-06-05,80.17274475097656,80.23320685109042,78.172661136236,78.20168176339025,137250400
2020-06-08,80.64675903320312,80.68062134923207,79.16181381231353,79.87042779704282,95654400
2020-06-09,83.19343566894531,83.5852289286094,80.2960963197302,80.3275377952439,147712400
2020-06-10,85.33377838134766,85.80054396626458,83.70130187626772,84.13904683755014,166651600
2020-06-11,81.23686218261719,84.9032841848941,81.13529000514959,84.48004955731804,201662400
2020-06-12,81.9382553100586,84.11489145043873,80.83059261054203,83.37000144098552,200146000
2020-06-15,82.95157623291016,83.60214898703789,80.43393362831908,80.59597529574442,138808800
2020-06-16,85.14998626708984,85.42086269022191,83.36998548456056,85.00004143146272,165428800
2020-06-17,85.0314712524414,85.95291299210936,84.9105470621372,85.89245089695726,114406400
2020-06-18,85.06531524658203,85.48129466685762,84.45827358020233,84.98792201010629,96820400
2020-06-19,84.5792236328125,86.2334658205362,83.47397466183713,85.76912102080368,264476000
2020-06-22,86.7921371459961,86.93482682128399,84.92506713782858,84.97101892587712,135445200
2020-06-23,88.64468383789062,90.05949829570565,87.61440740737248,88.03280774958151,212155600
2020-06-24,87.07992553710938,89.19126451334176,86.7074769720713,88.2746571031473,192623200
2020-06-25,88.2359619140625,88.27465854046778,86.47772685166568,87.23471346059793,137522400
2020-06-26,85.52484893798828,88.35205726047579,85.37731757939976,88.13197433577965,205256800
2020-06-29,87.49592590332031,87.5902503350082,84.95651735369147,85.43295906251363,130646000
2020-06-30,88.2262954711914,88.51168219927229,87.06542607576557,87.08477070075071,140223200
2020-07-01,88.0594253540039,88.84543272516727,88.01106009800148,88.30369462192029,110737200
2020-07-02,88.0594253540039,89.59758515519175,87.94576368111557,88.96394347072363,114041600
2020-07-06,90.4150161743164,90.88178176519018,89.45245698793732,89.48389845748481,118655600
2020-07-07,90.13448333740234,91.5686426186408,90.02323513682953,90.79231129924504,112424400
2020-07-08,92.23370361328125,92.2651450795296,91.02204102383105,91.10911026733615,117092000
2020-07-09,92.63034057617188,93.17691283826436,91.58555391386294,93.12370590507383,125642800
2020-07-10,92.79238891601562,92.85043754869993,91.61700927809584,92.22646456657715,90257200
2020-07-13,92.36431884765625,96.69582436714335,92.15149108508342,94.09353334761987,191649200
2020-07-14,93.8927993774414,94.08385428390145,90.81648768360292,91.74759804361886,170989200
2020-07-15,94.5385513305664,96.01140740726693,93.34381947671102,95.76230381558776,153198000
2020-07-16,93.37523651123047,94.22896096414982,92.7778707406749,93.41393313619832,110577600
2020-07-17,93.18660736083984,93.97986982567868,92.71500002379474,93.82509068603153,92186800
2020-07-20,95.1504135131836,95.28826887148021,92.9302469895083,93.27367496235873,90318000
2020-07-21,93.8371810913086,96.01381673517915,93.58807752951296,95.93884432011826,103433200
2020-07-22,94.10079956054688,94.78039302096889,93.4526475751938,93.53970946249737,89001600
2020-07-23,89.81767272949219,93.91216495167265,89.0098998444414,93.83477168133008,197004400
2020-07-24,89.59516143798828,89.93858943355201,86.23830426873995,88.02073328072413,185438800
2020-07-27,91.71858978271484,91.81049336055369,90.4319618348545,90.65445824165903,121214000
2020-07-28,90.21188354492188,91.46707746354134,90.20704185281049,91.29052545592491,103625600
2020-07-29,91.94107818603516,92.12488531095718,90.65686391835999,90.69313969811391,90329200
2020-07-30,93.05357360839844,93.15756662766064,90.71006250391486,91.11636596100388,158130000
2020-07-31,102.79525756835938,102.9452024123297,97.537467741964,99.53030380101023,374336800
2020-08-03,105.38543701171875,107.9973966979683,104.37451250261263,104.67198130172932,308151200
2020-08-04,106.08922576904297,107.17754362792036,104.85337654025795,105.57408746827389,173071600
2020-08-05,106.47377014160156,106.79301183705664,105.34675558446708,105.81110781245884,121776800
2020-08-06,110.18855285644531,110.68192568980469,106.21740601381943,106.80509589113738,202428800
2020-08-07,107.6833267211914,110.1667423327947,106.88863402123575,109.71124638392962,198045600
2020-08-10,109.24850463867188,110.26367728385239,106.60517985987403,109.12493717777473,212403600
2020-08-11,105.99945068359375,109.01104473075696,105.74020453823464,108.51436454798494,187902400
2020-08-12,109.52227020263672,109.77909114067742,106.89348231283336,107.08730692473522,165598000
2020-08-13,111.46056365966797,112.46119982957732,110.4114676320931,110.89846184406744,210082000
2020-08-14,111.3612060546875,111.45085012066804,109.55618389407232,111.28609846459923,165565200
2020-08-17,111.0704574584961,112.50478464058327,110.4453668374708,112.48055471705385,119561600
2020-08-18,111.99598693847656,112.41998472569632,110.48897736471524,110.82333108852379,105633600
2020-08-19,112.1364974975586,113.54659462972901,112.0420104163777,112.40301184462525,145538000
2020-08-20,114.62477111816406,114.73864510178977,112.16073508691606,112.17769677241944,126907200
2020-08-21,120.53169250488281,121.01383628095505,115.56970341549895,115.58181468260125,338054800
2020-08-24,121.97325897216797,124.81041520723647,120.11251616944286,124.72560677695705,345937600
2020-08-25,120.97262573242188,121.31667291273054,119.25482982936344,120.84906568793242,211495600
2020-08-26,122.61775970458984,123.07325574014129,121.22219864144259,122.28583112806923,163022400
2020-08-27,121.15192413330078,123.55053882206776,120.0107589966192,123.21861029302171,155552400
2020-08-28,120.95567321777344,122.54020825717129,120.73276826199735,122.12347869162592,187630000
2020-08-31,125.05753326416016,126.9570498293378,122.11136090455392,123.64260037932992,225702700
2020-09-01,130.03890991210938,130.6397854362347,126.50156266667052,128.66273593650766,151948100
2020-09-02,127.34471130371094,133.72164031798212,123.08051055399626,133.34367713692956,200119000
2020-09-03,117.14937591552734,124.86371200273943,116.7811062092152,122.99328312594758,257599600
2020-09-04,117.22691345214844,119.88234909092412,107.46769559812107,116.36438135713807,332607200
2020-09-08,109.33812713623047,115.3177056334054,109.20244843470786,110.4332501967872,231366600
2020-09-09,113.69923400878906,115.46306431680152,111.7028127244271,113.64108811318515,176940500
2020-09-10,109.98743438720703,116.7810916656073,109.0279901442392,116.64541298049808,182274400
2020-09-11,108.5434341430664,111.6737525060593,106.6051585333688,111.03411800577045,180860300
2020-09-14,111.79973602294922,112.35214426737836,109.31874564711791,111.17948842899139,140150100
2020-09-15,111.97418975830078,115.16265421996873,110.10375338394648,114.67808528768974,184642000
2020-09-16,108.66942596435547,112.41999215763813,108.5822071057358,111.6737592561301,154679000
2020-09-17,106.93466186523438,108.73725877422822,105.35496990474392,106.33380115819288,178011000
2020-09-18,103.54267883300781,107.45799642585531,102.81582548420052,106.99281442322203,287104900
2020-09-21,106.68267822265625,106.7892839596042,99.91809392274271,101.31365455629135,195713800
2020-09-22,108.35929870605469,109.37689638794417,105.79108936459673,109.20245128230411,183055400
2020-09-23,103.81404113769531,108.65003656547653,103.47483700123934,108.17516112594639,150718700
2020-09-24,104.8801040649414,106.84745280660479,101.75947886343313,101.92423053085801,167743300
2020-09-25,108.81477355957031,108.96983913180422,104.34704842616586,105.08359510641,149981400
2020-09-28,111.41207122802734,111.76096139819123,109.29935070600561,111.46053107152444,137672400
2020-09-29,110.56893157958984,111.7512809163313,110.06498316084728,111.01474148847176,99382200
2020-09-30,112.23584747314453,113.64110173479544,110.11344069592683,110.27819234917513,142675200
2020-10-01,113.18561553955078,114.0869140768239,112.25524404848423,114.00938127075119,116120400
2020-10-02,109.53194427490234,111.80942388224,108.75663851817679,109.40595903034216,144712000
2020-10-05,112.90454864501953,113.04992078729782,110.04559522059489,110.3944854044891,106243800
2020-10-06,109.66764068603516,112.53628778325715,108.78572170928096,112.1292442741749,161498200
2020-10-07,111.52838897705078,111.9838849635665,110.60770355491991,111.08258643963451,96849000
2020-10-08,111.42178344726562,112.80765091391855,111.05350632008391,112.66227875286972,83477200
2020-10-09,113.36006164550781,113.38913459955495,111.37332598768504,111.72221622412157,100506900
2020-10-12,120.5607681274414,121.31669458095463,115.59877892831645,116.35470538182967,240226800
2020-10-13,117.36259460449219,121.52019695499536,115.95734765025159,121.40389774875266,262330500
2020-10-14,117.44981384277344,119.23302386837867,115.92826777316701,117.26567529237093,150712000
2020-10-15,116.98461151123047,117.45948691649245,114.50362135189651,115.05602954812115,112559200
2020-10-16,115.3467788696289,117.79870373934006,115.14326081684207,117.53703239008934,115393800
2020-10-19,112.40060424804688,116.70357101200219,112.09048045069933,116.257768515436,120639300
2020-10-20,113.88338470458984,115.30801845057066,112.06140091237076,112.6138091614312,124423700
2020-10-21,113.26314544677734,115.04635557719843,112.8561019222811,113.06931343655647,89946000
2020-10-22,112.17770385742188,114.39703037608496,111.05350042518317,113.82523521136082,101988000
2020-10-23,111.48960876464844,112.95300885211658,110.75306199696499,112.79794326147403,82572600
2020-10-26,111.49930572509766,112.95301241046303,109.39627110087882,110.49140153597219,111850700
2020-10-27,113.00146484375,113.66047883675716,111.00504336225823,111.92572130525396,92276800
2020-10-28,107.76812744140625,111.86758385649746,107.67121513386326,111.49931413026005,143937800
2020-10-29,111.76095581054688,113.32126805078815,108.73724361827925,108.90200264157163,146129200
2020-10-30,105.50033569335938,108.53373417860142,104.39551925367714,107.63243577844652,190272600
2020-11-02,105.4131088256836,107.26416545991421,104.00786205893465,105.74261950243951,122866900
2020-11-03,107.03160095214844,108.04919139549884,105.37437589246122,106.27567451024929,107624400
2020-11-04,111.40238952636719,112.02263714006965,108.88263267145909,110.61739025769825,138235500
2020-11-05,115.35647583007812,115.92827100011738,113.26314194201399,114.30980518907859,126387100
2020-11-06,115.22542572021484,115.72053342058035,112.74014741905776,114.8662234022807,114457900
2020-11-09,112.9245834350586,118.42907262853805,112.66246807633155,116.98256825674697,154515300
2020-11-10,112.58483123779297,114.15753861862245,110.79853707591374,112.17709283585141,138023400
2020-11-11,116.00206756591797,116.1379803531598,113.0411019505022,113.76920934216545,112295000
2020-11-12,115.730224609375,117.011693129965,115.10890698767624,116.12826014557999,103162300
2020-11-13,115.77880096435547,116.17682920699832,114.42937567681565,115.95354705804297,81581900
2020-11-16,116.78842163085938,117.45827535475047,114.70117908437909,115.44869936969526,91183000
2020-11-17,115.90498352050781,117.14761890185565,115.48753500270898,116.06031664652185,74271000
2020-11-18,114.58466339111328,116.32241357747914,114.55554028628038,115.14773477351584,76322100
2020-11-19,115.17689514160156,115.58463355455793,113.40031110511585,114.15754170251833,74113000
2020-11-20,113.91483306884766,115.30309155816464,113.86629701660235,115.17688893429653,73604300
2020-11-23,110.52670288085938,114.18666026045105,110.42962337461562,113.7595015449486,127959300
2020-11-24,111.80816650390625,112.46831748552103,109.30347536130687,110.58495144916897,113874200
2020-11-25,112.64306640625,113.34205068763839,111.80816933755735,112.17708182311867,76499200
2020-11-27,113.18671417236328,114.06044449798334,112.82751927666311,113.1673012347678,46691300
2020-11-30,115.57490539550781,117.4388583652438,113.40028619079179,113.5556193082818,169410200
2020-12-01,119.13778686523438,119.86589425816237,116.50689304092421,117.47770289816154,127728200
2020-12-02,119.48725128173828,119.76878696381533,117.36117581756076,118.45818803529019,89004200
2020-12-03,119.35137176513672,120.16684852789926,118.64267727747634,119.91443587941438,78967600
2020-12-04,118.68151092529297,119.27370556007313,117.97281643546543,119.02129291081638,78260400
2020-12-07,120.13770294189453,120.93376661663584,118.68148836078066,118.73973457388429,86712000
2020-12-08,120.74933624267578,121.33182812514022,119.49699054608435,120.73963347620881,82225500
2020-12-09,118.22522735595703,122.27350282433629,117.46799682595132,120.89495455654684,115089200
2020-12-10,119.6426010131836,120.25421594451468,116.64280220277539,116.98258416090866,81312200
2020-12-11,118.83683776855469,119.1766197360741,117.03113084780422,118.85625070668806,86939800
2020-12-14,118.22522735595703,119.74939858875337,117.99223505596105,119.02129117041069,79184500
2020-12-15,124.14714050292969,124.16656084447807,120.50660416507375,120.71047331119087,157243700
2020-12-16,124.07919311523438,124.62284421095526,122.86568091464977,123.69087513639985,98208600
2020-12-17,124.94322204589844,125.79753943581208,124.30248400346319,125.13738104904724,94359800
2020-12-18,122.96278381347656,125.33156230733624,122.43854558581786,125.19564951572379,192541500
2020-12-21,124.4869155883789,124.56458213693422,119.84644670920004,121.37061754282183,121251600
2020-12-22,128.0303955078125,130.48654300822767,125.86547908382497,127.76827272564631,168904800
2020-12-23,127.13725280761719,128.56432952785477,126.96249934769376,128.30222155804168,88223700
2020-12-24,128.11776733398438,129.56427923315684,127.27316756907929,127.48674690488681,54930100
2020-12-28,132.6999969482422,133.33101740723168,129.61281401111586,130.07881339134244,124486200
2020-12-29,130.93312072753906,134.73869359094937,130.41859268818658,134.02030377703682,121047300
2020-12-30,129.8166961669922,132.02043870547348,129.50602990016534,131.6224031061202,96452100
2020-12-31,128.8167266845703,130.8068893039239,127.87504019853539,130.16615142022158,99116600
2021-01-04,125.63249969482422,129.70989788960378,123.05985224509121,129.62252856286995,143301900
2021-01-05,127.18579864501953,127.89450053196555,124.68110734552344,125.12768641382664,97664900
2021-01-06,122.90451049804688,127.22461824623385,122.69093117209596,123.99182006348317,155088000
2021-01-07,127.09844207763672,127.78772368823323,124.12776587920938,124.61317087407357,109578200
2021-01-08,128.1954803466797,128.7585519984453,126.42859880354752,128.56437812216362,105158200
2021-01-11,125.21502685546875,126.37029273075628,124.74904236248368,125.41890340367594,100384500
2021-01-12,125.0403060913086,125.90432622691371,123.15693269578279,124.74906018656239,91951100
2021-01-13,127.06928253173828,127.61293359997765,124.73934514974653,125.00145310618869,88636800
2021-01-14,125.14713287353516,127.17612241641639,125.00150247128602,126.98196336013731,90221800
2021-01-15,123.42876434326172,126.41886047356746,123.29285155612885,125.02089191255358,111598500
2021-01-19,124.09862518310547,124.9529425933155,123.23460500719132,124.05008172781939,90757300
2021-01-20,128.17601013183594,128.6225891348087,124.79759634893936,124.90438601399495,104319500
2021-01-21,132.8747100830078,135.59298002533745,129.6904556633409,129.8943322047019,120150900
2021-01-22,135.01052856445312,135.76775903778582,131.07874583699044,132.30196087543968,114459400
2021-01-25,138.7481231689453,140.85477848015867,132.55435242559187,138.89375351472623,157611700
2021-01-26,138.9811553955078,140.087878141181,137.24339729703607,139.40831414179996,98390600
2021-01-27,137.91323852539062,140.0878578213645,136.3114082725256,139.24324321793168,140843800
2021-01-28,133.08831787109375,137.8452949915903,132.7097026247184,135.44739349341899,142621100
2021-01-29,128.1080322265625,132.74850059959678,126.40911554734014,131.86506037119048,177523800
2021-02-01,130.22438049316406,131.428189557501,127.10807560577557,129.84576539594647,106239800
2021-02-02,131.04962158203125,132.33108282824628,130.68070911395654,131.76801136085197,83305400
2021-02-03,130.0302734375,131.80685723730443,129.70990440998943,131.79713965825755,89880900
2021-02-04,133.3795623779297,133.38926514344305,130.66129188255576,132.3213832150557,84183100
2021-02-05,132.96630859375,133.6080039296229,132.09128028884282,133.53995342549268,75693800
2021-02-08,133.11219787597656,133.1608138714623,131.1773940055882,132.25660382908822,71297200
2021-02-09,132.23715209960938,134.05528941674183,132.0816016865625,132.83023162868662,76774200
2021-02-10,131.63438415527344,133.19000731082727,130.67184065877828,132.6941448267895,73046600
2021-02-11,131.3815460205078,132.6065887223786,130.0592713492993,132.13017580944882,64280000
2021-02-12,131.61492919921875,131.77049447527503,129.98153830719173,130.6232339442829,60145100
2021-02-16,129.49537658691406,132.23714344471992,129.10646349095452,131.731578673249,80576300
2021-02-17,127.21056365966797,128.55228793289643,125.87857148643107,127.6091940358472,97918500
2021-02-18,126.11190795898438,126.393856958418,123.87570598415513,125.61604564080127,96856700
2021-02-19,126.2674560546875,127.08416608284661,125.2271451192894,126.62720249840024,87668800
2021-02-22,122.50482177734375,126.1216319880877,122.11591609767342,124.45906002205308,103916400
2021-02-23,122.36869812011719,123.19511800076138,115.10591153263685,120.32695270389084,158273000
2021-02-24,121.87285614013672,122.07702996162088,118.83940802921852,121.47423317945595,111039900
2021-02-25,117.63379669189453,122.9520628532438,117.19628243074794,121.22144033722896,148199500
2021-02-26,117.89630889892578,121.38672049171518,117.83796822554648,119.18940971098537,164560400
2021-03-01,124.24517059326172,124.38128647028813,119.38386807729292,120.31723727022785,116307900
2021-03-02,121.64924621582031,125.1493828138184,121.54229695879663,124.84798440825688,102260900
2021-03-03,118.67413330078125,122.2228861788261,118.46023476961403,121.34785010485119,112966300
2021-03-04,116.79767608642578,120.171421927277,115.32956775933026,118.37274110249548,178155000
2021-03-05,118.0518569946289,118.55743656088569,114.30865590625393,117.62406745905575,153766600
2021-03-08,113.13224029541016,117.6435287378886,112.98639972664601,117.57547079483327,154376600
2021-03-09,117.73100280761719,118.67409653865776,115.49480844212914,115.72814885031967,129525800
2021-03-10,116.65184783935547,118.78109383395483,116.13654341186162,118.31441282873887,111943300
2021-03-11,118.57689666748047,119.79222236399583,117.89631724453561,119.14080957092585,103026500
2021-03-12,117.67267608642578,117.80879195023273,115.85455386939371,117.06015469929451,88105100
2021-03-15,120.55059051513672,120.56031519817381,117.07962044686742,118.04216378802697,92403800
2021-03-16,122.08675384521484,123.69098519524891,121.26033388239702,122.21314504308985,115227900
2021-03-17,121.2992172241211,122.36870224795845,118.9463412703685,120.60891318675553,111932600
2021-03-18,117.1865463256836,119.76303790222613,116.98237252920022,119.471356811388,121229700
2021-03-19,116.66153717041016,118.0615946863235,116.36013878430732,116.5740372845451,185549500
2021-03-22,119.96721649169922,120.43390477213393,116.92404394954326,116.99210188442348,111912300
2021-03-23,119.14079284667969,120.79363259482143,118.75188719483505,119.90887946918929,95467100
2021-03-24,116.75875091552734,119.49080775473756,116.73930897083474,119.41302514045037,88530500
2021-03-25,117.24488067626953,118.28520644839449,115.69899016650163,116.22401168427893,98844700
2021-03-26,117.84770965576172,118.1102241788797,115.62123193079763,117.01156492349538,94071200
2021-03-29,118.022705078125,119.17969748186921,117.381016985914,118.275494892758,80819200
2021-03-30,116.57403564453125,117.06016589541106,115.56288383257017,116.7782094597697,85671900
2021-03-31,118.76162719726562,120.0936193981419,117.78936665110342,118.27549692418452,118323800
2021-04-01,119.58805847167969,120.73532632120784,119.09220346933651,120.22975405327205,75089100
2021-04-05,122.40760040283203,122.6603902138714,119.65610136330406,120.433912742921,88651200
2021-04-06,122.7090072631836,123.60348521908364,122.16454371050696,122.99096372232243,80171300
2021-04-07,124.35211181640625,124.3715537614014,121.66867092380699,122.33953300139642,83466700
2021-04-08,126.74383544921875,126.77300206726937,124.95488030972133,125.3729450587887,88844600
2021-04-09,129.3106231689453,129.34950705430177,125.8785454100243,126.19939309739704,106686700
2021-04-12,127.59950256347656,129.16484292014434,127.00642292932238,128.8439951014523,91420000
2021-04-13,130.70098876953125,130.9246193949784,128.27033720569543,128.7661996194506,91266500
2021-04-14,128.36752319335938,131.25513740306803,128.0077916382119,131.19680416012676,87222800
2021-04-15,130.76905822753906,131.2551885555225,129.93291346998677,130.10792810253133,89347100
2021-04-16,130.43844604492188,130.93429345955573,129.58285222938275,130.57456189416538,84922400
2021-04-19,131.09959411621094,131.71212294052938,129.64120345679902,129.80648595127033,94264200
2021-04-20,129.4176025390625,131.7704712922572,128.15366085563892,131.27462375202614,94812300
2021-04-21,129.7967987060547,130.0398638721709,127.65782821133615,128.6884221419856,68847100
2021-04-22,128.28004455566406,130.42873181562496,127.7647477103965,129.34952213608938,84566500
2021-04-23,130.5940704345703,131.37186716242175,128.49398366411955,128.49398366411955,78657500
2021-04-26,130.98289489746094,131.313459803844,129.85506950866935,131.0898441125276,66905100
2021-04-27,130.66212463378906,131.65383477576822,130.38989280430803,131.26492156542244,66015800
2021-04-28,129.8745574951172,131.27461496858584,129.38842725213598,130.5843034959248,107760100
2021-04-29,129.77735900878906,133.267786329292,128.77593163661356,132.68442395293744,151101000
2021-04-30,127.81336212158203,129.8551001147441,127.43418114888645,128.12447774341382,109839500
2021-05-03,128.86337280273438,130.35094470080776,128.17307630207762,128.3772426558717,75135100
2021-05-04,124.30349731445312,127.84253218435018,123.18539631101322,127.55085108162373,137564700
2021-05-05,124.54660034179688,126.8314040623254,124.42020170471136,125.61607819964402,84000900
2021-05-06,126.1410903930664,126.15080765787947,123.60348232032891,124.34240242288911,78128300
2021-05-07,126.81310272216797,127.83569855183693,126.10213618024181,127.43640587981206,78973300
2021-05-10,123.54074096679688,126.16055930554575,123.50178359349738,126.03396084545095,88071200
2021-05-11,122.62527465820312,122.97587617421408,119.5671838636692,120.2781429577982,126142800
2021-05-12,119.56718444824219,121.38840273799539,119.06075342898632,120.18075382257017,112172300
2021-05-13,121.70979309082031,122.85900963548862,121.01831640984287,121.32996797634482,105861300
2021-05-14,124.12508392333984,124.55360758966998,122.5668261780835,122.95639247198734,81918000
2021-05-17,122.97586822509766,123.61865372868071,121.90456648281831,123.51152281141687,74244600
2021-05-18,121.59290313720703,123.67707407576847,121.5247295992301,123.25829164809352,63342900
2021-05-19,121.43706512451172,121.66106067825827,119.65480474128498,119.94698125440186,92612000
2021-05-20,123.98872375488281,124.3880312073582,121.83637931031465,121.96299261493283,76857100
2021-05-21,122.15779113769531,124.66074485833978,121.94352929361253,124.48544038866837,79295400
2021-05-24,123.78421020507812,124.60230012567476,122.65447618088876,122.72264972174192,63092900
2021-05-25,123.58940887451172,124.97236927723016,123.02453824737019,124.48540594699715,72009500
2021-05-26,123.54074096679688,124.06665436080144,123.12195849177618,123.64787188578073,56575900
2021-05-27,122.01168060302734,124.3101132618625,121.81690119683103,123.14142196396851,94625600
2021-05-28,121.35916900634766,122.51812660764142,121.30073666690714,122.29412358918856,71311100
2021-06-01,121.03778076171875,122.07986629236983,120.70665425214682,121.8169133247897,67637100
2021-06-02,121.79741668701172,121.97272112169325,120.81377104330335,121.03776661351102,59278900
2021-06-03,120.31706237792969,121.59288443397801,119.91775498094397,121.42732121440905,76229200
2021-06-04,122.60576629638672,122.86872666566839,120.61898516439692,120.83324696740925,75169300
2021-06-07,122.61551666259766,123.0245579005518,121.57343116760482,122.87846962118002,71057600
2021-06-08,123.43360137939453,125.10873859219605,122.91742922255409,123.29725429760116,74403800
2021-06-09,123.81340789794922,124.41723590564901,123.21932108902007,123.89132262739905,56877900
2021-06-10,122.82003784179688,124.84577650141729,122.65447459192099,123.70629386140669,71186400
2021-06-11,124.02769470214844,124.11535064804697,122.81030467281765,123.2290871401218,53522400
2021-06-14,127.0760269165039,127.13445925571631,123.75499103493249,124.48542499652146,96906500
2021-06-15,126.2579345703125,127.19289650672997,126.0144566021608,126.5501111042377,62746300
2021-06-16,126.75465393066406,127.47535423486387,125.1087549638898,126.96891578162294,91815000
2021-06-17,128.35186767578125,129.0920503743114,126.26769639966578,126.41379212945316,96721700
2021-06-18,127.05657958984375,128.07917541017278,126.8423177381681,127.3000576157734,108953300
2021-06-21,128.84854125976562,128.95567215813708,125.83915719739741,126.90071755171388,79663300
2021-06-22,130.48468017578125,130.5820772861633,128.18624806146317,128.68295251941402,74783600
2021-06-23,130.21202087402344,130.81585637036997,129.75428108226635,130.28020184164183,60214200
2021-06-24,129.92958068847656,131.12748807728477,129.46209231078763,130.94244245203893,68711000
2021-06-25,129.637451171875,130.3971014851615,129.34527454506005,129.97832637994586,70783700
2021-06-28,131.2638702392578,131.72161011019884,129.87118308436172,129.929615432019,62111300
2021-06-29,132.7734375,132.92926700154416,130.84509571572818,131.28335318569188,64556100
2021-06-30,133.38697814941406,133.82523552499876,132.32540290188453,132.61757943917965,63261400
2021-07-01,133.68894958496094,133.74738194699498,132.21833245706495,133.03643010770966,52485800
2021-07-02,136.30870056152344,136.34765049437885,134.15634896857634,134.30242979267734,78852600
2021-07-06,138.31497192382812,139.41548226335163,136.4158466947496,136.4158466947496,108181800
2021-07-07,140.79844665527344,141.11009072715532,138.9382714107099,139.79530375392193,104911600
2021-07-08,139.50315856933594,140.30175867225685,137.00019762598444,137.88646110200742,105575500
2021-07-09,141.32435607910156,141.8502619651795,138.92852627188464,139.02592340594762,99890800
2021-07-12,140.7303009033203,142.50282808936566,140.2433448448313,142.3956971620693,76299700
2021-07-13,141.8405303955078,143.61305721006948,139.88297280050324,140.27253162136344,100827100
2021-07-14,145.2589111328125,145.6679670876937,143.8272598728638,144.23631582774505,127050800
2021-07-15,144.60646057128906,146.08681108461445,143.2527233830004,145.3466432583112,106820300
2021-07-16,142.5709686279297,145.85304711779946,142.0742788872529,144.58697348148013,93251400
2021-07-19,138.73374938964844,140.31149679803218,137.97409928442224,139.99983785193092,121434600
2021-07-20,142.3372344970703,143.26246279631377,139.23046766424767,139.71742366986297,96350000
2021-07-21,141.60679626464844,142.31776271135624,140.85689473808662,141.7334095777614,74993500
2021-07-22,142.97027587890625,144.33374665171397,142.00609770767423,142.13271101540525,77338200
2021-07-23,144.68435668945312,144.84018616778306,143.0871416883638,143.7007109713398,71447400
2021-07-26,145.10313415527344,145.92121655552194,143.8467795270844,144.4019164234274,72434100
2021-07-27,142.94105529785156,145.3174027377309,141.7528815779119,145.22973937162135,104818600
2021-07-28,141.19773864746094,143.13582861718922,138.82139130869905,141.03217541296894,118931200
2021-07-29,141.8405303955078,142.72679380278865,140.80818614558353,140.91531705042755,56699500
2021-07-30,142.0547637939453,142.51250349030116,140.3504182873009,140.61337861218294,70440600
2021-08-02,141.72364807128906,143.1163348001012,141.46068772656318,142.54173040964227,62880000
2021-08-03,143.51568603515625,144.17793912255732,141.39254995347815,142.0061193250026,64786600
2021-08-04,143.11634826660156,143.93443068193204,142.46382908813206,143.4280072023747,56368300
2021-08-05,143.2235107421875,143.98316098970645,142.35672956946877,143.14559599106772,46397700
2021-08-06,142.5407257080078,143.48683682415765,142.04329182669468,142.74556017853746,54126800
2021-08-09,142.4919891357422,143.08696622193483,141.93603523588163,142.59928057367807,48908700
2021-08-10,142.0140380859375,144.0720717018618,141.72142377939727,142.83334623786462,69023100
2021-08-11,142.2676239013672,143.10644361120174,141.94574966449076,142.45294678468827,48493500
2021-08-12,145.22299194335938,145.37905487994794,142.24810732768088,142.58949314109574,72282600
2021-08-13,145.42779541015625,145.75941791748622,144.6182358425136,145.30099244083343,59375000
2021-08-16,147.39808654785156,147.46636967362969,142.86261655746753,144.88162714158625,103296000
2021-08-17,146.49102783203125,147.9443216421731,145.41811337630122,146.5300361381551,92229700
2021-08-18,142.7553253173828,147.00794422226895,142.55049082276733,146.1106045300614,86326000
2021-08-19,143.0869903564453,144.35497623238126,140.94117611877766,141.45812180248436,86960300
2021-08-20,144.54026794433594,144.84263065061194,143.16499090967656,143.8087395067066,60549600
2021-08-23,146.0228271484375,146.4910011515847,144.24764444190524,144.65729855503196,60131800
2021-08-24,145.93502807617188,147.14449367144724,145.4766024407117,145.7692167650667,48606400
2021-08-25,144.7061004638672,146.6178349427017,144.15989486505342,146.1203860071499,58991300
2021-08-26,143.90625,145.44733817166107,143.87699005673284,144.6963131171606,48597200
2021-08-27,144.9401397705078,145.08643947056316,143.21372889495123,143.847714105832,55802400
2021-08-30,149.34878540039062,149.7096827488744,144.94986805949804,145.3302621099701,90956700
2021-08-31,148.09059143066406,149.03670255975587,147.56388271808643,148.90015120519527,86453100
2021-09-01,148.7538299560547,151.16299758315895,148.5880186674378,149.0659558284964,80313700
2021-09-02,149.8657684326172,150.90942268736845,148.64655451799135,150.08035127222993,71115500
2021-09-03,150.49978637695312,150.8216606743961,149.3195806196622,149.9730775691431,57808700
2021-09-07,152.83090209960938,153.38685589495006,150.58754556278473,151.15326259436534,82278300
2021-09-08,151.28981018066406,153.17226923823645,150.18763608775444,153.11374935418493,74420200
2021-09-09,150.27542114257812,152.26517148741016,150.15836649901337,151.66044621375175,57305700
2021-09-10,145.30108642578125,151.65074922176754,145.03773196644917,151.18257509194504,140893200
2021-09-13,145.86676025390625,147.6906995642944,145.08646034770857,146.92016289482572,102404300
2021-09-14,144.47198486328125,147.34934195867896,143.29179398463287,146.6470734676716,109296300
2021-09-15,145.3595428466797,145.7594485393446,142.76505234502355,144.9011172737186,83281300
2021-09-16,145.12548828125,145.30106285331667,143.59416308886955,144.78411725815147,68034100
2021-09-17,142.4626922607422,145.15472586644688,142.17007797103764,145.15472586644688,129868800
2021-09-20,139.4195556640625,141.27275491051466,137.79068761664803,140.2583754550107,123478900
2021-09-21,139.89747619628906,141.03867353306788,139.2634909051742,140.38516176883357,75834000
2021-09-22,142.25790405273438,142.82360628582634,140.16084691647131,140.89237536058963,76404300
2021-09-23,143.21377563476562,143.45761846975984,142.05308135891542,143.0382010544173,64838200
2021-09-24,143.30152893066406,143.83798604484667,141.97502355876833,142.07256662788618,53477900
2021-09-27,141.7896728515625,142.3651530337308,140.2778597575895,141.88721590155166,74150700
2021-09-28,138.41493225097656,141.18498292082313,138.20034939372246,139.72192610299075,108972300
2021-09-29,139.312255859375,140.89235227723765,138.53195600356045,138.96112166840754,74602000
2021-09-30,138.0150146484375,140.82408826037346,137.80043180958225,140.12181985738948,89056700
2021-10-01,139.13670349121094,139.40005789714257,135.68389579904266,138.40517505038864,94639600
2021-10-04,135.713134765625,138.7075311976416,134.86456666800945,138.26860229461653,98322000
2021-10-05,137.6345977783203,138.73677173382114,135.92769858570284,136.0545015739937,80861100
2021-10-06,138.50271606445312,138.6490157972431,134.9621137010957,136.03502801816884,83221100
2021-10-07,139.76092529296875,140.66802820004892,139.20497147758243,139.53659409609236,61732700
2021-10-08,139.38055419921875,140.62902828496263,139.048931525846,140.48272854170557,58773200
2021-10-11,139.292724609375,141.24346653207863,138.3173536480232,138.7660308387561,64452200
2021-10-12,138.02476501464844,139.72191616043952,137.56633938704366,139.7024045703548,73035900
2021-10-13,137.4395294189453,137.91745167770748,135.7716384818284,137.7614036307742,78762700
2021-10-14,140.21929931640625,140.33635393155046,138.02471504041065,138.60994346720034,69907100
2021-10-15,141.2727508544922,141.3312707409973,139.97550546602724,140.22911148485912,67940300
2021-10-18,142.94061279296875,143.22346381420707,139.63410593501254,139.91695695625089,85589200
2021-10-19,145.09620666503906,145.49611240776287,142.94064476173952,143.38930715549284,76378900
2021-10-20,145.58389282226562,146.0618300447265,144.47197030405582,145.03768735830047,58418800
2021-10-21,145.79847717285156,145.95454013073487,144.2281290062348,145.14498028007083,61421000
2021-10-22,145.02793884277344,146.481232332848,144.97916730862042,146.0033099939033,58883400
2021-10-25,144.97914123535156,145.69115788039105,143.98425867288518,145.0181495258691,50720600
2021-10-26,145.64242553710938,147.12497895180522,145.34004798248478,145.6521738906202,60893400
2021-10-27,145.18399047851562,146.04230690415662,144.83285629616836,145.68142436893194,56094900
2021-10-28,148.8123779296875,149.39759166799496,146.03256430303534,146.1301073675776,100077900
2021-10-29,146.11061096191406,146.24716233667445,142.8041031388741,143.59415144162946,124953200
2021-11-01,145.291259765625,146.0130247261565,144.1598259189258,145.3205197027828,74588300
2021-11-02,146.32518005371094,147.8370082711022,144.98891149464504,144.9986747309846,69122000
2021-11-03,147.7589569091797,148.22713081802038,146.13008913879244,146.686042864982,54511500
2021-11-04,147.24205017089844,148.6758322133497,146.92992422765454,147.84677558220335,60394600
2021-11-05,147.7694854736328,148.66813471450217,146.57779487265975,148.36533077411934,65463900
2021-11-08,146.94898986816406,148.0527725947036,146.67548855791236,147.8964818732159,55020900
2021-11-09,147.3103790283203,147.91598686060686,146.57778313905698,146.7145337755314,56787900
2021-11-10,144.48745727539062,146.64617992683026,144.4190894029692,146.5387319232798,65187100
2021-11-11,144.43858337402344,145.96238025554524,144.25299005299453,145.50330059918394,41000000
2021-11-12,146.5093994140625,146.90987379593676,144.05763589771334,144.98558760939255,63804000
2021-11-15,146.51919555664062,148.3555742437889,145.9624154592678,146.88060480284193,59222800
2021-11-16,147.49598693847656,147.97462166575806,145.87450429964008,146.46058703081326,59256200
2021-11-17,149.92820739746094,151.40316186672771,147.48622091573952,147.49598349597346,88807000
2021-11-18,154.20654296875,154.9879815498081,149.49840122848465,150.14308917571017,137827700
2021-11-19,156.82440185546875,157.2834965855034,152.897682743032,153.99168810581827,117305600
2021-11-22,157.28347778320312,161.8548695638248,157.26393771700205,157.9281509208038,117467900
2021-11-23,157.6643829345703,158.04533214291368,155.36891020179667,157.3811042204667,96041900
2021-11-24,158.18212890625,158.3774848564214,155.9354982175197,157.01974088138022,69463600
2021-11-26,153.171142578125,156.72667394842426,152.73158803573577,155.86710492688786,76959800
2021-11-29,156.52157592773438,157.44952783966656,155.10521179906075,155.67175446958956,88748200
2021-11-30,161.4641571044922,161.67905311784355,156.20899716750552,156.27737994661885,174048100
2021-12-01,160.9464569091797,166.34813007275002,160.71202083002768,163.59356203535145,152052500
2021-12-02,159.9598846435547,160.38967666927002,154.13819694441963,155.0563862894109,136739200
2021-12-03,158.08445739746094,161.13206712633752,156.0136573148525,160.2138776845153,118023100
2021-12-06,161.48365783691406,163.98424912351223,160.46778331129622,160.477545889633,107497000
2021-12-07,167.2077178955078,167.5984447377344,164.43362438687151,165.15645786646198,120405400
2021-12-08,171.01719665527344,171.87678065417452,166.73883163036436,168.1356556285786,116998900
2021-12-09,170.50926208496094,172.64844463234323,169.8841141404718,170.85114615502485,108923700
2021-12-10,175.28579711914062,175.46162790674452,170.63625994665398,171.14419733842757,115402700
2021-12-13,171.66189575195312,177.9036129181879,171.45676231906222,176.91704079075095,153237000
2021-12-14,170.28460693359375,173.6154801461527,168.21380712036787,171.1832561903654,139380400
2021-12-15,175.13929748535156,175.33465344975855,168.31149697974806,171.04652519555987,131063300
2021-12-16,168.2626495361328,176.93659123544322,166.78769490587976,175.11975249855263,150185800
2021-12-17,167.16860961914062,169.44454258569772,165.75226057944147,165.98668171971096,195432700
2021-12-20,165.81088256835938,166.62162387110183,163.57402950297322,164.374993320752,107499100
2021-12-21,168.97573852539062,169.18085708761444,165.19553249835857,167.5789142050935,91185900
2021-12-22,171.564208984375,171.77910499631244,168.15519034473417,169.02453697313442,92135300
2021-12-23,172.18936157226562,172.74614168304623,171.2028043307869,171.76934702247985,68356600
2021-12-27,176.1453399658203,176.23324788670124,172.96099551474387,172.98052067180626,74919600
2021-12-28,175.1295166015625,177.12218615208815,174.38715798933583,175.9793381325386,79144300
2021-12-29,175.2174072265625,176.43840038673264,174.0061766459811,175.16856451921535,62348900
2021-12-30,174.06483459472656,176.37984846199373,173.95738656793606,175.30536819408863,59773000
2021-12-31,173.4494171142578,175.07088475573076,173.14659828081136,173.95733955389892,64062300
2022-01-03,177.78643798828125,178.63625970371407,173.58623175687953,173.70344237774987,104487900
2022-01-04,175.52999877929688,178.69481886787932,174.96345608354855,178.39201490568885,99310400
2022-01-05,170.8609161376953,175.9890879826122,170.587414831676,175.4420853705736,94537600
2022-01-06,168.00869750976562,171.23212317548703,167.65705080251047,168.69245085589924,96904000
2022-01-07,168.17474365234375,170.0990304259398,167.06119827767387,168.878037036841,86709100
2022-01-10,168.1942596435547,168.4970635759533,164.26754129298973,165.15642793014217,106765600
2022-01-11,171.01719665527344,171.1148671703379,166.85605711502512,168.3212489833143,76138300
2022-01-12,171.45675659179688,173.06846173538992,170.7632407657719,172.0330618342014,74805200
2022-01-13,168.1942596435547,172.52145244084235,167.80353287215138,171.70094857794888,84505800
2022-01-14,169.05386352539062,169.74737940608347,167.11979931497876,167.36399798657283,80440800
2022-01-18,165.85972595214844,168.53613361538314,165.47877665458643,167.53003637041928,90956700
2022-01-19,162.37255859375,167.11001826086033,162.08929472408371,166.0550783276264,94815000
2022-01-20,160.69248962402344,165.74251639966073,160.3701455866801,163.10517370877471,91420500
2022-01-21,158.64120483398438,162.4702376425932,158.5337568383858,160.604556493883,122848900
2022-01-24,157.86953735351562,158.53376542721094,151.11012055841888,156.30667494751387,162294600
2022-01-25,156.072265625,158.98310983768695,153.3763174519784,155.29082683573563,115798400
2022-01-26,155.98431396484375,160.57524507136318,154.15771304423117,159.70589857439398,108275300
2022-01-27,155.5252227783203,160.0380086364196,154.60703355591713,158.68026486629398,121954600
2022-01-28,166.37741088867188,166.39695095221313,159.02214941138433,161.8646250162313,179935700
2022-01-31,170.72421264648438,170.93910871839267,165.57649931347527,166.2114249458252,115541600
2022-02-01,170.55810546875,170.78276405312576,168.31147491088436,169.97202274767105,86213900
2022-02-02,171.7595672607422,171.79864739328102,169.30781806090394,170.69486467196293,84914300
2022-02-03,168.88780212402344,172.15030783567607,168.125903430298,170.4311395793071,89418100
2022-02-04,168.60418701171875,170.27664070855118,166.93173331488632,167.90977257243412,82465400
2022-02-07,167.89022827148438,170.12993168140494,167.19581380846196,169.06387243592252,77251200
2022-02-08,170.99057006835938,171.49915455646115,167.6652283214683,167.9586430232075,74829200
2022-02-09,172.40875244140625,172.77062217708496,171.05905354274313,172.1838075995271,71285000
2022-02-10,168.34010314941406,171.6263154743887,167.78262856301606,170.31574652168356,90865900
2022-02-11,164.93653869628906,169.2790353586412,164.34970917619486,168.54550592037077,98670700
2022-02-14,165.1712646484375,165.8558891027738,162.9022065441299,163.69441590726865,86185500
2022-02-15,168.99537658691406,169.1518664311418,166.5111637354937,167.2153531108256,62527400
2022-02-16,168.76065063476562,169.53329496166765,166.31555287107355,168.0760262456703,61177400
2022-02-17,165.1712646484375,168.1347222265384,164.7702649952927,167.27404295611913,69589300
2022-02-18,163.62596130371094,166.79479876362558,162.54033719370844,166.0906242687398,82772700
2022-02-22,160.71139526367188,163.02934320107533,158.58903724171788,161.35688974047144,91162800
2022-02-23,156.5547332763672,162.50119815168253,156.241753586249,161.90459367562613,90009200
2022-02-24,159.1661376953125,159.2737226265083,148.66198914257592,149.22925378672676,141147500
2022-02-25,161.22975158691406,161.4938113988268,157.3371452242796,160.24192254485857,91974200
2022-02-28,161.49378967285156,161.7872043480846,158.86286246028953,159.47903178590988,95056600
2022-03-01,159.61598205566406,162.94132403155473,158.41299811175085,161.08304074169718,83474400
2022-03-02,162.90219116210938,163.6846254319098,159.37146939131958,160.7798480922219,79724800
2022-03-03,162.57945251464844,165.20060533866413,161.91439302006907,164.77026570160976,76678400
2022-03-04,159.58660888671875,161.91434629337496,158.54011500197396,160.87762742530813,83737200
2022-03-07,155.80162048339844,161.39600492959968,155.54732078440395,159.7724565579089,96418800
2022-03-08,153.9824981689453,159.30303394754864,152.3785144348394,155.33219707675556,131148300
2022-03-09,159.37142944335938,159.82133388592186,155.90917844123092,157.93371112354035,91454900
2022-03-10,155.0387725830078,156.86770104560523,152.55454474714313,156.68187121650197,105342000
2022-03-11,151.3319854736328,155.78206635482195,151.1070406596988,155.43974670100266,96970100
2022-03-14,147.31224060058594,150.73537736075448,146.80367102699051,148.1240148231261,108732100
2022-03-15,151.68411254882812,152.15358216127328,147.07755576988814,147.58612546449382,92964300
2022-03-16,156.0852508544922,156.48625045296393,151.06792059745445,153.60103819497576,102300200
2022-03-17,157.09262084960938,157.46428044860957,154.16829376386883,155.12676781405298,75615400
2022-03-18,160.3788604736328,160.86788006337628,156.25153394230247,156.98506332691767,123511700
2022-03-21,161.74813842773438,162.69683770871782,159.43017522147943,159.91919485399893,95811400
2022-03-22,165.1125946044922,165.6994092047397,161.2884575262128,161.87527212646032,81532000
2022-03-23,166.47203063964844,168.84865833026834,163.9682381752626,164.30078278901993,98062700
2022-03-24,170.24725341796875,170.3157083866542,166.47202233591315,167.30334651961118,90131400
2022-03-25,170.88299560546875,171.43069512284325,168.95625735233114,170.061446329407,80546200
2022-03-28,171.74365234375,171.8707872641407,168.22270601580345,168.38897085299945,90371900
2022-03-29,175.02993774414062,175.07882777522605,172.46746436577632,172.80978412555572,100589400
2022-03-30,173.8660125732422,175.66560091058673,172.8195035873902,174.628881866762,92633200
2022-03-31,170.77545166015625,174.12034444944086,170.57005683003788,173.9345145849757,103049300
2022-04-01,170.48199462890625,171.0394840841696,168.16404671715162,170.20814487239906,78751300
2022-04-04,174.5213165283203,174.57022147286082,170.60915974417932,170.73630961524591,76468400
2022-04-05,171.21551513671875,174.38436705774205,170.589570736433,173.6019328264619,73401800
2022-04-06,168.0564422607422,169.81691543605135,166.39377895438548,168.57480173407063,89058800
2022-04-07,168.3596649169922,169.55287391806212,166.11996174699982,167.401190693142,77594700
2022-04-08,166.3546600341797,168.0075484323814,165.48420586824818,168.0075484323814,76575500
2022-04-11,162.11000061035156,165.31796805598518,161.8654908055094,165.00500326610816,72246700
2022-04-12,163.97802734375,166.13948524268093,162.98042335456353,164.33012199148104,79265200
2022-04-13,166.65786743164062,167.28381189911025,163.10759541750994,163.7139749230824,70618900
2022-04-14,161.6600799560547,167.5087646523774,161.41557017548345,166.8730302686766,75329400
2022-04-18,161.44493103027344,162.94132974863555,159.977872292766,160.32017704396847,69023900
2022-04-19,163.72377014160156,164.1345597736567,160.31042259224273,161.39604679422817,67723800
2022-04-20,163.5574493408203,165.17122256165572,162.45227547603122,165.0538477396104,67929800
2022-04-21,162.76524353027344,167.7630232618858,162.2664490283051,165.2005659371102,87227800
2022-04-22,158.2369384765625,164.1834179598548,157.95331370568275,162.8043941791054,84882400
2022-04-25,159.30299377441406,159.58661851207708,154.9800632753819,157.58163561913904,96046400
2022-04-26,153.35653686523438,158.77486701882205,153.2782919448604,158.68684707978605,95623200
2022-04-27,153.131591796875,156.28086402556207,151.96772285920957,152.48608239761126,88063200
2022-04-28,160.04629516601562,160.90697422827097,155.43972508795935,155.75270471921226,130216800
2022-04-29,154.18788146972656,162.55012002443183,153.7966717400247,158.2858683064252,131747600
2022-05-02,154.4910888671875,154.75514872367953,149.9040823265059,153.26853978592672,123055300
2022-05-03,155.97769165039062,157.18069064394373,152.88709903691972,154.67689768841237,88966500
2022-05-04,162.37405395507812,162.8239435793619,155.76250015329012,156.16349976201118,108256500
2022-05-05,153.32723999023438,160.4767055732459,151.54720112961485,160.25176069124018,130525300
2022-05-06,154.05203247070312,156.16770488216497,151.0156499387557,152.80809337522012,116124600
2022-05-09,148.9391326904297,152.63176175523802,148.38083908771665,151.75022430191655,131577900
2022-05-10,151.3388671875,153.5231099451531,149.7912929478581,152.32814774676658,115366700
2022-05-11,143.49325561523438,152.25956414663153,142.81741468212965,150.3495886480442,142689800
2022-05-12,139.6340789794922,143.19937058277358,135.95125505327687,139.83977549024235,182602000
2022-05-13,144.0907440185547,145.0604308345469,140.17283922837782,141.62245981596948,113990900
2022-05-16,142.55294799804688,144.49232147743598,141.22085987637433,142.56275232444813,86643800
2022-05-17,146.17706298828125,146.696184283466,143.66959085558614,145.8048571745172,78336300
2022-05-18,137.92982482910156,144.33559163369299,137.02869370903522,143.8360642275501,109742900
2022-05-19,134.5310821533203,138.7526228149115,133.79647489353653,137.0091561140078,136095600
2022-05-20,134.76609802246094,137.8122689524701,129.88831177177445,136.2353120090451,137426100
2022-05-23,140.17282104492188,140.31973647724712,134.82487512400195,134.9620011760451,117726300
2022-05-24,137.47927856445312,139.05623582746938,134.51146690573626,137.92003986063096,104132700
2022-05-25,137.63597106933594,138.87989482274827,135.50070562747283,135.58885488011762,92482700
2022-05-26,140.82908630371094,141.37759058232152,134.3253649583187,134.57023400738558,90601500
2022-05-27,146.56884765625,146.6080201361109,142.2787362487316,142.40607296312103,90978500
2022-05-31,145.78526306152344,147.56791727452668,143.8263102712994,146.01055339324827,103718400
2022-06-01,145.6579132080078,148.62572491730577,144.6490389655957,146.8234773391278,74286600
2022-06-02,148.10658264160156,148.16534881431244,143.84585577263883,144.7959487531145,72348100
2022-06-03,142.39625549316406,144.93309527765794,141.49513917786348,143.88504856420633,88570300
2022-06-06,143.140625,145.52075950090375,141.92606935448035,144.01235806018857,71598400
2022-06-07,145.6579132080078,145.94195473174813,141.14252729935507,141.3873963509184,67808200
2022-06-08,144.9232635498047,146.79405119640674,144.43352559030978,145.5305338369811,53950200
2022-06-09,139.71246337890625,144.91347882072873,139.60472041542363,144.06133943857793,69473000
2022-06-10,134.31556701660156,137.87105521943323,134.24699651333503,137.40091085996173,91437900
2022-06-13,129.17333984375,132.4251934035628,128.7423678783914,130.14301182018457,122207100
2022-06-14,130.0352325439453,131.14204524198857,128.7815044194442,130.39764883857168,84784300
2022-06-15,132.65045166015625,134.52125474775525,129.4475753177957,131.5338494146611,91533000
2022-06-16,127.39067840576172,129.67285985675707,126.39160844816745,129.36922461121898,108123900
2022-06-17,128.85989379882812,130.34870189215334,127.14581035148301,127.40048374314352,134520300
2022-06-21,133.08139038085938,134.2469691337133,130.58373870544858,130.68167733148658,81000500
2022-06-22,132.5720977783203,134.93262385029735,131.16164978530637,132.0235786011109,73409200
2022-06-23,135.43215942382812,135.74558399228505,132.84634321517927,134.0119221215175,72433800
2022-06-24,138.75259399414062,138.99746302987265,136.90138468183136,137.0287064173905,89116800
2022-06-27,138.75259399414062,140.5450371291734,138.0767530642211,139.7712426067131,70207900
2022-06-28,134.6191864013672,140.47644880841756,134.50165406172098,139.212931320367,67083400
2022-06-29,136.37249755859375,137.78294599248824,133.86504031861426,134.63883505875384,66242400
2022-06-30,133.91397094726562,135.5301005021527,131.02451949836083,134.43309207438057,98964500
2022-07-01,136.07858276367188,136.18632571299105,132.87570725736074,133.2478979449589,71051600
2022-07-05,138.65463256835938,138.70360936186282,134.1196535002059,134.94242477245444,73353800
2022-07-06,139.9867401123047,141.16210859174285,138.1845074474581,138.44897021265854,74064300
2022-07-07,143.3463134765625,143.5422056804672,140.33931508968487,140.3491044689141,66253700
2022-07-08,144.02215576171875,144.52169812610057,142.02403114104803,142.2786895406023,64547800
2022-07-11,141.896728515625,143.63040577238007,140.82910292265402,142.68031255423233,63141600
2022-07-12,142.86636352539062,145.4032026642234,142.0729903924104,142.76840995155382,77588800
2022-07-13,142.5040283203125,143.44431730468634,139.2031826544535,140.05533729447072,71185600
2022-07-14,145.4228515625,145.89299601499977,140.30998393649415,141.12295108192205,78140700
2022-07-15,147.0879364013672,147.76377735798872,145.1583671279135,146.7059412883577,76259900
2022-07-18,144.0515594482422,148.45920196700573,143.6891431225671,147.64623499784832,81420900
2022-07-19,147.90090942382812,148.1261847699647,143.89485526545627,144.88412086859606,82982400
2022-07-20,149.89903259277344,150.56508418725386,147.28383290571463,148.01844006316782,64823400
2022-07-21,152.16163635253906,152.37712231601844,148.82161886422966,151.3290755894941,65086600
2022-07-22,150.927490234375,153.0725455912705,150.26145356507448,152.20081233549695,66675400
2022-07-25,149.81089782714844,151.85799971719163,149.15465049641978,150.84914031891685,53623900
2022-07-26,148.48858642578125,149.94799628582763,147.70500253719806,149.13502930916428,55138700
2022-07-27,153.57208251953125,154.1010080911438,149.03711741300498,149.44849566558014,78620700
2022-07-28,154.12054443359375,154.40458587882554,151.24088279184247,153.758128174429,81378700
2022-07-29,159.1746826171875,160.27170619819887,156.226464436767,157.93075852013737,101786900
2022-08-01,158.1951446533203,160.23245628562887,157.58787438780323,157.70540671129274,67829400
2022-08-02,156.72596740722656,159.07671904499605,156.35377664743476,156.81413161603723,59907000
2022-08-03,162.72036743164062,163.1709180629882,157.45078129075776,157.53893055181024,82507500
2022-08-04,162.406982421875,163.75866466085358,161.05530018289645,162.60287471628337,55474100
2022-08-05,162.18133544921875,162.67175374212067,159.87636348602825,160.08234575425365,56697000
2022-08-08,161.71054077148438,164.59420304327227,161.05338198319762,163.18179581085533,60276900
2022-08-09,161.75958251953125,162.6423445061743,160.1215870695177,160.8768354992681,63135500
2022-08-10,165.996826171875,166.0949008724902,163.70165667502752,164.4667081851827,70170500
2022-08-11,165.2611846923828,167.71327649760102,164.9669306824805,166.8010905635419,57149200
2022-08-12,168.80198669433594,168.87063747457046,166.1537158722437,166.5656804191666,68039400
2022-08-15,169.87107849121094,170.06724280100903,168.06634289486433,168.23308330651162,54091700
2022-08-16,169.7141571044922,170.38113378052608,168.37041574061854,169.4689479524639,56377100
2022-08-17,171.2050323486328,172.77436193637106,169.2629800618565,169.45914438952641,79542000
2022-08-18,170.8126983642578,171.54832585930868,169.80243780169835,170.42036968678258,62290100
2022-08-19,168.23313903808594,170.41059802085272,168.0271567164156,169.71419727903458,70346300
2022-08-22,164.35879516601562,166.6049043800519,163.9370276482697,166.43816395511286,69026800
2022-08-23,164.02529907226562,165.4769480040651,163.4564120530002,163.87817957003261,54147100
2022-08-24,164.31956481933594,164.88845187937156,163.06409508904346,164.11359750144874,53841500
2022-08-25,166.77166748046875,166.87956011908489,165.1238689631101,165.5456215718219,51218200
2022-08-26,160.48448181152344,167.7721056277997,160.42563400937078,167.3013082441995,78961000
2022-08-29,158.2874298095703,159.7782908024648,156.7573269679059,158.06182659509352,73314000
2022-08-30,155.86474609375,159.44479366035216,154.69754815714236,159.02304111055471,77906200
2022-08-31,154.2071075439453,157.502718607711,154.12863883214416,157.2378885761792,87991100
2022-09-01,154.93296813964844,155.38414463005734,151.70600708998924,153.63825654168207,74229900
2022-09-02,152.82415771484375,157.286967514474,152.00025851175562,156.6886565527691,76957800
2022-09-06,151.56869506835938,154.07963464254792,150.7447958267751,153.4715206737186,73714800
2022-09-07,152.97125244140625,153.66763790838854,150.6662809011109,151.8530995373935,87449600
2022-09-08,151.50003051757812,153.36361410419434,149.75412756943635,151.6765739248584,84923800
2022-09-09,154.35427856445312,154.79566708651402,151.7844910019974,152.49069467763707,68028800
2022-09-12,160.29811096191406,161.11220709833708,156.24726616785827,156.53170218353472,104956000
2022-09-13,150.89193725585938,157.4635411507797,150.430942739526,156.83580616608484,122656600
2022-09-14,152.33375549316406,154.08946168271527,150.66633598686377,151.82371618505977,87965400
2022-09-15,149.45008850097656,152.2651001071562,148.4790697119515,151.68639505914092,90481100
2022-09-16,147.81207275390625,148.44962552428208,145.5267216779744,148.31230899881908,162278800
2022-09-19,151.51963806152344,151.59810678770754,146.2427471814607,146.44871449211215,81474200
2022-09-20,153.89328002929688,155.05067517637016,150.14649142825516,150.46035140561636,107689800
2022-09-21,150.7742462158203,155.69805153828966,150.65655057959955,154.32487092805448,101696800
2022-09-22,149.81298828125,151.50983141556574,148.0180554999838,149.45988650515864,86652500
2022-09-23,147.5472869873047,148.5673657396687,145.71312678219724,148.29273260627454,96029900
2022-09-26,147.88075256347656,150.82326264584486,146.77240230987616,146.79202323434507,93339400
2022-09-27,148.85177612304688,151.75505941669135,147.07646404392761,149.81300689014782,84442700
2022-09-28,146.9685516357422,147.75322390412563,142.06436866631904,144.81071412247172,146691400
2022-09-29,139.74960327148438,143.9083561021041,137.98409428837317,143.3002421615135,128138200
2022-09-30,135.55165100097656,140.35776059275875,135.35548662233668,138.5726303244555,124925300
2022-10-03,139.72018432617188,140.32831325471835,135.05140704196927,135.56144631438175,114311700
2022-10-04,143.30023193359375,143.41792753527417,141.4954812316815,142.25072959734777,87830100
2022-10-05,143.59446716308594,144.55569777280346,140.2694318056122,141.30913113651346,79471000
2022-10-06,142.64303588867188,144.7126013699718,142.4370686180154,143.0157585240758,68402200
2022-10-07,137.4053955078125,140.35772324812106,136.7776606833551,139.80844218113944,85925600
2022-10-10,137.7290802001953,139.17091126885134,135.91454138275128,137.7290802001953,74899000
2022-10-11,136.3166961669922,138.64128959242282,135.57126557653487,137.2190642395612,77033700
2022-10-12,135.68894958496094,137.67024396939837,135.51240615749046,136.46381898254117,70433700
2022-10-13,140.2498779296875,140.8383711075261,131.79505342070354,132.4031824941024,113224000
2022-10-14,135.72817993164062,141.75051634248345,135.5418185741853,141.54453406151188,88598000
2022-10-17,139.68096923828125,140.16156968133146,137.5819791306435,138.36665154683308,85250900
2022-10-18,140.9952850341797,143.88875049899616,137.91545818930572,142.70194639396894,99136600
2022-10-19,141.1031951904297,142.1723038055395,138.78841953799576,138.974780941184,61758300
2022-10-20,140.6421661376953,143.09425775385319,139.91634163141597,140.2792613677454,64522000
2022-10-21,144.44781494140625,145.0167019837592,139.916339525803,140.13212478208789,86548600
2022-10-24,146.5860137939453,147.3510650763543,143.2021308192321,144.36932866368048,75981900
2022-10-25,149.42063903808594,149.56777350297594,146.49775025875292,147.21375676214043,74732300
2022-10-26,146.48794555664062,149.07735346461445,145.20303709712394,148.06709300971718,88194300
2022-10-27,142.02517700195312,146.19373355952823,141.36801811707775,145.23251764978033,109180200
2022-10-28,152.7554931640625,154.48176014348397,144.98726930709842,145.35997702745019,164762400
2022-10-31,150.40147399902344,151.2842358798015,149.0086878845991,150.22493060269468,97943200
2022-11-01,147.7630615234375,152.47108127109797,146.27220032701106,152.10817643552318,80379300
2022-11-02,142.25074768066406,149.25392123210702,142.2213237765035,146.0956258102425,93604600
2022-11-03,136.21861267089844,140.0634909361085,136.09109910411752,139.33766635298934,97918500
2022-11-04,135.95333862304688,140.16810151754257,132.0234836201314,139.59827074317496,140814800
2022-11-07,136.48385620117188,136.70981865595215,133.29084915754692,134.70559929239224,83374600
2022-11-08,137.05368041992188,138.94982808586678,135.07893386231837,137.94772594743225,89908500
2022-11-09,132.50486755371094,136.12034157773797,132.22977893126608,136.07121539704306,74917800
2022-11-10,144.29446411132812,144.29446411132812,137.05371017047622,138.7632027049217,118854000
2022-11-11,147.07481384277344,147.37937519314977,141.83828048896822,143.26286485614494,93979700
2022-11-14,145.67971801757812,147.64464544159856,144.84461786588682,146.3576203774582,73374100
2022-11-15,147.40884399414062,150.89659305740093,145.95480194485347,149.55062261259357,89868300
2022-11-16,146.1807861328125,147.2418488642614,144.70709039322372,146.51483522710427,64218300
2022-11-17,148.07691955566406,148.82358651784583,143.58705356948877,143.8621421866718,80389400
2022-11-18,148.63693237304688,150.02220984195606,147.34008803390304,149.63904958366277,74829600
2022-11-21,145.41445922851562,147.73307435769456,145.12955132737417,147.52676535819396,58724100
2022-11-22,147.54640197753906,147.7821986794849,144.3533947208252,145.53236323934706,51804100
2022-11-23,148.42083740234375,149.16750461394776,146.7211639605135,146.82923559559399,58301400
2022-11-25,145.51272583007812,146.26922721502757,144.54008119228595,145.70921560778717,35195900
2022-11-28,141.69093322753906,144.06849387144769,140.8656672171658,142.5947981424062,69246000
2022-11-29,138.69444274902344,142.27061115238274,137.88883005476464,141.75972566869967,83763800
2022-11-30,145.43411254882812,146.11201495746124,138.0852876520207,138.92037287256267,111380900
2022-12-01,145.7091827392578,146.51481013470644,144.03899751867118,145.61094536816785,71250400
2022-12-02,145.21795654296875,145.4046270438478,143.09583136119605,143.40040769964443,65447400
2022-12-05,144.0586700439453,148.27343309869434,143.21375058654476,145.17867816271277,68826400
2022-12-06,140.40391540527344,144.71693119940028,139.431270776129,144.49096870660432,64727200
2022-12-07,138.46844482421875,140.85582456681212,137.54492649061714,139.69652452502783,69721100
2022-12-08,140.14845275878906,141.0032064446931,138.62564588690643,139.86354485762612,62128300
2022-12-09,139.6670379638672,143.0172426533997,138.42912415381502,139.84387422747133,76097000
2022-12-12,141.95619201660156,141.96601125722427,138.58633357333804,140.19757351667832,70462700
2022-12-13,142.91900634765625,147.34009332894186,141.71058010364294,146.87833415604433,93886200
2022-12-14,140.6986541748047,144.08815144991274,138.68460028950005,142.80112620848055,82291200
2022-12-15,134.10629272460938,139.3133532425607,133.6445335943197,138.63545090272245,98931900
2022-12-16,132.15118408203125,135.23611943482993,131.38486361161162,134.29296269794702,160156900
2022-12-19,130.0487060546875,132.82907992971283,129.01713123497163,132.74066180080095,79592600
2022-12-20,129.97994995117188,130.91328746393052,127.61220884643005,129.08590439011405,77432800
2022-12-21,133.0747528076172,134.41090451760874,130.42210286620787,130.64806540056483,85928000
2022-12-22,129.9111785888672,132.20032094511618,128.0150307307424,131.99401195090732,77852100
2022-12-23,129.54771423339844,130.0978917197954,127.3666427757447,128.62419559928406,63814900
2022-12-27,127.749755859375,129.10556058535423,126.46273078933113,129.07608787315525,69007800
2022-12-28,123.82971954345703,128.73221106602657,123.66270252163467,127.39605990024205,85438400
2022-12-29,127.33712768554688,128.19186635387044,125.49009852746012,125.74553370652504,75703700
2022-12-30,127.6515121459961,127.67116561919678,125.19536018378078,126.15817798931155,77034200
2023-01-03,122.87673950195312,128.6044974020352,121.99252063798394,127.9953746812147,112117500
2023-01-04,124.14410400390625,126.40377333508329,122.88655176574262,124.66480852480814,89113600
2023-01-05,122.82763671875,125.52941251499256,122.57220149484986,124.90063620206085,80962700
2023-01-06,127.34695434570312,128.00520329992693,122.699904718632,123.80026688503307,87754700
2023-01-09,127.86763763427734,131.07047871721036,127.61220248294386,128.18203319703136,70790800
2023-01-10,128.4375,128.95820466182693,125.87326865028986,127.97574077291436,63896200
2023-01-11,131.14907836914062,131.1687168485226,128.17221470136022,128.94835439070522,69458900
2023-01-12,131.07049560546875,131.90558081812333,129.13504077259947,131.5322547782573,71379600
2023-01-13,132.39678955078125,132.55398732492168,129.3511613806362,129.71466811603167,57809700
2023-01-17,133.55613708496094,134.88245427698436,131.77787992946924,132.4656016206527,63646600
2023-01-18,132.83895874023438,136.17933021057922,132.66210743185522,134.4207263168224,69672800
2023-01-19,132.8978729248047,133.86068318245066,131.4241773301355,131.72873868777404,58280400
2023-01-20,135.45228576660156,135.59966433835268,131.86629872212012,132.90770800117681,80223600
2023-01-23,138.63548278808594,140.80673462294286,135.48176704430378,135.6979103035641,81760300
2023-01-24,140.0305633544922,140.64952034187644,137.83967329148908,137.84949253259393,66435100
2023-01-25,139.372314453125,139.93231102042415,136.37579688239575,138.41932337339787,65799300
2023-01-26,141.4354705810547,141.72037843724186,139.4115829133593,140.6593159193217,54105100
2023-01-27,143.3708953857422,144.64810096985272,140.57088332682684,140.64948220797868,70555800
2023-01-30,140.49232482910156,142.99761054282715,140.34496125408572,142.41796049282078,64015300
2023-01-31,141.75970458984375,141.80883078137197,139.78495761656453,140.19759064122545,65874500
2023-02-01,142.8796844482422,144.0389993752098,138.8417731528238,141.44529588395375,77663600
2023-02-02,148.17518615722656,148.52885870656533,145.57164829200897,146.2888426135127,118339000
2023-02-03,151.7906951904297,154.6201964416526,145.2376617989533,145.43415161001897,154357300
2023-02-06,149.06919860839844,150.4151839414419,148.1358611817687,149.89447943002094,69858300
2023-02-07,151.93801879882812,152.50784959474223,147.99834440627268,147.99834440627268,83322600
2023-02-08,149.25587463378906,151.86923151834947,148.5190269025848,151.18150996746658,64120100
2023-02-09,148.2242889404297,151.62361983119905,147.78218328763404,151.08326181502397,56007100
2023-02-10,148.58834838867188,148.91305820143486,146.82706002572684,147.0632167115801,57450700
2023-02-13,151.38282775878906,151.7862414824205,148.49980618651492,148.52932389765635,62199000
2023-02-14,150.74327087402344,151.3041375201495,148.44079888424892,149.68058802933567,61707600
2023-02-15,152.83912658691406,153.00639866157246,150.42841784233283,150.6547253534473,65573800
2023-02-16,151.24508666992188,153.82306709582505,150.8908590911332,151.0482818929642,68167900
2023-02-17,150.10366821289062,150.5464488832577,148.4309328947845,149.90687847207133,59144100
2023-02-21,146.09898376464844,148.87376970304007,146.0301140857347,147.79140319924892,58867200
2023-02-22,146.5220489501953,147.54536466728035,144.80011234851025,146.4826819914061,51011300
2023-02-23,147.0041961669922,147.92912460701393,144.87884561858363,147.68313363952294,48394200
2023-02-24,144.3573455810547,144.8296440334222,143.38321594733068,144.75092512234477,55469600
2023-02-27,145.54795837402344,146.77791341877497,145.0854940760689,145.341334334401,44998500
2023-02-28,145.04612731933594,146.68934528974674,144.47542643511753,144.69189970203135,50547000
2023-03-01,142.97976684570312,144.8689754008769,142.68457472462396,144.47539591550134,55479000
2023-03-02,143.5701904296875,144.3573646302391,141.59241318636302,142.0647267151534,52238100
2023-03-03,148.60806274414062,148.68678165578146,144.96739941181147,145.66600535471582,70732300
2023-03-06,151.36314392089844,153.79353555974586,150.99908214162087,151.32377696340643,87558000
2023-03-07,149.1688995361328,151.55992406603715,148.70643540651363,151.23521425072406,56182000
2023-03-08,150.4185333251953,151.00891757952724,149.39521763366128,150.35949790258118,47204800
2023-03-09,148.1750946044922,152.0617483379844,147.8208670608722,151.09746808583355,53833600
2023-03-10,146.11859130859375,148.51946484076757,145.24286432488373,147.8011756328935,68572400
2023-03-13,148.05703735351562,150.6842189540097,145.33145336527863,145.43968998615728,84457100
2023-03-14,150.14303588867188,150.94004418166887,147.6929755826584,148.85404568502526,73695900
2023-03-15,150.53663635253906,150.79246155107444,147.51586009545082,148.76549840164833,77167900
2023-03-16,153.35073852539062,153.95095694332394,149.2082450157043,149.7199103098672,76161100
2023-03-17,152.51438903808594,154.22649145558808,151.80593390078133,153.57707174404283,98944600
2023-03-20,154.8759002685547,155.28917828804447,151.67801783277878,152.58327776546486,73641400
2023-03-21,156.7257843017578,156.84385517693187,154.02971754385752,154.79722327478603,73938300
2023-03-22,155.29901123046875,159.53989288471735,155.27932775015748,156.7454392443716,75701800
2023-03-23,156.38137817382812,158.95937384680835,155.15142327717084,156.28299079055427,67622100
2023-03-24,157.68019104003906,157.76874417421377,155.3186840441415,156.31248202721346,59196500
2023-03-27,155.7417755126953,158.19185056660328,155.33834678641222,157.37515888196728,52390300
2023-03-28,155.12188720703125,155.94842821050446,153.47866946121147,155.43676283008696,45992200
2023-03-29,158.19187927246094,158.4673879613573,156.79465234617297,156.81432081388166,51305700
2023-03-30,159.75636291503906,159.86459953343115,158.68384597812414,158.93967116064357,49501700
2023-03-31,162.25564575195312,162.35404815041076,159.31360321570477,159.83510289651463,68749800
2023-04-03,163.50526428222656,163.62333513475417,161.58653785817188,161.63573905142377,56976200
2023-04-04,162.97390747070312,164.16449510354033,162.46224215834394,163.92835343175463,46278300
2023-04-05,161.1339111328125,162.40323287933546,159.20535043705326,162.0982064947886,51511700
2023-04-06,162.01947021484375,162.31466233453045,159.40212310856722,159.8252203026454,45390100
2023-04-10,159.4316864013672,159.4316864013672,157.5129595959733,158.8314677582338,47716900
2023-04-11,158.22137451171875,159.7563555644006,157.93601661540757,159.74652133194326,47644200
2023-04-12,157.53262329101562,159.46118408911326,157.2177476424543,158.6346580327857,50133100
2023-04-13,162.9050750732422,163.14123183489016,158.83146477293297,159.03810381613732,68445600
2023-04-14,162.56063842773438,163.65283866101953,161.19292957831368,161.95057076563972,49386500
2023-04-17,162.580322265625,162.73776006518966,161.39956879707992,162.44256794452966,41516200
2023-04-18,163.8004608154297,164.7253892225956,162.99360326395418,163.43639900098648,49923000
2023-04-19,164.94186401367188,165.46336364998885,162.8853681685066,163.1412083770297,47720200
2023-04-20,163.97755432128906,165.17799130758831,162.9050374280842,163.4265370188754,52456400
2023-04-21,162.3737030029297,163.78076396537094,161.85220341407148,162.40322071444277,58337300
2023-04-24,162.6787567138672,162.94443117624493,161.26184626664974,162.35404681853836,41949600
2023-04-25,161.14376831054688,163.6430299514636,161.10440134757968,162.54099521393778,48714100
2023-04-26,161.1339111328125,162.6295403559192,160.1893142654478,160.44513945575562,45498800
2023-04-27,165.70932006835938,165.85690860859063,162.54095594925062,162.54095594925062,64902300
2023-04-28,166.95895385742188,167.12624089927414,165.18783120394306,165.7880496631181,55275900
2023-05-01,166.87039184570312,167.71660118549804,165.93562938076653,166.5653655163748,52472900
2023-05-02,165.83724975585938,167.6182368189597,164.85328597063295,167.3623966257795,48425700
2023-05-03,164.7647247314453,168.17908009941613,164.47938185396285,166.7818533947913,65136000
2023-05-04,163.13137817382812,164.36133312270948,161.6751157183002,162.24581661627295,81235400
2023-05-05,170.78660583496094,171.504895212846,168.02165491497223,168.23812815446027,113453200
2023-05-08,170.7176971435547,171.06209043449635,169.34998823962542,169.71404999386525,55962800
2023-05-09,169.01547241210938,170.7570775926942,168.84820036158354,170.27494492179522,45326900
2023-05-10,170.77674865722656,171.23921282792068,169.14336520388548,170.24541483030967,53724500
2023-05-11,170.96372985839844,171.7902559418124,169.40906507439723,171.06213225532295,49514700
2023-05-12,170.03750610351562,171.50563041723674,168.49053896760506,171.07208510437357,45533100
2023-05-15,169.5448455810547,170.66811525184778,168.95364468701064,170.6188460048669,37266700
2023-05-16,169.5448455810547,170.5991352991019,169.27880367524853,169.46601779285794,42110300
2023-05-17,170.1557159423828,170.3921842356942,167.91902478069315,169.1901019966857,57951600
2023-05-18,172.48114013671875,172.66835428782517,170.04738624206732,170.4612209279976,65496700
2023-05-19,172.58949279785156,173.80143807257875,172.3727201425523,173.80143807257875,55809500
2023-05-22,171.64356994628906,172.1460951955022,170.9045763773169,171.42679729660153,43570900
2023-05-23,169.04234313964844,170.83564173486545,168.7664533611328,170.58931050155752,50747300
2023-05-24,169.31822204589844,169.8897122746601,168.0176010356781,168.57922839342694,45143500
2023-05-25,170.4513702392578,171.34800452634042,169.17044478431242,169.8798799582863,56058300
2023-05-26,172.85552978515625,173.19055165787438,170.56958397024448,170.77650880236848,54835000
2023-05-30,174.6980743408203,176.36327550868927,173.97879151124883,174.36306754730614,55964400
2023-05-31,174.64883422851562,176.71802248155805,174.16601962684186,174.72766202276017,99625300
2023-06-01,177.4471435546875,177.47670209655325,174.33351350934285,175.09221783191245,68901800
2023-06-02,178.2945098876953,179.11233123154489,176.62930866038764,178.37333767160567,61996900
2023-06-05,176.9446258544922,182.23581511366768,175.42721727327233,179.9498694414483,121946500
2023-06-06,176.58006286621094,177.4766970018392,174.82617090162998,177.328904296753,64848400
2023-06-07,175.21047973632812,178.55073052308683,174.71781728969785,175.82137635899298,61944600
2023-06-08,177.9200897216797,178.1861165677113,174.85572927872582,175.2892595209165,50214900
2023-06-09,178.30438232421875,179.55573399442156,177.9792233362159,178.83645110058313,48900000
2023-06-12,181.09286499023438,181.191403498661,178.3142564640164,178.6098569544308,54274900
2023-06-13,180.61990356445312,181.44757286544584,179.7626757194867,180.1173932820357,54929100
2023-06-14,181.25050354003906,181.684048880549,179.34883379218707,180.67901332162722,57462900
2023-06-15,183.28024291992188,183.78276814166122,181.08297303806762,181.26033930305263,65433200
2023-06-16,182.20626831054688,184.245897953939,181.56581317602513,183.98970387223915,101256200
2023-06-20,182.29493713378906,183.36895259993452,181.7037512704965,181.7037512704965,49799100
2023-06-21,181.26036071777344,182.68907870149724,179.91045548906328,182.1865534203878,49515700
2023-06-22,184.25576782226562,184.30503707731958,180.97463389589913,181.04361385994784,51245300
2023-06-23,183.94041442871094,184.807505007212,182.29492392440986,182.82700770116728,53117000
2023-06-26,182.55113220214844,185.29033397781694,182.51171079012911,184.0882365039062,48088700
2023-06-27,185.30020141601562,185.6253604426876,182.94527546666254,183.16204815111053,50730800
2023-06-28,186.4727020263672,187.11315707618536,184.84692226306757,185.1720661878379,51216800
2023-06-29,186.8077392578125,187.2807060224463,186.16728410364277,186.30522898461155,46347300
2023-06-30,191.1234588623047,191.62596911406445,188.45322195229386,188.81780236383452,85213200
2023-07-03,189.6356201171875,191.0347795474039,188.9458807202263,190.93624105216273,31458200
2023-07-05,188.522216796875,190.14799688410469,187.82262949557398,188.7587001877792,46920300
2023-07-06,188.9951629638672,189.20208780415717,186.42346442381324,187.05407174607458,45094300
2023-07-07,187.88172912597656,189.84253092683244,187.4481988352347,188.60102706839623,46815000
2023-07-10,185.84213256835938,187.20188576037833,184.29516523716504,186.4825877482977,59922200
2023-07-11,185.31988525390625,186.5219826806886,183.86160879849567,186.384037813756,46638100
2023-07-12,186.98512268066406,188.88679264498364,185.70419722013042,186.8964320073811,60750200
2023-07-13,187.74380493164062,188.38427515496102,186.994963399846,187.70439854991048,41342300
2023-07-14,187.89157104492188,188.37437052971225,186.8471292596261,187.4383150637318,41616200
2023-07-17,191.14317321777344,191.46833222271863,188.99515722491665,189.08383285312058,50520200
2023-07-18,190.88693237304688,191.47813315264264,189.5961595402852,190.5125192451726,48288200
2023-07-19,192.2368621826172,195.3209183853995,189.82280454932882,190.26621270882248,80507300
2023-07-20,190.2957763671875,193.58675746858663,189.6750169550875,192.22700448393437,59581200
2023-07-21,189.12326049804688,192.10879369152832,188.42367321559357,191.25156585425083,71951700
2023-07-24,189.92137145996094,192.04967681854123,189.42870901778204,190.57168949200457,45377800
2023-07-25,190.77857971191406,191.58655325087184,190.08885537064708,190.49284214012596,37283200
2023-07-26,191.6456756591797,192.7689453418544,190.48299959942145,190.82785426220883,47471900
2023-07-27,190.3844757080078,194.30606454519102,189.72430983845956,193.14338839624878,47460200
2023-07-28,192.95614624023438,193.7444090416655,191.29094501886246,191.8131659299023,48291400
2023-07-31,193.56704711914062,193.6064685292723,192.394508242959,193.18277106210203,38824100
2023-08-01,192.73941040039062,193.8429695122176,192.41425136889904,193.36016991822595,35175100
2023-08-02,189.75387573242188,192.31571151477112,189.03459274742033,192.17776662675897,50389300
2023-08-03,188.36453247070312,189.54691917513858,187.89158079590146,188.7586713954234,61235200
2023-08-04,179.3192901611328,184.63019095429203,179.25031019901363,182.79748597555601,115956800
2023-08-07,176.225341796875,180.44253062568194,174.74735463626894,179.45720585194456,97576100
2023-08-08,177.16140747070312,177.62451134366992,174.97398514494694,177.05302113799038,67823000
2023-08-09,175.57501220703125,178.27479228591488,174.41232123291388,178.21567520898486,60378500
2023-08-10,175.3582305908203,178.09743193733033,174.99366527850802,176.8460654118823,54686900
2023-08-11,175.41744995117188,176.2363757071569,174.1940069392339,174.95373578240464,52036700
2023-08-14,177.065185546875,177.29211207450308,174.9438673937282,175.59506357405235,43675600
2023-08-15,175.0819854736328,177.08489459113486,174.68732936330193,176.49291042563854,43622600
2023-08-16,174.21372985839844,176.1574269074876,174.14465676238186,174.766254405872,46964900
2023-08-17,171.6780242919922,175.14117901733323,171.16495931429398,174.77612136953763,66062900
2023-08-18,172.16148376464844,172.76334408254257,169.6652471318657,170.00070631097662,61172200
2023-08-21,173.49349975585938,173.77963828216437,171.42153223598535,172.73378585948967,46311900
2023-08-22,174.86492919921875,175.30892111024494,173.89801113995804,174.69719959083847,42038900
2023-08-23,178.70303344726562,179.1273031269572,175.95027131734813,176.13773826499084,52722800
2023-08-24,174.02627563476562,178.68329009610582,173.6612029173666,178.25902046647073,54945800
2023-08-25,176.22650146484375,176.75928869570708,173.47373983758078,175.0129196769248,51449600
2023-08-28,177.78546142578125,178.18011761364104,176.16734696728648,177.68678985123202,43820700
2023-08-29,181.66299438476562,182.43258442181371,177.10465107991652,177.3019791564373,53003900
2023-08-30,185.1458740234375,185.34321714142652,182.27471834075723,182.47204640358012,60813900
2023-08-31,185.36293029785156,186.59624944883035,184.9781353249528,185.33333184264131,60794500
2023-09-01,186.9317169189453,187.3855699191495,185.76745585396847,186.96131537308187,45766500
2023-09-05,187.1685333251953,187.44479564304942,185.1064270757959,185.7674844117445,45280000
2023-09-06,180.46914672851562,186.32988234003622,179.04836051297525,185.88587535630464,81755800
2023-09-07,175.1905517578125,175.8318868790433,171.22419235116297,172.84230680208358,112488800
2023-09-08,175.80224609375,177.8347687964352,175.417451102765,175.96999075471308,65551300
2023-09-11,176.96652221679688,177.8939807491613,174.9734739911946,177.66705421097663,58953100
2023-09-12,173.9473419189453,177.72623373133553,172.487096210491,177.09477490699047,90370200
2023-09-13,171.88526916503906,174.93403118667004,171.65832754990635,174.15456487501547,84267900
2023-09-14,173.39480590820312,173.75000241444866,171.2636268707299,171.67802028548886,60895800
2023-09-15,172.67453002929688,174.14465177290464,171.50042292713772,174.12491445244186,109259500
2023-09-18,175.59506225585938,176.98624997924455,173.8190795297471,174.12494029407293,67257600
2023-09-19,176.68038940429688,177.23291401853146,174.7662755227223,175.15107052586188,51826900
2023-09-20,173.1481475830078,177.30195805066697,173.0593371622532,176.86782730089922,58436200
2023-09-21,171.6089630126953,173.94734650075085,171.53990496478352,172.22069958579337,63149100
2023-09-22,172.45748901367188,174.7169382879251,171.7273736602944,172.33909518451154,56725400
2023-09-25,173.73025512695312,174.60837768157924,171.82600269974301,171.87533847239564,46172700
2023-09-26,169.66526794433594,172.8620217812148,169.3692683155077,172.4871029695211,64588900
2023-09-27,168.15567016601562,170.73084132501634,166.7940959712009,170.3164478696235,66921800
2023-09-28,168.41220092773438,169.73431545858824,165.38316183381656,167.0802102082604,56294400
2023-09-29,168.92527770996094,170.76045735672912,168.06687727418498,169.7244661753788,51861100
2023-10-02,171.43136596679688,171.9740294168616,168.6489906711008,168.93512915166482,52164500
2023-10-03,170.09938049316406,171.31297744317223,168.54047825044546,169.96124934298015,49594600
2023-10-04,171.34259033203125,171.88525384459265,168.68848474300435,168.80687858022958,53020300
2023-10-05,172.5758819580078,173.10866919518492,170.3756298015613,171.47081778563683,48527900
2023-10-06,175.1214599609375,175.61478762599208,170.86896284182788,171.48069938400815,57266700
2023-10-09,176.60147094726562,176.66066786762835,173.45403753652568,174.45055415802327,42390800
2023-10-10,176.00946044921875,177.32171396949087,175.57532965392068,175.72333700059065,43698000
2023-10-11,177.40061950683594,177.4499552810768,175.22998093671887,175.8219650621156,47551100
2023-10-12,178.29849243164062,179.906730392158,176.6507647716162,177.6670336186698,56743100
2023-10-13,176.46331787109375,179.50220314362676,175.7627859383901,178.9990143278533,51427100
2023-10-16,176.3350372314453,176.6902337432856,174.15452238414363,174.39132507709223,52517000
2023-10-17,174.78599548339844,176.03905203817294,172.467364361049,174.29266779074965,57549400
2023-10-18,173.49349975585938,175.21028574818484,172.77324545527233,173.2369747453516,54764400
2023-10-19,173.11854553222656,175.46677490830675,172.85214438582656,173.69079235758196,59302900
2023-10-20,170.57298278808594,173.07908076842247,170.33618008275127,172.97054807703984,64244000
2023-10-23,170.69137573242188,171.68789221712717,167.66233657820504,168.62926966195786,55980100
2023-10-24,171.12550354003906,171.35243005141567,169.1620540054936,170.74070856198063,43816600
2023-10-25,168.8167266845703,170.75056262830392,168.37271975850888,169.5863166088348,57157000
2023-10-26,164.66293334960938,169.09302189873856,163.45921245305613,168.09649022321696,70625300
2023-10-27,165.9751739501953,166.70530437202822,164.60372353518264,164.6826577744484,58499100
2023-10-30,168.0175323486328,168.8857938712959,166.61648356307745,166.76449089816728,51131000
2023-10-31,168.4911651611328,168.61942013954004,165.65945361827133,167.09011614768582,44846000
2023-11-01,171.64845275878906,171.9049777602895,167.84982318964867,168.71808481806195,56934900
2023-11-02,175.20037841796875,175.40756758774253,173.11853525669227,173.17773216234193,77334800
2023-11-03,174.2926483154297,174.46039296073306,171.03669795189808,171.91482054448556,79829200
2023-11-06,176.83827209472656,177.0356001960179,173.8585831383387,174.0263127771948,63841300
2023-11-07,179.3936767578125,180.00539823599848,176.58170308551922,176.78889227095914,70530000
2023-11-08,180.44940185546875,181.00192645947115,179.16674685036813,179.91661457451394,49340300
2023-11-09,179.975830078125,181.66300252138785,179.38383076688,180.51849360423827,53763500
2023-11-10,184.1548614501953,184.3228271167955,181.31943456996746,181.75413731292954,66133400
2023-11-13,182.5741424560547,183.7893232540613,181.9912524470517,183.58186108306094,43627500
2023-11-14,185.18231201171875,185.84424013993512,184.05604376632093,185.43917491856425,60108400
2023-11-15,185.7454376220703,187.21749618530262,185.51821216432265,185.5873762590713,53790500
2023-11-16,187.42498779296875,188.6599317940755,186.37774261703024,187.2866746678448,54412900
2023-11-17,187.40524291992188,188.08693448765234,186.29873780998344,187.9584954748911,50922700
2023-11-20,189.14401245117188,189.59847845797387,187.5929306882813,187.60280481288592,46505100
2023-11-21,188.3437957763672,189.21320125507725,187.45464204586924,189.10452557023848,38134500
2023-11-22,189.00570678710938,190.60618938615343,188.53149251239262,189.18354656200316,39617700
2023-11-24,187.68190002441406,188.60069136661463,186.97057088690215,188.57105390880199,24048300
2023-11-27,187.50401306152344,188.37341847212542,186.62473352580105,187.6324520630897,40552600
2023-11-28,188.10665893554688,188.77847629228074,187.1187037624085,187.49413155220094,38415400
2023-11-29,187.08909606933594,189.77633577367203,186.6939199672285,188.60066651864972,43014200
2023-11-30,187.66207885742188,188.02763251612237,185.92328320995222,187.55340318726755,48794400
2023-12-01,188.93655395507812,189.2526917735191,186.95075439627809,188.0375111237308,45704800
2023-12-04,187.14833068847656,187.76087311237956,185.19218377665425,187.69170901814908,43389500
2023-12-05,191.09030151367188,192.05849343193452,187.8893210956394,187.91897362196437,66628400
2023-12-06,190.00357055664062,192.41416882595195,189.79609331061306,192.1079050949125,41089700
2023-12-07,191.9300537109375,192.6512567588297,191.25823636118906,191.29776300970337,47477700
2023-12-08,193.35272216796875,193.62934842275146,191.33728508312288,191.86090014217592,53406400
2023-12-11,190.85321044921875,191.1594892758114,189.1144144313186,190.7840614125706,60943700
2023-12-12,192.36476135253906,192.3746354774224,189.41076991243543,190.75438957156285,52696900
2023-12-13,195.57565307617188,195.61516465825315,192.5031112505093,192.74021089300243,70404200
2023-12-14,195.72381591796875,197.21562292408947,193.79730618821,195.63490356313392,66831600
2023-12-15,195.19032287597656,196.01031245444227,194.62718115642724,195.1507962246044,128538400
2023-12-18,193.53057861328125,194.26167102083278,192.0486455445977,193.72816667410518,55751900
2023-12-19,194.56790161132812,194.57777573643529,193.5305456250714,193.79729775296602,40714100
2023-12-20,192.48333740234375,195.2990010280865,192.48333740234375,194.5283970820936,52242800
2023-12-21,192.3351287841797,194.70623052718972,191.16934877699248,193.73803856316968,46482500
2023-12-22,191.26812744140625,193.05632389177538,190.64571085868127,192.82908334808235,37149600
2023-12-26,190.7247772216797,191.55465607108982,190.50742584564344,191.2780297879531,28919300
2023-12-27,190.8235626220703,191.16935301152336,188.7883770898652,190.1715235726757,48087700
2023-12-28,191.24838256835938,192.31537606668746,190.84331729052167,191.80163510638113,34049900
2023-12-29,190.2110137939453,192.05848519728596,189.42064661751613,191.56450759639273,42672100
2024-01-02,183.40402221679688,186.17030008579113,181.6751004330507,184.89582930034302,82488700
2024-01-03,182.03076171875,183.6411336613478,181.22063114701328,182.00112426612563,58414500
2024-01-04,179.7189178466797,180.88469764157387,178.70132528842504,179.95601742530297,71983600
2024-01-05,178.99771118164062,180.5586821654936,177.99988188294327,179.79796753554595,62379700
2024-01-08,183.32498168945312,183.36450834315934,179.313885613353,179.89677561800764,59144500
2024-01-09,182.9100341796875,182.9199083051763,180.52905841182087,181.7047275700206,42841800
2024-01-10,183.9473876953125,184.1548498527509,181.70472508990332,182.12955368013527,46792900
2024-01-11,183.35462951660156,184.7970509584636,181.40835627398752,184.2931840827093,49128400
2024-01-12,183.68064880371094,184.49077939116623,182.95944565085554,183.81896194364214,40477800
2024-01-16,181.41822814941406,182.04062970854807,178.7507369031224,179.96593271976667,65603000
2024-01-17,180.47962951660156,180.72661829034882,178.1283066415265,179.08662428966576,47317400
2024-01-18,186.35800170898438,186.86185345428623,183.59172402252184,183.8485869578717,78005800
2024-01-19,189.25271606445312,189.63801803091337,186.5457281731689,187.04957995238564,68903000
2024-01-22,191.55465698242188,192.97731505960866,189.94428498185601,189.9838116367789,60133900
2024-01-23,192.8291015625,193.39224330006388,191.49537099853464,192.67104017695664,42355600
2024-01-24,192.1572723388672,194.0146328029546,191.99919590043444,193.06618924735707,53631300
2024-01-25,191.83128356933594,193.90599578100486,190.78405333725613,192.86863967517039,54822100
2024-01-26,190.10232543945312,192.41413683944202,189.6281111952244,191.93004847085402,44594000
2024-01-29,189.420654296875,189.88499446653958,187.29655655692048,189.69728055859,47145600
2024-01-30,185.77508544921875,189.48980657471878,185.21195883551243,188.64016451675863,55859400
2024-01-31,182.17897033691406,184.84646198580305,182.12958462675198,184.78717199860296,55467800
2024-02-01,184.6092987060547,184.69821105096443,181.60592170299904,181.77387226838383,64885400
2024-02-02,183.61146545410156,185.0736348136651,177.09095561888776,177.69360884630905,102551700
2024-02-05,185.41941833496094,186.97051518171523,183.60158444736317,185.88375846902116,69668800
2024-02-06,187.0199432373047,187.02981736340615,184.5204175084795,184.6093298683978,43490800
2024-02-07,187.12860107421875,188.74884702540382,186.33823388644547,188.3437817688575,53439000
2024-02-08,186.05172729492188,187.25701874915856,185.09340956143063,187.10883150171134,40962000
2024-02-09,186.81341552734375,187.941120969739,185.9725760341758,186.6155602859614,45155200
2024-02-12,185.13174438476562,186.63535673641036,184.77562606711913,186.3880527684402,41781900
2024-02-13,183.0445098876953,184.2019058140478,181.53101071537256,183.76664838776776,56529500
2024-02-14,182.1641082763672,183.5292310959524,180.472557481369,183.3215042025078,54630500
2024-02-15,181.8772430419922,182.50045391335385,179.39431647047905,181.57058851615943,65434500
2024-02-16,180.34397888183594,182.8565961464917,179.71088120229672,181.4420093207192,49752500
2024-02-20,179.60203552246094,180.46264852115328,178.0588611409836,179.82955095197704,53665600
2024-02-21,180.3538360595703,180.91768122956833,178.71173417109264,179.97792921674792,41371400
2024-02-22,182.38174438476562,182.96539328132977,180.49235334512917,181.50134277124772,52292200
2024-02-23,180.55169677734375,183.04451006700117,180.2648157032703,183.0148347964746,45119700
2024-02-26,179.20635986328125,180.78909628027105,178.7018500832812,180.27471486922383,40867400
2024-02-27,180.66049194335938,181.9365737231629,177.62359209867634,179.14699293032547,54318900
2024-02-28,179.46356201171875,181.145226165725,178.18748003378263,180.54180381169616,48953900
2024-02-29,178.80076599121094,180.6011460945577,177.59392143922238,179.31516246277232,136682600
2024-03-01,177.72254943847656,178.58316252471684,175.46713817545924,177.61373507516265,73563100
2024-03-04,173.2117156982422,174.99229230011673,171.9158301484072,174.25038035125658,81510100
2024-03-05,168.2853546142578,170.18464677269642,167.79074680963635,168.91845200040402,95132400
2024-03-06,167.29615783691406,169.3933054286551,166.8609005047747,169.21523874994628,68587700
2024-03-07,167.17750549316406,168.88884496206234,166.67301076258389,167.32588185679398,71765100
2024-03-08,168.8888397216797,171.82681238429842,167.11814976227143,167.17750030588184,76267000
2024-03-11,170.8870391845703,172.49946586057737,170.1945911039721,171.07499261235472,60139500
2024-03-12,171.3618621826172,172.15323790323208,169.16580172767317,171.28272310113206,59825400
2024-03-13,169.28453063964844,171.3223130850131,168.91851047344855,170.90684419661972,52488700
2024-03-14,171.13433837890625,172.43020869953008,170.1945863604126,171.04531257693264,72913500
2024-03-15,170.75843811035156,170.75843811035156,168.4535633292171,169.32407812222547,121752700
2024-03-18,171.84658813476562,175.79356502758816,171.64874797271588,173.67664359575858,75604200
2024-03-19,174.18112182617188,174.70540499850514,171.1640105835326,172.45988088096897,55215200
2024-03-20,176.74319458007812,176.74319458007812,173.20180001631465,173.82501083363408,53423100
2024-03-21,169.52191162109375,175.57592275278003,168.9976284397713,175.1406653733646,106181300
2024-03-22,170.42210388183594,171.18380430580046,168.22604350725265,169.90770741812418,71160100
2024-03-25,169.00755310058594,170.085794876263,167.6226416976105,168.73057383883838,54288300
2024-03-26,167.8798370361328,169.57138777241732,167.7512341389727,168.16670300567833,57388400
2024-03-27,171.44102478027344,171.7279058767874,168.27553655784754,168.57230438056465,60273300
2024-03-28,169.6307373046875,170.37264922530974,168.67119667981044,169.89782982249778,65672700
2024-04-01,168.19638061523438,169.40322523760474,167.65230884379906,169.3438746978549,46240500
2024-04-02,167.0192108154297,167.51381877100314,166.41578850586058,167.25662806803024,49329500
2024-04-03,167.8204803466797,168.83937157047524,166.7620271262386,166.9697540235435,47691700
2024-04-04,166.99945068359375,170.0660111961713,166.99945068359375,168.45358430225178,53704400
2024-04-05,167.751220703125,168.55248310289795,167.12800990586356,167.76110742740823,42104800
2024-04-08,166.6334228515625,167.37533481002382,166.4256959559663,167.20716991074772,37425500
2024-04-09,167.8402557373047,168.2458378687617,166.53449863101693,166.88071513080217,42373800
2024-04-10,165.9706573486328,167.26652787853376,165.30788444762385,166.97966188332379,49709300
2024-04-11,173.15234375,173.5678277091418,166.34654865134516,166.5246002673459,91070300
2024-04-12,174.64608764648438,176.43656618963917,172.33132583138607,172.38077455594663,101670900
2024-04-15,170.82769775390625,174.72521085075485,170.63974431610336,173.46890241983837,73531800
2024-04-16,167.5534210205078,171.88617709786888,166.45539059048195,169.8978582518174,73711200
2024-04-17,166.18826293945312,168.80967890645843,166.18826293945312,167.780901063059,50901200
2024-04-18,165.23861694335938,166.8213684176903,164.75391081370103,166.21794611620325,43122900
2024-04-19,163.22061157226562,164.60550769336635,162.31053482208006,164.41756936525925,68149400
2024-04-22,164.05152893066406,165.45621342076493,162.99307597508283,163.734987753996,48116400
2024-04-23,165.10011291503906,165.24850434331734,163.1414698344962,163.5668404824781,49537800
2024-04-24,167.19728088378906,167.47426013692973,164.41758653276062,164.74401450706145,48251800
2024-04-25,168.05789184570312,168.77012851479734,166.33665071301928,167.70177351115603,50558300
2024-04-26,167.4742431640625,169.49223681731962,167.35552700029277,168.04799015720317,44838400
2024-04-29,171.6289520263672,174.1316669492416,171.2332717193323,171.50034913417457,68169400
2024-04-30,168.4931640625,173.1029142716877,168.1667209693098,171.46081207960546,65934800
2024-05-01,167.4742431640625,170.84747276952126,167.28628974114312,167.75122238913238,50383100
2024-05-02,171.1640167236328,171.5498103000238,169.04709541575278,170.64962025703286,94214900
2024-05-03,181.4024200439453,184.98337684032407,180.69018337477516,184.637145231003,163224100
2024-05-06,179.7504119873047,182.21354970089277,178.474315136007,180.38350950373416,78569700
2024-05-07,180.43296813964844,182.9060078076493,179.36462828599997,181.47164781905605,77305800
2024-05-08,180.76931762695312,181.09576068278213,179.4932206728727,180.87813197889614,45057100
2024-05-09,182.57957458496094,182.6686003878229,180.14609698041687,180.59124108896245,48983000
2024-05-10,181.32159423828125,183.34232534295325,180.41028294678514,183.15411695720846,50759500
2024-05-13,184.5210723876953,185.3333368917867,182.87674310968822,183.68900761377958,72044800
2024-05-14,185.6602020263672,186.52199740854093,184.53096697721375,185.73944844741243,52393600
2024-05-15,187.92857360839844,188.84978484549154,185.6007573941714,186.13566691836786,70400000
2024-05-16,188.04747009277344,189.29558246787192,187.86917696187996,188.6715262803227,52845200
2024-05-17,188.07717895507812,189.00830557822601,187.39369174809892,187.72057759120682,41282900
2024-05-20,189.23614501953125,190.10784067213936,187.22531400566533,187.54229973923614,44361300
2024-05-21,190.5337677001953,190.91016932460286,189.11726241831752,189.28565540299905,42309400
2024-05-22,189.09744262695312,190.99932654838926,188.47340160760692,190.45451683728567,34648500
2024-05-23,185.1154327392578,189.19652573516206,184.86779330766728,189.1767103485156,51005900
2024-05-24,188.18612670898438,188.7804673088457,186.26444256610336,187.0370913918068,36327000
2024-05-28,188.196044921875,191.1776178733189,187.31444925751387,189.70168159973719,52280100
2024-05-29,188.4932098388672,190.43470949642946,187.72057607583483,187.81963788738682,53068000
2024-05-30,189.4837646484375,190.36536034504638,188.83000809203267,188.9587703074631,49889100
2024-05-31,190.43472290039062,190.7517086279001,188.11682144814546,189.6323735603605,75158300
2024-06-03,192.19789123535156,193.14883318833753,190.7021546904014,191.07855630297723,50080500
2024-06-04,192.51487731933594,193.47571940906454,191.2073340206378,192.80213237542046,47471400
2024-06-05,194.0205078125,195.04078090785526,193.02995023528447,193.55494454203196,54156800
2024-06-06,192.6436309814453,194.64456149457678,192.3365605546928,193.8422122853953,41181800
2024-06-07,195.0308837890625,195.08041469163098,192.30685040959915,192.81202934049514,53103900
2024-06-10,191.29649353027344,195.43703247512377,190.33565137548777,195.04080033594326,97010200
2024-06-11,205.1940155029297,205.2039307530545,191.80168667352532,191.82148694435384,172373300
2024-06-12,211.05813598632812,218.12080209568063,204.94638168818946,205.41194501546696,198134300
2024-06-13,212.21710205078125,214.70339661177115,209.60203014300492,212.71238093569883,97862700
2024-06-14,210.4835968017578,213.13828400218216,209.3048308005582,211.83075578674166,70122700
2024-06-17,214.62411499023438,216.88258512602053,210.71141546378874,211.35527186274084,93728300
2024-06-18,212.26658630371094,216.5656178731208,210.98877362098574,215.5354294813442,79943300
2024-06-20,207.70013427734375,212.21709015086526,206.8779846754286,211.91000456307782,86172500
2024-06-21,205.5308074951172,209.88925500861833,205.1543907600995,208.40341856791886,241805100
2024-06-24,206.17466735839844,210.69160779538842,204.63929998769706,205.75863496180304,80727000
2024-06-25,207.09588623046875,209.38407188516823,206.64022308060072,207.1751175381149,55549700
2024-06-26,211.2364044189453,212.8312027309874,208.65104852463386,209.5029286499739,66213200
2024-06-27,212.07838439941406,213.70289822966825,210.3449086305272,212.6628097453943,49772700
2024-06-28,208.63125610351562,214.02980761283354,208.3142855019514,213.73263728250333,82542700
2024-07-01,214.703369140625,215.4561875080808,209.91897391071575,210.0873668962765,60402900
2024-07-02,218.1901397705078,218.29910171758146,213.068958487467,214.10903193760322,58046200
2024-07-03,219.45803833007812,219.45803833007812,216.96182895702523,217.92267103394255,37369800
2024-07-05,224.20281982421875,224.3117817727132,219.55710192478037,219.55710192478037,60412400
2024-07-08,225.66885375976562,225.69856928044194,221.14199799041046,224.9457357840812,59085900
2024-07-09,226.5207061767578,227.23390886254342,224.23252052432466,225.77778797195694,48076100
2024-07-10,230.78012084960938,230.87918266211804,227.08534498663496,227.1348758928893,62627700
2024-07-11,225.42120361328125,230.19568345608255,223.63819688403007,229.2051258414663,64710600
2024-07-12,228.3631591796875,230.44333633793113,226.52072130415218,226.75846058686048,53046500
2024-07-15,232.18670654296875,234.9899864993383,230.88907844301437,234.24706826366577,62631300
2024-07-16,232.60276794433594,234.03907359612094,230.13627381333595,232.78106107648213,43234300
2024-07-17,226.71884155273438,229.2744821236097,224.49998695797876,227.2834515580279,57345900
2024-07-18,222.06320190429688,228.26410233218343,220.17124832102243,228.10560948409145,66034600
2024-07-19,222.19200134277344,224.65849552449666,221.1717280930588,222.6971954569991,49151500
2024-07-22,221.8452911376953,225.62921338494564,220.98349573063444,224.86647978572938,48201800
2024-07-23,222.8853759765625,224.7971601400939,220.57737479075328,222.25141967209163,39960300
2024-07-24,216.47645568847656,222.67735606492835,215.0797809310421,221.88490694575157,61777600
2024-07-25,215.43637084960938,218.7646448818125,212.59346035218633,216.86276105080302,51391200
2024-07-26,215.90194702148438,217.41749898154802,213.9703475571551,216.6349499920164,41601300
2024-07-29,216.17929077148438,217.22927938341869,213.7127969665886,214.91137828370984,36311800
2024-07-30,216.73402404785156,218.24957609355639,214.07932159795172,217.1203409396055,41643800
2024-07-31,219.98301696777344,221.70659250258416,218.54671157945197,219.34906075635598,50036300
2024-08-01,216.29815673828125,222.36036437427163,214.97081319041698,222.2514024343897,62501000
2024-08-02,217.7840118408203,223.46981835778237,215.6543188775265,217.0807092384795,105568600
2024-08-05,207.29397583007812,211.4840298951805,194.1492733463952,197.21009244662218,119548600
2024-08-06,205.27325439453125,208.00720313955475,199.17143085232243,203.36148541473497,69660500
2024-08-07,207.8388214111328,211.62274392073394,204.4412006806638,204.94637966039352,63516400
2024-08-08,211.2958526611328,212.17744837655164,206.8581585633277,211.097744151489,47161100
2024-08-09,214.1981964111328,214.7330909034816,209.96851092003678,210.09728825409005,42201600
2024-08-12,215.7254180908203,217.68898821235913,213.81143620679725,214.27753840147545,38028100
2024-08-13,219.43441772460938,220.04926955678368,217.19315629108402,217.19315629108402,44155300
2024-08-14,219.8806610107422,221.17979111862692,217.8774142480331,218.7402072098891,41960600
2024-08-15,222.85577392578125,223.48055242779947,220.9120269929499,222.73677426147512,46414000
2024-08-16,224.1747283935547,224.94825642777528,221.79462933024135,222.06239369045758,44340200
2024-08-19,224.01605224609375,224.11522871504155,221.18968933533225,223.84746435464618,40687800
2024-08-20,224.63092041015625,225.28544883578485,223.57971634413767,223.8970689622142,30299000
2024-08-21,224.5218505859375,226.08874521756795,223.18305884166446,224.64086539349128,34765500
2024-08-22,222.66734313964844,226.4457337259973,222.04256465043304,225.90029338876204,43695300
2024-08-23,224.9581756591797,226.32673228874265,222.46900358067504,223.78797197411373,38677300
2024-08-26,225.2953338623047,225.39451032680955,222.0326339780686,224.8788199493514,30602200
2024-08-27,226.1383056640625,226.95151036486342,223.02435510684418,224.12514736512034,35934600
2024-08-28,224.611083984375,227.95312221094204,223.80779089178384,226.02921369079436,38052200
2024-08-29,227.8837127685547,230.98775191089825,226.9812734022471,228.1911537968638,51906300
2024-08-30,227.1002655029297,228.4886453526855,225.59287085733376,228.28039594132485,52990800
2024-09-03,220.9219512939453,227.10026429068756,219.335218503661,226.65400042223428,50190600
2024-09-04,219.01788330078125,219.94016096302124,215.67582978550038,219.82116129878526,43840200
2024-09-05,220.53518676757812,223.60946073514918,219.6823205428289,219.79140861107143,36615400
2024-09-06,218.98812866210938,223.37145940933704,217.94683622588397,222.09215251756703,48423000
2024-09-09,219.07736206054688,219.43437615112032,214.91220775865924,218.9881123209545,67180000
2024-09-10,218.2840118408203,219.6426417511051,214.9320468059923,217.10388142289187,51591000
2024-09-11,220.81288146972656,221.23930705217748,216.08244775598524,219.62283934479092,44587100
2024-09-12,220.9219512939453,221.69547936785247,217.9964268983011,220.6541869199912,37455600
2024-09-13,220.6541748046875,222.18139254741286,220.06907298412548,221.72521710949164,36766600
2024-09-16,214.52545166015625,215.41797935337752,212.14535259122513,214.7436126542421,59357400
2024-09-17,214.99156188964844,215.10064996456288,212.72056577105593,213.96019610771708,45519300
2024-09-18,218.85919189453125,220.86243852013078,215.7353147340035,215.745241460142,59894900
2024-09-19,226.97132873535156,227.91345980340301,222.7665127356472,223.12352684243388,66781300
2024-09-20,226.306884765625,231.1563174701668,225.73169454082358,228.0622053540531,318679900
2024-09-23,224.5912628173828,227.54653724680347,223.93673438033483,225.45404067299683,54146000
2024-09-24,225.48377990722656,227.44736512534206,223.85738561877668,226.75316007712865,43556100
2024-09-25,224.49209594726562,225.40446208089242,222.1615999382144,223.0640393442997,42308700
2024-09-26,225.6325225830078,226.604388370512,223.54002631267903,225.41434646896755,36636700
2024-09-27,225.90028381347656,227.61594290444046,225.41435845997736,226.56473891662026,34026000
2024-09-30,231.0670623779297,231.0670623779297,227.7448474882838,228.1316114938428,54541900
2024-10-01,224.33338928222656,227.74483864724098,221.88387896470798,227.61592740519507,63285000
2024-10-02,224.89869689941406,225.4837987967651,221.16989422947793,224.01608068964856,32880600
2024-10-03,223.79788208007812,224.928424248049,221.46738631978812,223.27228007150777,34044200
2024-10-04,224.9185028076172,226.1085447535635,222.27065455992025,226.00936828631617,37245100
2024-10-07,219.8509063720703,223.81772316941647,219.49389225502094,222.63759275105315,39505400
2024-10-08,223.8970489501953,224.10529834651464,221.39795026893304,222.4392426471427,31855700
2024-10-09,227.6357879638672,227.84405251552317,222.96486939830248,223.36154504729694,33591100
2024-10-10,227.13992309570312,227.59611368544336,225.28544108575701,225.89038125247495,28183500
2024-10-11,225.6623077392578,227.5068782710055,225.45404318616428,227.39779019694814,31759200
2024-10-14,229.3811798095703,229.8076053434174,226.70358155060512,226.80274288926017,39882100
2024-10-15,231.91000366210938,235.51980588469206,230.44227073800852,231.6719892368544,64751400
2024-10-16,229.85719299316406,230.19436878170097,227.93328446814013,229.67869350471682,34082200
2024-10-17,230.22413635253906,231.91004568892726,228.6076687095473,231.49351658619665,32993800
2024-10-18,233.05050659179688,234.22071038271358,232.0687139036669,234.22071038271358,46431500
2024-10-21,234.5181884765625,234.8851292946414,232.5050303027995,232.5050303027995,36254500
2024-10-22,233.90335083007812,234.26036494372266,230.67040061866737,231.94969236544068,38846600
2024-10-23,228.8456573486328,233.18932661738793,225.87054472777703,232.13812257917175,52287000
2024-10-24,228.6572265625,228.9051525928802,226.5151420282862,228.0721096303277,31109500
2024-10-25,229.4902801513672,231.28526239164006,227.6655479946858,227.83413589840254,38802300
2024-10-28,231.46376037597656,232.78272881287972,230.62082086290692,231.38443735420992,36087100
2024-10-29,231.7315216064453,232.38605001867157,230.3927299983884,231.1662580738538,35417200
2024-10-30,228.19114685058594,231.53318522639518,227.64570650368097,230.68031899274527,47070900
2024-10-31,224.03590393066406,227.92338265648337,223.50037517792762,227.43744214117888,64370100
2024-11-01,221.060791015625,223.4805517303345,218.44269248362247,219.13688241025088,65276700
2024-11-04,220.168212890625,220.94174084677013,217.88730565861934,219.15668564471403,44944500
2024-11-05,221.59629821777344,222.09215031274817,219.3054639601429,219.9599923572388,28111300
2024-11-06,220.8723602294922,224.19457534628128,219.35505401685137,220.76327216240406,54561100
2024-11-07,225.59288024902344,225.9895710313294,222.70703236030374,222.7665321945981,42137700
2024-11-08,225.32481384277344,227.01256271730918,224.77877343219782,225.53329235935942,38328800
2024-11-11,222.61447143554688,224.07388164377818,219.90414468405433,223.37892800863307,42005600
2024-11-12,222.61447143554688,223.96467356190874,221.75074442821315,222.9321731823864,40398300
2024-11-13,223.49807739257812,225.0170530189228,221.15507983350162,222.39607398240116,48566200
2024-11-14,226.57574462890625,227.22105551450989,223.3789425502784,223.398802697962,44923900
2024-11-15,223.37893676757812,225.28510187679902,222.65420045885568,224.76884409236825,47923700
2024-11-18,226.377197265625,228.08480645929455,223.5477244921184,223.6271499370396,44633700
2024-11-19,226.6352996826172,228.50175961033486,225.02697621656037,225.34466282087314,36211800
2024-11-20,227.35011291503906,228.27340522879027,224.26251907255318,226.4168829534927,35169600
2024-11-21,226.8735809326172,228.50176458087773,224.0838286281757,227.230987838277,42108300
2024-11-22,228.21385192871094,229.05773399756174,226.41689485035167,226.41689485035167,38168300
2024-11-25,231.19224548339844,231.56951255942457,228.08480637706975,229.79241557012372,90152800
2024-11-26,233.366455078125,233.87279036398945,231.6489234928732,231.6489234928732,45986200
2024-11-27,233.2373809814453,233.99191506726265,232.12545514826604,232.78070364946953,33498400
2024-11-29,235.62008666992188,236.0966241243161,232.28429419145726,233.1182385238603,28481400
2024-12-02,237.8638153076172,239.0551666028684,235.45133007089746,235.5605381566453,48137100
2024-12-03,240.90176391601562,241.01097200063165,237.17878168890522,238.08222901174219,38861000
2024-12-04,241.25917053222656,242.35125137710352,239.51185632927692,241.12017980186528,44383900
2024-12-05,241.28895568847656,242.77814859306412,240.38552350615552,242.2321233137982,40033900
2024-12-06,241.0903778076172,242.86748966267425,240.33585892461636,241.1598807416467,36870600
2024-12-09,244.9722442626953,245.4587194212017,240.00826768189094,240.08769312504634,44649200
2024-12-10,245.98487854003906,246.4217108653419,243.57237825215392,245.11121388943334,36914800
2024-12-11,244.71408081054688,248.9930254628331,244.48572701996216,246.1734908859981,45205800
2024-12-12,246.1735076904297,246.9478867446912,243.90992066775823,245.11120954102955,32777500
2024-12-13,246.34230041503906,247.4939314395242,244.46591792091505,246.03453629863122,33155300
2024-12-16,249.2313232421875,249.56888515433104,245.86574781090837,246.2033097230519,51694800
2024-12-17,251.6537322998047,252.0012166921119,247.98039295462073,248.2782345553336,51356400
2024-12-18,246.26287841796875,252.4479889260113,245.95511429725673,250.34326772719038,56774100
2024-12-19,247.9903106689453,250.18439476471843,245.30976661195103,245.71681628677703,60882300
2024-12-20,252.65647888183594,253.16279902630112,243.919877297432,246.2529371403228,147495300
2024-12-23,253.4308624267578,253.80811434244586,251.6239676953758,252.93446477293034,40858800
2024-12-24,256.3397521972656,256.34965954757746,253.45069916161225,253.64927033575188,23234700
2024-12-26,257.1538391113281,258.2260750496306,255.77386933789322,256.32983230675023,27237100
2024-12-27,253.74855041503906,256.8361595932908,251.23677948504655,255.9724022209019,42355300
2024-12-30,250.38296508789062,251.67360197393796,248.9434149702759,250.4127477342041,35557500
2024-12-31,248.61581420898438,251.4552095671021,247.6329413411861,250.62126509380025,39480700
2025-01-02,242.0931396484375,247.3053149666319,240.07776640397734,247.1365264348607,55740700
2025-01-03,241.60665893554688,242.42074318433572,240.14724866814672,241.60665893554688,40244100
2025-01-06,243.23483276367188,245.54804748087855,241.4477983095151,242.54980162717402,45045600
2025-01-07,240.4649658203125,243.78089861816605,239.61116122247878,241.22940732447114,40856000
2025-01-08,240.951416015625,241.9541489627904,238.32051453305579,240.17703689438372,37628900
2025-01-10,235.14356994628906,238.4297199246896,231.32130202918376,238.28079154222544,61710900
2025-01-13,232.71119689941406,232.9792558543989,228.06492247356016,231.84746989306117,49630700
2025-01-14,231.59927368164062,234.41880854341963,230.7951119565212,233.05868390458076,39435300
2025-01-15,236.1562042236328,237.2383625727966,232.74098609709984,232.94947976770305,39832000
2025-01-16,226.61544799804688,236.29520209930612,226.3871093224655,235.6399687194268,71759100
2025-01-17,228.32305908203125,230.6164138035219,226.833866130533,230.44764042021458,68488300
2025-01-21,221.03594970703125,222.80312416686704,217.79944241349193,222.38615194982364,98070400
2025-01-22,222.2173614501953,222.5052654056773,218.2064601780486,218.2064601780486,64126500
2025-01-23,222.04859924316406,225.394314538592,220.69839703644928,223.1208199792776,60234800
2025-01-24,221.17494201660156,224.00441476166836,219.8148172645265,223.16053267311034,54697900
2025-01-27,228.2039031982422,230.4773975200278,222.36626262781007,222.40598291880553,94863400
2025-01-28,236.54339599609375,238.4594987479956,229.147074251248,229.18679454547646,75707600
2025-01-29,237.63548278808594,238.13188043636077,232.32402189200354,232.43322998057818,45486100
2025-01-30,235.8782196044922,239.05516137192973,235.50096771104396,236.95044029141235,55658300
2025-01-31,234.2996826171875,245.40906406001392,231.75812916176676,245.40906406001392,100959800
2025-02-03,226.3672332763672,230.15971829856622,224.0738787357251,228.33297872450572,73063300
2025-02-04,231.1227569580078,231.45038123633566,225.01705656002386,225.61273982041166,45067300
2025-02-05,230.79510498046875,230.99366099381652,226.62536810475493,226.88348940722173,39620300
2025-02-06,231.53973388671875,232.11555701043588,228.7698263631288,229.62363097431557,29925300
2025-02-07,225.98995971679688,232.314059831237,225.62261521840887,230.92415271230007,39707200
2025-02-10,226.25833129882812,229.1803610121675,225.81108525741098,228.16660736242451,33115600
2025-02-11,231.1979522705078,233.79199753404617,226.7354100570617,226.80497424991785,53718400
2025-02-12,235.42196655273438,235.51142789245534,229.26980470124647,229.78663009476247,45243300
2025-02-13,240.053466796875,240.85851264219508,234.12991022790982,235.46171484030373,53614100
2025-02-14,243.104736328125,244.0489258287467,239.5168040933544,239.77520922194773,40896200
2025-02-18,242.9755096435547,243.6811607859394,240.36158248040348,242.6574585849239,48822500
2025-02-19,243.3730926513672,244.50612316801596,241.6735544591497,243.16438488450393,32204200
2025-02-20,244.32720947265625,245.2713989598738,242.7966152101895,243.44265077076676,32316900
2025-02-21,244.04891967773438,247.16972378813352,243.72093519653038,244.44646835255205,53197400
2025-02-24,245.58946228027344,247.3386977876534,242.9258374672402,243.4327143333106,51326400
2025-02-25,245.52978515625,248.4716967182176,243.41281661275679,246.48392314447185,48013300
2025-02-26,238.890625,243.48237703128345,237.66814851741972,242.83635669602367,44433600
2025-02-27,235.84934997558594,240.9778097055873,235.61081167459415,237.94645181292123,41153600
2025-02-28,240.36160278320312,240.61007450668035,228.79275994472408,235.50149647860906,56833400
2025-03-03,236.5748748779297,242.5381957053339,234.66661403302143,240.31188380351972,47184000
2025-03-04,234.48770141601562,238.60240725621293,233.24534293735957,236.25683384188991,53798100
2025-03-05,234.2988739013672,235.1039197629907,227.82866128733946,233.98082285378285,47227600
2025-03-06,233.89138793945312,236.4059203890797,231.73465535282332,233.00682927336524,45170400
2025-03-07,237.60853576660156,239.89446338205195,233.32487071745646,233.67273718007357,46273600
2025-03-10,226.08937072753906,234.71631625547707,222.84930513729455,234.10009611136832,72071200
2025-03-11,219.48997497558594,224.45940937640347,216.12069905845206,222.44182022291236,76137400
2025-03-12,215.65354919433594,220.39439337943787,213.59621144659917,218.79423505763873,62547500
2025-03-13,208.398193359375,215.51442704761877,207.14590135231947,214.62986833256545,61368300
2025-03-14,212.18490600585938,212.64208545758027,208.2988048386841,209.9585940343847,60107600
2025-03-17,212.69178771972656,213.9043309003415,208.68642489319868,212.00600336087763,48073400
2025-03-18,211.38980102539062,213.83475423543342,210.19713981325924,212.85081593904235,42432400
2025-03-19,213.92422485351562,217.42269587202972,212.44332789190165,212.91045595477615,54385400
2025-03-20,212.79116821289062,216.16044383082547,210.9226561911479,212.6818400591608,48862900
2025-03-21,216.93569946289062,217.5022071138821,209.9884245225551,210.26671164330716,94127800
2025-03-24,219.38063049316406,220.1260455978378,217.24377992596973,219.64898417718916,44299500
2025-03-25,222.38217163085938,222.7300380772677,218.73460889257407,219.42039321145907,34493600
2025-03-26,220.17576599121094,223.6444367672013,219.12224829293882,222.14365782695532,34466100
2025-03-27,222.48158264160156,223.61461307047793,219.21168633594712,220.03661426059983,37094800
2025-03-28,216.5679473876953,222.44182255065115,216.34929105853038,220.31490521146458,39818600
2025-03-31,220.7720947265625,224.24075018814546,214.90815310911736,215.6833836525119,65299300
2025-04-01,221.82559204101562,222.31258685550372,217.56180927777046,218.46624988397502,36412700
2025-04-02,222.52130126953125,223.81335706264446,219.6688511830836,219.9670202377264,35905900
2025-04-03,201.9478759765625,206.22159255986557,200.01973301812973,204.2835010267849,103419000
2025-04-04,187.22840881347656,198.65810753704542,186.19475800144227,192.70471987275084,125910900
2025-04-07,180.3507080078125,192.96311894309866,173.55251067175698,176.11674047268428,160466300
2025-04-08,171.365966796875,189.17641711488596,168.175598539417,185.55866963100107,120859500
2025-04-09,197.63438415527344,199.383619356675,170.8391909937331,170.89882177160354,184395900
2025-04-10,189.2559356689453,193.5892830219747,181.88129692496375,187.9141974958541,121880000
2025-04-11,196.9386749267578,198.32017705332044,184.92258644836306,184.96235041538483,87435900
2025-04-14,201.28195190429688,211.63825017625834,199.93026529720834,210.14742002868311,101352900
2025-04-15,200.90428161621094,202.26590170954893,198.57859009217825,200.6259945192588,51343900
2025-04-16,193.08238220214844,199.4730666932086,191.19398828729797,197.1473753495745,59732400
2025-04-17,195.7758331298828,197.61452992177487,193.2314851467638,195.9944894564487,52164700
2025-04-21,191.9791717529297,192.6152586778503,188.64964501381652,192.08849990403363,46742500
2025-04-22,198.51895141601562,200.35763286451953,194.7719939992729,194.92107095045932,52976400
2025-04-23,203.34925842285156,206.72846769395255,201.56025903470575,204.7406939661261,52929200
2025-04-24,207.09619140625,207.55338601533765,201.69939326414854,203.63746952607698,47311000
2025-04-25,208.0006103515625,208.46773832051537,204.93943745171498,205.1083963732819,38222300
2025-04-28,208.85537719726562,210.2070638884643,206.1917677806294,208.71623364812058,38743100
2025-04-29,209.91883850097656,210.94254069563792,207.09618845243054,207.4142395090872,36827600
2025-04-30,211.20094299316406,212.2743425468257,205.40658118436113,208.02050829648644,52286500
2025-05-01,212.0159454345703,213.2483553954001,207.62295230903422,207.80185982414434,57365700
2025-05-02,204.09466552734375,205.72463931330321,200.92416412992952,204.83013207172814,101010600
2025-05-05,197.6741485595703,202.85230555244996,196.99831280299983,201.85841873478097,69018500
2025-05-06,197.29649353027344,199.4234110025321,195.8156116766073,196.99833957685834,51216500
2025-05-07,195.05029296875,198.2207944248892,192.0686324392914,197.9524407308952,68536700
2025-05-08,196.28269958496094,198.82704723676696,193.4898650803139,196.51128929096475,50478900
2025-05-09,197.31634521484375,199.31405222350435,196.3323918231404,197.7834732241415,36453900
2025-05-12,209.77610778808594,210.25380995429242,205.75554659425106,209.9552498967622,63775800
2025-05-13,211.9058380126953,212.3735786127325,207.99474788922345,209.4178625594749,51909300
2025-05-14,211.30873107910156,212.91098786371114,209.56714827780408,211.40824098508043,49325800
2025-05-15,210.4329833984375,211.93573045224343,208.53216630351932,209.93538825434783,45029500
2025-05-16,210.24388122558594,211.54759317457453,208.76105751069144,211.33859654598928,54737900
2025-05-19,207.7758026123047,208.47243269467637,203.2775387890809,206.90999202317107,46140500
2025-05-20,205.8650360107422,207.46729276724128,204.04383620537516,206.67113760639387,42496600
2025-05-21,201.1179656982422,206.04415370597744,199.74461367242378,204.18315305948536,59211800
2025-05-22,200.39149475097656,201.77480849030061,198.7394754118135,199.7446272097534,46742400
2025-05-23,194.33079528808594,196.74910019358438,192.5295034494263,192.7384848883374,78432900
2025-05-27,199.24705505371094,199.77450469366767,196.48041207123393,197.34623795139206,56288500
2025-05-28,199.4560089111328,201.75489573800118,198.9385057789635,199.6251894151235,45339700
2025-05-29,198.98825073242188,202.8296849960031,197.55517460719432,202.60079553265004,51396800
2025-05-30,199.88392639160156,200.98858794774708,195.83349562393636,198.41103419314425,70819900
2025-06-02,200.72982788085938,201.15776749414482,199.1574257965875,199.31665984736324,35423300
2025-06-03,202.2923126220703,202.78990771325485,199.99342573046133,200.38154929416936,46381600
2025-06-04,201.84446716308594,205.24801554678163,201.1279290627925,201.9340306292736,43604000
2025-06-05,199.66500854492188,203.76518718349973,199.18730633012683,202.52119947175674,55126100
2025-06-06,202.93917846679688,204.7106157617459,201.07817770068002,202.0236053289331,46607700
2025-06-09,200.48106384277344,205.0091823144686,199.05794913802782,203.40692547634254,72862600
2025-06-10,201.6951904296875,203.36711781582227,199.60530017876516,199.63515466910712,54672600
2025-06-11,197.82388305664062,203.51637153393742,197.4556675860525,202.52118145308685,60989900
2025-06-12,198.24188232421875,198.71956936233477,196.4107360236097,198.12246436103902,43904600
2025-06-13,195.50511169433594,199.40625545491926,194.7587190445596,198.769334334526,51447300
2025-06-16,197.46563720703125,197.73434281232372,195.61458283187793,196.3510290449251,43020700
2025-06-17,194.69900512695312,197.4357781067605,194.27108064091922,196.25149936947125,38856200
2025-06-18,195.63449096679688,196.61973472966923,194.13175923439314,194.99756984742208,45394700
2025-06-20,200.03321838378906,200.72984844555882,195.9131318065836,197.28649906078425,96813500
2025-06-23,200.53082275390625,201.3269779408771,198.00304635957568,200.6602023375907,55814300
2025-06-24,199.3365936279297,202.46149014710028,199.23706853700068,201.61557243039425,54064000
2025-06-25,200.5905303955078,202.690382284235,199.65504919597097,200.48105886821313,39525700
2025-06-26,200.03321838378906,201.66532960796235,198.50063224789568,200.4611428555203,50799100
2025-06-27,200.1128387451172,202.24254507531293,199.03803155248616,200.91894034324127,73188600
2025-06-30,204.18316650390625,206.39248990855162,198.3015889216639,201.03836190454115,91912800
2025-07-01,206.8204345703125,209.17903048404247,205.14850713857425,205.6759567295316,78788900
2025-07-02,211.41819763183594,212.3138626915596,207.13887695509675,207.90517762155153,67941800
2025-07-03,212.52285766601562,213.61755770997246,210.7912213537831,211.12958235725722,34955800
2025-07-07,208.940185546875,215.18997897032483,207.7957228576545,211.65705062020388,50229000
2025-07-08,208.9998779296875,210.41304612040562,207.4473837253886,209.08945658408672,42848900
2025-07-09,210.12445068359375,210.31353924447487,206.22330706177223,208.52219391164948,48749400
2025-07-10,211.38836669921875,212.45321238064957,209.01980902189666,209.49749609462273,44443600
2025-07-11,210.14434814453125,211.1096837700706,208.85059795908091,209.55718962168862,39765800
2025-07-14,207.6165771484375,209.89557123752414,206.54176989733165,208.92027389637033,38840100
2025-07-15,208.10421752929688,210.87084499335577,207.9151289669034,208.21368905566166,42296300
2025-07-16,209.149169921875,211.37838618562168,207.63647661047767,209.28849593835915,47490500
2025-07-17,209.0098419189453,210.78127919114968,208.58190225319882,209.5571995447156,48068100
2025-07-18,210.1642608642578,210.77132749863404,208.6913836081342,209.85575432940058,48974600
2025-07-21,211.45799255371094,214.74212298846783,210.61209006251647,211.07983063398711,51377400
2025-07-22,213.36875915527344,213.91611676733493,211.20919838168209,212.1148250502387,46404100
2025-07-23,213.11996459960938,214.11515474984876,211.38834345684663,213.96588230147148,46989300
2025-07-24,212.73184204101562,214.65256693634578,212.50295255730364,212.87116805528336,46022600
2025-07-25,212.85128784179688,214.20474714033003,212.37358560556336,213.66733592091674,40268800
2025-07-28,213.02044677734375,213.8166019050196,212.03520309848784,213.00053872316795,37858000
2025-07-29,210.25384521484375,213.77681196541135,209.80601264614248,213.14983725799084,51411700
2025-07-30,208.04449462890625,211.36842593737322,206.72088996610802,210.88077731884883,45512500
2025-07-31,206.57162475585938,208.83069544134486,206.16359315375274,207.48719786288635,80698400
2025-08-01,201.40658569335938,212.5527122409286,200.53081350952442,209.85574027592583,104434500
2025-08-04,202.37191772460938,206.88012777005082,200.70993685491413,203.5263267271778,75109300
2025-08-05,201.94400024414062,204.35235878558626,201.18766113385618,202.42168730403617,44155100
2025-08-06,212.2242889404297,214.3440487139093,204.60112912578842,204.64094523363173,108483100
2025-08-07,218.9716796875,219.78774287041324,215.5382768294147,217.8272171299369,90224800
2025-08-08,228.24688720703125,229.88894502591432,218.19545972697713,219.76786212559261,113854000
2025-08-11,226.34388732910156,228.71513292468896,223.9327956372812,227.08116933177635,61806100
2025-08-12,228.80479431152344,229.95057099439725,226.23430307406312,227.17083074525974,55626200
2025-08-13,232.4712371826172,234.1350889692748,229.5819014312059,230.21956052334866,69878500
2025-08-14,231.92327880859375,234.25466305951576,230.0003892485326,233.1985666998313,51916300
2025-08-15,230.73765563964844,233.417757832359,228.49593650929467,233.1387895567921,56038700
2025-08-18,230.0402374267578,232.26202593201924,229.26310933608104,230.8472538899505,37476200
2025-08-19,229.71145629882812,232.0129522601839,228.50591803460907,230.42880766374827,39402600
2025-08-20,225.17819213867188,229.6217843388592,224.93908515924198,229.13358225147155,42263900
2025-08-21,224.07228088378906,225.68632903786573,222.9564077521854,225.43724912794482,30621200
2025-08-22,226.9217529296875,228.2468598588307,224.58041092619504,225.33760837029214,42477800
2025-08-25,226.323974609375,228.45609804536198,225.3973894325087,225.6464693442017,30983100
2025-08-26,228.46603393554688,228.64537936019502,223.8630424721864,226.03501179732243,54575100
2025-08-27,229.64170837402344,230.05018785299507,227.41990473660533,227.76862267507164,31259500
2025-08-28,231.70408630371094,232.55096405412047,228.4959359400532,229.9704999102399,38074700
2025-08-29,231.28562927246094,232.52107103838586,230.51845893056873,231.65426265633033,39418400
2025-09-02,228.87454223632812,230.00038826150748,226.1346633063032,228.4062708029861,44075600
2025-09-03,237.59234619140625,237.9709525201245,233.49747185558658,236.33698891571112,66427800
2025-09-04,238.8975067138672,239.0170601981439,235.8687018920251,237.57239985348932,47549400
2025-09-05,238.80784606933594,240.43185187342493,237.61226559630578,239.1167027112504,54870400
2025-09-08,237.0045166015625,239.2661511981365,235.47017586985078,238.41928864081726,48999500
2025-09-09,233.48751831054688,237.90120710535396,232.5011563745861,236.12775932745953,66313900
2025-09-10,225.95533752441406,231.56462228661692,225.11843262708078,231.33547301291114,83440800
2025-09-11,229.18341064453125,229.60186307827533,225.81584532196928,226.04500979013486,50208600
2025-09-12,233.2085418701172,233.6469097348115,228.17712472443904,228.37638560886936,55824200
2025-09-15,235.828857421875,237.31337916896246,234.16500543557729,236.12775635652346,42699500
2025-09-16,237.27349853515625,240.33220689969463,235.45024710789585,236.30706734003456,63421100
2025-09-17,238.11044311523438,239.21635855568803,236.85507060288438,238.09051246512186,46508000
2025-09-18,237.0045166015625,240.31228984200703,235.77903252032195,239.08682096339746,44249600
2025-09-19,244.59645080566406,245.3935094903633,239.32592704772566,240.342162048153,163741300
2025-09-22,255.13751220703125,255.69547916115815,247.2068166293636,247.38616206443075,105517400
2025-09-23,253.4936065673828,256.3929004583055,252.64674396870498,254.93828225227924,60275200
2025-09-24,251.3813934326172,254.7987775332095,250.11606329601622,254.28068708944184,42303700
2025-09-25,255.9246063232422,256.22352044118514,250.7836088309123,252.27808820484515,55202100
2025-09-26,254.51980590820312,256.6519291955366,252.84598111295833,253.16481067495934,46076300
2025-09-29,253.4936065673828,254.06151607705354,252.07883445903423,253.6231329894407,40127700
2025-09-30,253.69285583496094,254.97810138533342,252.1784458386236,253.9220050782957,37704300
2025-10-01,254.5098419189453,257.83756097799323,253.9917514638179,254.10134722927504,48713900
2025-10-02,256.1836853027344,257.22980880920034,253.21464169746508,255.63569123318152,42630200
2025-10-03,257.07037353515625,258.2858846694617,253.01536064819075,253.73271197999827,49155600
2025-10-06,255.7452850341797,258.1165305885388,254.1113214696764,257.0404883747525,44664100
2025-10-07,255.53607177734375,256.45266881763376,254.48991791397023,255.86484387966763,31955800
2025-10-08,257.1102294921875,257.56852798749276,255.16739414069707,255.5758888188916,36496900
2025-10-09,253.1050262451172,257.0504585775582,252.2083446799687,256.8611554198282,38322000
2025-10-10,244.3673095703125,255.436420799504,243.10197943699816,254.00171816056968,61999100
2025-10-13,246.74851989746094,248.7710475029622,244.6562426215344,248.46219085423505,38142900
2025-10-14,246.85812377929688,247.9341508249242,243.79941515849077,245.69243161385845,35478000
2025-10-15,248.4223175048828,250.89320098009676,246.55920477705152,248.57177456170203,33893600
2025-10-16,246.53929138183594,248.1234359576197,244.22783772705108,247.33635013275978,39777000
2025-10-17,251.36148071289062,252.4474806979352,246.3599669580113,247.1072067041429,49147000
2025-10-20,261.27484130859375,263.4069798400544,254.68918336894043,254.94822099113512,90483000
2025-10-21,261.8028869628906,264.3136317818121,260.86634411857244,260.9161783410852,46695900
2025-10-22,257.4988098144531,261.882609922878,254.4899051977633,261.6833338430701,45015300
2025-10-23,258.6246032714844,259.66078406832133,257.06040475940137,258.98329410338334,32754900
2025-10-24,261.8527526855469,263.1579290692685,258.2261343576155,260.2287466983284,38253700
2025-10-27,267.8207092285156,268.12956591820625,263.67601542509226,263.90517991319996,44888200
2025-10-28,268.0099792480469,268.89671830922975,267.1631014853557,268.00000632210845,41534800
2025-10-29,268.7074279785156,270.41112610592455,266.126933268734,268.28896033752676,51086700
2025-10-30,270.4011535644531,273.131090148023,267.49191714200913,270.98897852374654,69886500
2025-10-31,269.37493896484375,276.29937269597025,268.16940070155243,275.9705701844509,86167100
2025-11-03,268.05975341796875,269.8531467885877,265.2700709373508,269.424736694289,50194600
2025-11-04,269.0461730957031,270.49081837885313,266.6350661079627,267.3424445625432,49274800
2025-11-05,269.14581298828125,270.7000692568828,265.94760492323326,267.6214146886098,43683100
2025-11-06,268.7771301269531,272.3937751745226,266.90407480138714,266.90407480138714,51204000
2025-11-07,267.48193359375,271.2878818962731,265.7881780523408,268.80702532983145,48227400
2025-11-10,268.6986083984375,272.9869540449525,266.7339548671466,268.22988302493957,41312400
2025-11-11,274.5028381347656,275.1610502271484,269.06761990152603,269.0776024957972,46208300
2025-11-12,272.7276306152344,274.9815052844664,270.9624464716027,274.25347600982695,48398000
2025-11-13,272.2090759277344,275.9488963676571,271.3513946141157,273.36590026791555,49602800
2025-11-14,271.6705322265625,275.21088338895913,268.8681625557137,270.31420819279356,47431300
2025-11-17,266.73394775390625,269.7557213346742,265.00866346949266,268.09027174019775,45018300
2025-11-18,266.7140197753906,269.9751321987233,264.59977951795884,269.2570854665072,45677300
2025-11-19,267.8309631347656,271.47104873805114,264.77927226211665,264.80918960656476,40424500
2025-11-20,265.5272521972656,274.68232536305425,265.1981613886433,270.09480618650156,45823600
2025-11-21,270.7530212402344,272.5880228442522,264.9488429624803,265.22808167538,59030800
2025-11-24,275.1710205078125,276.24807542504453,270.164627965921,270.164627965921,65585800
2025-11-25,276.2181396484375,279.6188865292943,274.5028075356392,274.52274228722064,46914200
2025-11-26,276.79656982421875,278.7712060098946,275.8790842359358,276.2081750495132,33431400
2025-11-28,278.093017578125,278.2426042891834,275.2407657367699,276.5073375714406,20135600
2025-12-01,282.33148193359375,282.650620542313,275.390384584981,277.255303275414,46587700
2025-12-02,285.4131164550781,286.619823290159,281.86278279875575,282.231773534172,53669500
2025-12-03,283.378662109375,287.8365294074879,282.5309633672564,285.4231155973949,43538700
2025-12-04,279.93804931640625,283.9571086251454,277.8337611056945,283.32881389666403,43989100
2025-12-05,278.02325439453125,280.37686403379615,277.29522501275557,279.77848663840757,47265800
2025-12-08,277.1356506347656,278.9108174051644,275.4003533668138,277.374989388386,38211800
2025-12-09,276.4275817871094,279.2698514894354,276.16830825817004,277.40493251311347,32193300
2025-12-10,278.02325439453125,278.9906225605669,275.6896099437804,276.99605153243056,33038300
2025-12-11,277.2752380371094,278.83100071126506,273.06669274298736,278.342340640522,33248000
2025-12-12,277.52459716796875,278.4620479370953,276.0685689150702,277.14562382282355,39532900
2025-12-15,273.3658752441406,279.3894873363706,272.0993337942639,279.3894873363706,50409100
2025-12-16,273.8645324707031,274.752131096348,271.0522107383373,272.07941349564567,37648600
2025-12-17,271.10205078125,275.41033087528734,270.9026119684932,274.2634587890498,50138700
2025-12-18,271.45111083984375,272.8872042261758,266.22534517191764,272.86723904028526,51630700
2025-12-19,272.9271240234375,273.8545921928022,269.1673383776201,271.4112306527045,144632000
2025-12-22,270.2344665527344,273.1365711538121,269.775723721713,272.1193204151364,36571800
2025-12-23,271.62066650390625,271.7603010837797,268.8282792538215,270.1048034873943,29642000
2025-12-24,273.0667419433594,274.68233959340455,271.46112688748974,271.60073103225574,17910600
2025-12-26,272.6578063964844,274.6224597374741,272.11926379011726,273.4157529954652,21521800
2025-12-29,273.0168762207031,273.61522314661676,271.6107000753325,271.9497734782625,23715200
2025-12-30,272.33868408203125,273.3359694836473,271.54086793463244,272.06942798009953,22139600
2025-12-31,271.12200927734375,272.9370761103812,271.0123224859311,272.3187639976345,27293600
2026-01-02,270.2743225097656,277.0857683126949,268.2697691424855,271.52092924369913,37838100
2026-01-05,266.5345153808594,270.7729784841199,265.41756056202854,269.9053450243044,45647200
2026-01-06,261.6477966308594,266.82371056256306,261.40845786144683,266.27521573774703,52352100
2026-01-07,259.623291015625,262.964203143993,259.1047135716701,262.48552563718374,48309800
2026-01-08,258.33685302734375,258.5861744106298,255.00590778144198,256.32231677215987,50419300
2026-01-09,258.6659240722656,259.5036402038468,255.52448097015204,258.3767027680543,39997000
2026-01-12,259.54351806640625,260.5906555331263,256.1028713590674,258.45648066308013,45263800
2026-01-13,260.3413391113281,261.0992857475004,257.6885867541948,258.0176775418968,45730800
2026-01-14,259.25433349609375,261.10930037675524,256.0131555781144,258.78560808748875,40019400
2026-01-15,257.5090637207031,260.3313985459844,256.35220896361545,259.9424426175537,39388600
2026-01-16,254.8363494873047,258.1971965798445,254.23797213114116,257.1999111311508,72142800
2026-01-20,246.0303192138672,254.09835490933511,242.75922413209136,252.04394930256512,80267500
2026-01-21,246.97775268554688,250.8771427168815,244.51445623630568,248.02490552393743,54641700
2026-01-22,247.67584228515625,250.31864258405668,247.47637302553753,248.52352576906395,39708300
2026-01-23,247.36668395996094,248.7329754164565,244.01580413580567,246.6486524137701,41689000
2026-01-26,254.7166748046875,255.86354695988197,249.12190294519746,250.7973351598156,55969200
2026-01-27,257.5688781738281,261.23891141767155,257.50904348719195,258.4664593428383,49648300
2026-01-28,255.74388122558594,258.1572949521919,253.81911240916085,256.9505880888889,41288000
2026-01-29,257.5788879394531,258.94516415300217,253.7193980705993,257.29964922744847,67253000
2026-01-30,258.775634765625,261.1890484668085,251.49543285360957,254.47732177254832,92443400
2026-02-02,269.2770690917969,269.7557466562268,258.50636737104884,259.3241487899344,73913400
2026-02-03,268.7485046386719,271.1419837262723,266.88355520832346,268.4692659190308,64394700
2026-02-04,275.73944091796875,278.19278500760885,271.5508603406617,271.5508603406617,90545700
2026-02-05,275.1610107421875,278.7412615768201,272.48829324857786,277.3749854862336,52977400
2026-02-06,277.3650207519531,280.14745564173626,276.1782486476445,276.3677353153735,50453400
2026-02-09,274.13079833984375,277.70443813431814,271.2160169672847,277.41494619870406,44623400
2026-02-10,273.19244384765625,274.87943562430115,272.4537718732244,274.40031021957236,34376900
2026-02-11,275.00921630859375,279.6808719096702,273.9610989943363,274.2106536370846,51931300
2026-02-12,261.2637634277344,275.22883180172755,259.71650632997444,275.0990585104662,81077200
2026-02-13,255.32435607910156,261.7628783299504,254.9949421084194,261.5432690161623,56290700
2026-02-17,263.4099426269531,265.8156532326085,255.08478749757862,257.5903108294174,58469100
2026-02-18,263.8791198730469,266.3447212846438,261.9825104325609,263.13045584681157,34203300
2026-02-19,260.11578369140625,264.00886051677537,259.5867290635135,262.13220471573277,30845300
2026-02-20,264.1086730957031,264.2783836675007,257.7001265171608,258.50868117461044,42070500
2026-02-23,265.705810546875,268.95002088588865,262.91081074777924,263.0206001676805,37308200
2026-02-24,271.6552429199219,274.4003442568012,267.233111068832,267.38283777638213,47014600
2026-02-25,273.74151611328125,274.45024283739696,270.567157599074,271.29586819299504,33714300
2026-02-26,272.4637756347656,275.61811956353745,270.31758130113775,274.4602128097023,32345100
2026-02-27,263.70941162109375,272.3240439665745,262.4217314181026,272.3240439665745,72366500
2026-03-02,264.2484130859375,266.05518620599753,259.73647625260065,261.94253069595567,41827900
2026-03-03,263.2801818847656,265.08695529305965,259.6666350681776,263.0106738027697,38568900
2026-03-04,262.0523376464844,265.67587606267574,260.95432154975975,264.17854815272653,39803100
2026-03-05,259.8263244628906,261.09405110124777,256.79173142961054,260.3254337562426,49658600
2026-03-06,257.0013427734375,258.3090066542827,253.916851068475,258.16927189629365,41120000
2026-03-09,259.41705322265625,260.68477987096253,253.22808575123491,255.2345148744848,38218500
2026-03-10,260.3653564453125,262.01244158439727,256.4922936817907,257.19102845716964,30590800
2026-03-11,260.34539794921875,261.6630538494394,259.08763272962494,260.624897946549,26218900
2026-03-12,255.3043975830078,258.48873275942157,253.7272102811576,258.1992408199258,40794000
2026-03-13,249.6744384765625,255.87336762960538,249.07551643845036,255.024890934378,36930000
2026-03-16,252.36964416503906,253.43773019062647,249.4348789230203,251.66090222791988,32074200
2026-03-17,253.77711486816406,254.67552076289968,251.7307636559193,252.5093881906664,32361600
2026-03-18,249.49476623535156,254.48585937367065,248.55643828829037,252.1799767808244,35757900
2026-03-19,248.5165252685547,251.38140795985734,246.85947863088072,248.95572868612365,34864100
2026-03-20,247.54823303222656,248.75606899357115,245.56177255944445,247.53824109812177,88331100
2026-03-23,251.04200744628906,254.14646797882926,249.83415620831627,253.51758537106093,40546100
2026-03-24,251.1917266845703,254.37604644028636,249.10545347620703,249.90403139868116,45152300
2026-03-25,252.16998291015625,254.5457480998694,251.15181088451408,253.6473574345128,28476700
2026-03-26,252.43951416015625,256.5421934269488,250.32329549316128,251.67088153367666,41796700
2026-03-27,248.35679626464844,255.03488128462607,247.6281009352486,253.4477020992108,47900000
2026-03-30,246.19065856933594,250.4230956915925,245.07264337813007,249.62453299565456,39446200
2026-03-31,253.33790588378906,255.02489784868362,246.65983587287727,247.4683905467953,49598100
2026-04-01,255.1746368408203,255.72364490973627,252.8787309132899,253.6273948962928,40059400
2026-04-02,255.464111328125,255.6737439434535,250.20349485503914,253.74717405681358,31289400
2026-04-06,258.39886474609375,261.6930045642991,256.0031460821725,256.0530752925303,29329900
2026-04-07,253.0484161376953,255.7436185540334,245.2623079794448,255.70368128016966,62148000
2026-04-08,258.4388122558594,259.28730423338584,256.07303883918246,257.9896321241455,41032800
2026-04-09,260.0259704589844,260.6548530924392,255.61386101634736,258.5386343954405,28121600
2026-04-10,260.0159912109375,261.7229364827484,258.5585701252562,259.5168819122501,31291500
2026-04-13,258.73828125,259.71651601158027,256.2027973984465,259.2673359057164,36234700
2026-04-14,258.3689270019531,261.4634109961452,256.7318642110386,258.7881922504944,48370700
2026-04-15,265.95538330078125,266.08515659729386,257.35074355126085,257.7001261657452,49913500
2026-04-16,262.9307861328125,266.68409800240715,260.80457553569033,266.3247234477873,43323100
2026-04-17,269.7486267089844,271.8149160854778,266.24486962975914,266.4844323486072,61436200
2026-04-20,272.5635681152344,273.7913879220191,269.80850557942483,269.84841238867654,36590200
2026-04-21,265.69586181640625,272.3140256362382,264.9272139873882,271.0163536236942,50209800
2026-04-22,272.68341064453125,273.2523721409737,266.39461467279705,267.3429346055621,43249200
2026-04-23,272.9429016113281,275.2787294551341,271.1660737405759,274.56001085217736,33399600
2026-04-24,270.5771179199219,272.5735550213531,269.16962610782736,272.2741016414235,38157100
2026-04-27,267.1332702636719,267.88193422863776,264.59781690250213,265.6159889280984,41466800
2026-04-28,270.2277526855469,272.7432830913257,268.181416710472,271.8548539018017,40018900
2026-04-29,269.688720703125,270.55716597281076,266.56429174844374,267.07336249706583,30047900
2026-04-30,270.86663818359375,275.50834883767226,267.6623648300734,270.018146234023,91848200
2026-05-01,279.6409912109375,286.70836594964845,277.8741246788477,278.3632420760759,79915400
2026-05-04,276.3368225097656,280.13007120517506,274.3703307853319,279.16179801165765,46668400
2026-05-05,283.67376708984375,284.0630869835518,276.00745521106614,276.43668191704,49311700
2026-05-06,286.99786376953125,287.5169265187869,280.5693330033821,281.4178249779708,58336100
2026-05-07,286.927978515625,291.6096265406606,285.2709318587503,288.75470528792926,45224300
2026-05-08,292.7974853515625,294.2349225642168,289.48339230776435,289.49338424193445,52692800
2026-05-11,292.42779541015625,293.6267735875138,289.979924827367,291.72841688276577,42247300
2026-05-12,294.54595947265625,295.0155556946294,292.3078994315659,292.3078994315659,45748100
2026-05-13,298.6124572753906,300.6607090744109,293.24708951115105,293.24708951115105,52684300
2026-05-14,297.9530334472656,300.1911240450107,295.12548538387824,299.5616620172475,35324900
2026-05-15,299.9713134765625,302.93875555297063,296.26448829773227,297.643304079477,54862800
2026-05-18,297.5833435058594,300.4009207908792,294.6558756451712,299.98126929450746,34483000
2026-05-19,298.7123718261719,300.2510533099592,296.09463441963413,296.7140952726279,42243600
2026-05-20,301.98956298828125,302.5390768782648,297.82314269813475,297.9230626302997,38229800
2026-05-21,304.7271728515625,305.27671719779084,300.1411318265125,300.80056674721834,42965100
2026-05-22,308.55389404296875,311.13165741506583,305.57645096183757,305.85620846339293,43670200
2026-05-26,308.0643005371094,311.5513139598484,307.4048960873393,309.29325163060713,48000500
2026-05-27,310.5821533203125,312.9900803339556,308.0343323058515,308.0643052358437,50430900
2026-05-28,312.24072265625,312.5304508120942,309.30325358892543,310.412282475935,48220400
2026-05-29,311.7911071777344,314.7285763294451,309.2632884033746,311.5113496628706,70026800
2026-06-01,306.0460510253906,310.67206624496237,304.7571540774977,309.363197507879,48849900
2026-06-02,314.92840576171875,315.1781903378333,306.42572903356995,307.1950545511415,44534700
2026-06-03,309.9926452636719,316.6668815001487,308.5838566628498,313.9092501546009,50836700
2026-06-04,310.9618225097656,313.26982953176514,309.38316692864953,312.96009909963743,44869100
2026-06-05,307.0751647949219,314.8984348439246,306.8853260765596,312.5903972939029,65310500
2026-06-08,301.2801818847656,317.1265012321255,300.9105055796523,308.4739595974908,77949100
2026-06-09,290.29962158203125,300.4908444635933,287.5320194610898,300.0212482417878,70108800
2026-06-10,291.3287353515625,294.4960172141002,287.1323727394638,290.4894628291428,52793300
2026-06-11,295.375244140625,296.7440586571729,289.3404406054596,293.4668864344149,42572500
2026-06-12,290.879150390625,296.88398158337014,289.3704417369658,295.7749221682621,38742100
2026-06-15,296.1645812988281,297.5233947188816,291.4486474146935,293.8665449684006,45732600
2026-06-16,298.9821472167969,300.2210994929347,293.71669913987887,294.99559499590845,39874400
2026-06-17,295.6949768066406,301.8096980081642,294.10632015937927,300.59074812548096,42745100
2026-06-18,297.7532043457031,300.31099586682666,295.3652492546472,297.8530937792582,85962200
2026-06-22,296.75408935546875,302.1594314563154,296.5043047694293,297.05381866220307,44879900
2026-06-23,294.04638671875,301.3800886038737,293.9264950024863,297.2836155142734,52010900
2026-06-24,292.8274230957031,299.4417438827621,292.68755959702736,295.1054570720635,53081900
2026-06-25,274.91290283203125,288.55113481081804,273.5141152813601,287.1523472601469,107013700
2026-06-26,283.53546142578125,285.70360492137456,273.9737007161028,274.7630284991681,261775500
2026-06-29,281.4972229003906,288.12151489662153,279.6088673150861,286.4829438934296,66427000
2026-06-30,289.11065673828125,289.69017405322865,280.45814550695326,280.9277417485351,65100200
2026-07-01,294.1263427734375,296.33442991747245,288.95081360688545,293.1871503157195,50164200
2026-07-02,308.3640441894531,309.15337194761725,293.4269150966668,293.866538367699,75352800
2026-07-06,312.3905944824219,313.9292760509671,306.7354678654279,307.0951430290638,53590000
2026-07-07,310.3923034667969,315.20815732134815,309.88273318392555,315.0183186077797,42490000
2026-07-08,313.1199645996094,314.5487250421545,306.7854009831778,311.6412289475945,41323500
2026-07-09,315.947509765625,316.2572401947346,307.8944576262147,310.24243869469103,48124500
2026-07-10,315.0483093261719,316.6369356310425,311.9010296470402,314.4488202226986,34132300
2026-07-13,317.03656005859375,323.171283634363,315.5078797345754,316.7468014245228,43257800
2026-07-14,314.58868408203125,315.91755515351207,311.64124426456783,313.48965629761443,36336800
2026-07-15,327.2178039550781,328.44675508114506,317.0465830462295,317.34631234952286,60957600
2026-07-16,332.97283935546875,334.3915986652446,326.50841333986017,327.72736328456057,62970600
2026-07-17,333.452392578125,334.7013154010385,328.71648699084636,331.693929977533,63407100
2026-07-20,326.3085632324219,333.4224228207836,323.4010672140761,333.2226134619852,53468000
2026-07-21,327.45758056640625,329.3159936819017,321.94234806189104,322.85156758462244,41338900
2026-07-22,325.60919189453125,328.7164973399543,323.0613709608057,327.58746619388995,38755900
2026-07-23,321.3828430175781,323.0214140443725,319.0748358849152,321.4527900194849,40840800
2026-07-24,332.7330322265625,334.0818750563203,321.3428614810286,321.5127284115298,47489400
2026-07-27,336.61968994140625,339.277401491225,333.73216560461384,334.2517370375488,49604300
2026-07-28,339.78692626953125,342.59453283396704,335.31080637618777,339.73698155301014,51859000
2026-07-29,337.8985900878906,344.2730974331505,337.0593175600121,339.43727163464206,56090800
2026-07-30,333.1426696777344,334.4615395264105,329.30598233808786,332.8129674612056,74817800
2026-07-31,308.6438293457031,310.4222943774597,299.7415030462749,304.54735603914753,132489100
2026-08-03,303.1585693359375,311.5313230344714,302.29929450581176,309.313234694189,75052000
2026-08-04,309.1134033203125,310.1525156602479,301.0603512911937,302.46913991298527,68001000
2026-08-05,310.7320251464844,311.4414048335362,305.40663118634393,309.09342362565195,49438800
2026-08-06,312.14080810546875,316.0174696892129,308.96355554648414,314.06913775686996,46139900
2026-08-07,313.05999755859375,314.53873325457766,310.47223295908327,311.1816431226555,34437200
2026-08-10,308.260009765625,308.260009765625,304.6099853515625,306.8299865722656,44812500
2026-08-11,304.9100036621094,309.9700012207031,302.7900085449219,307.75,37476700
2026-08-12,302.25,305.6600036621094,300.57000732421875,305.1000061035156,41657800
2026-08-13,305.260009765625,306.0,302.04998779296875,304.2099914550781,40349300
2026-08-14,305.92999267578125,307.489990234375,304.29998779296875,306.0,28229400
2026-08-17,305.5899963378906,307.6600036621094,302.94000244140625,306.2099914550781,38169300
2026-08-18,310.0299987792969,311.489990234375,305.739990234375,307.5799865722656,53424500
2026-08-19,316.8299865722656,319.2799987792969,309.6000061035156,310.1400146484375,50505600
2026-08-20,311.29998779296875,320.2799987792969,310.6499938964844,317.4599914550781,40959200
2026-08-21,309.3500061035156,312.3800048828125,307.010009765625,312.04998779296875,46876800
2026-08-24,310.3399963378906,313.3599853515625,309.9700012207031,311.4700012207031,34673600
2026-08-25,309.8999938964844,313.5899963378906,308.2099914550781,310.7900085449219,25869800
2026-08-26,313.45001220703125,315.42999267578125,308.79998779296875,310.29998779296875,34024500
2026-08-27,314.5799865722656,315.3999938964844,309.3999938964844,310.54998779296875,32419200
2026-08-28,319.70001220703125,322.3699951171875,315.45001220703125,316.8500061035156,38649400
2026-08-31,316.8500061035156,321.239990234375,312.79998779296875,319.6000061035156,41242700
2026-09-01,325.1300048828125,327.29998779296875,314.7300109863281,316.9800109863281,53167400
2026-09-02,324.9599914550781,328.3999938964844,323.5299987792969,326.8699951171875,33776400
2026-09-03,328.2099914550781,330.80999755859375,324.1099853515625,324.8699951171875,37225800
2026-09-04,319.9700012207031,328.92999267578125,317.8599853515625,328.30999755859375,39606900
2026-09-08,316.2200012207031,320.70001220703125,314.8999938964844,317.1000061035156,35477100
2026-09-09,315.3399963378906,319.1499938964844,309.8999938964844,315.489990234375,65640000
2026-09-10,326.57000732421875,326.739990234375,316.510009765625,316.6700134277344,70011900
2026-09-11,332.2699890136719,336.2200012207031,326.29998779296875,327.45001220703125,50716900
2026-09-14,333.0799865722656,335.5,331.3399963378906,334.7900085449219,39269100
2026-09-15,331.3399963378906,331.7799987792969,328.3500061035156,330.1400146484375,31748200
2026-09-16,332.4100036621094,335.4800109863281,330.70001220703125,332.5299987792969,35981000
2026-09-17,337.0,338.3399963378906,330.17999267578125,334.7699890136719,36700200
2026-09-18,336.1300048828125,338.489990234375,332.5299987792969,337.9100036621094,86588200
2026-09-21,338.9800109863281,339.6400146484375,333.04998779296875,335.2799987792969,34999200
2026-09-22,339.75,345.3399963378906,338.75,340.1400146484375,40711800
2026-09-23,337.0199890136719,341.79998779296875,335.5,341.0799865722656,31658800
2026-09-24,335.9200134277344,338.9100036621094,334.29998779296875,336.7200012207031,24733100
2026-09-25,341.07000732421875,341.6700134277344,334.5299987792969,336.0400085449219,30002500
2026-09-28,338.3999938964844,342.989990234375,338.0400085449219,340.3699951171875,32820800
2026-09-29,329.3999938964844,337.0899963378906,328.70001220703125,336.9700012207031,38478000
2026-09-30,333.0199890136719,339.5,330.1400146484375,330.79998779296875,49931500
